Genus	PRISM.7122	PRISM.7147	PRISM.7150	PRISM.7153	PRISM.7184	PRISM.7238	PRISM.7406	PRISM.7408	PRISM.7421	PRISM.7445	PRISM.7486	PRISM.7496	PRISM.7506	PRISM.7547	PRISM.7658	PRISM.7662	PRISM.7744	PRISM.7759	PRISM.7762	PRISM.7776	PRISM.7791	PRISM.7843	PRISM.7847	PRISM.7852	PRISM.7855	PRISM.7858	PRISM.7860	PRISM.7861	PRISM.7862	PRISM.7870	PRISM.7874	PRISM.7875	PRISM.7879	PRISM.7897	PRISM.7899	PRISM.7904	PRISM.7906	PRISM.7908	PRISM.7909	PRISM.7910	PRISM.7911	PRISM.7912	PRISM.7938	PRISM.7941	PRISM.7947	PRISM.7948	PRISM.7955	PRISM.7971	PRISM.7989	PRISM.8095	PRISM.8096	PRISM.8101	PRISM.8106	PRISM.8129	PRISM.8226	PRISM.8244	PRISM.8264	PRISM.8275	PRISM.8283	PRISM.8332	PRISM.8336	PRISM.8361	PRISM.8374	PRISM.8377	PRISM.8406	PRISM.8441	PRISM.8444	PRISM.8447	PRISM.8452	PRISM.8458	PRISM.8462	PRISM.8464	PRISM.8466	PRISM.8467	PRISM.8475	PRISM.8480	PRISM.8483	PRISM.8485	PRISM.8496	PRISM.8502	PRISM.8503	PRISM.8511	PRISM.8513	PRISM.8515	PRISM.8523	PRISM.8534	PRISM.8537	PRISM.8550	PRISM.8564	PRISM.8565	PRISM.8573	PRISM.8577	PRISM.8589	PRISM.8591	PRISM.8592	PRISM.8605	PRISM.8624	PRISM.8628	PRISM.8629	PRISM.8667	PRISM.8675	PRISM.8683	PRISM.8692	PRISM.8696	PRISM.8728	PRISM.8734	PRISM.8735	PRISM.8746	PRISM.8749	PRISM.8753	PRISM.8754	PRISM.8758	PRISM.8764	PRISM.8765	PRISM.8774	PRISM.8776	PRISM.8778	PRISM.8783	PRISM.8784	PRISM.8785	PRISM.8788	PRISM.8789	PRISM.8794	PRISM.8795	PRISM.8800	PRISM.8802	PRISM.8803	PRISM.8805	PRISM.8806	PRISM.8807	PRISM.8809	PRISM.8815	PRISM.8841	PRISM.8843	PRISM.8844	PRISM.8846	PRISM.8847	PRISM.8849	PRISM.8878	PRISM.8882	PRISM.8892	PRISM.8894	PRISM.8898	PRISM.8924	PRISM.8932	PRISM.8982	PRISM.8998	PRISM.9010	PRISM.9018	PRISM.9030	PRISM.9033	PRISM.9074	PRISM.9079	PRISM.9126	PRISM.9148	Validation.LLDeep_0001	Validation.LLDeep_0003	Validation.LLDeep_0010	Validation.LLDeep_0011	Validation.LLDeep_0012	Validation.LLDeep_0015	Validation.LLDeep_0018	Validation.LLDeep_0021	Validation.LLDeep_0022	Validation.LLDeep_0024	Validation.LLDeep_0026	Validation.LLDeep_0027	Validation.LLDeep_0028	Validation.LLDeep_0029	Validation.LLDeep_0030	Validation.LLDeep_0033	Validation.LLDeep_0034	Validation.LLDeep_0037	Validation.LLDeep_0039	Validation.LLDeep_0043	Validation.LLDeep_0047	Validation.LLDeep_0052	Validation.UMCG0333264	Validation.UMCG1180653	Validation.UMCG1576297	Validation.UMCG1705352	Validation.UMCG1708847	Validation.UMCG2023308	Validation.UMCG2136686	Validation.UMCG2739287	Validation.UMCG2788516	Validation.UMCG3243705	Validation.UMCG3299495	Validation.UMCG3321127	Validation.UMCG3595094	Validation.UMCG3748218	Validation.UMCG4000898	Validation.UMCG4081271	Validation.UMCG4268471	Validation.UMCG4722506	Validation.UMCG4789724	Validation.UMCG4851027	Validation.UMCG5113553	Validation.UMCG5308346	Validation.UMCG5437940	Validation.UMCG5613882	Validation.UMCG5792346	Validation.UMCG5921444	Validation.UMCG6047689	Validation.UMCG6054655	Validation.UMCG6262744	Validation.UMCG6628208	Validation.UMCG6720116	Validation.UMCG6738619	Validation.UMCG6868484	Validation.UMCG6966873	Validation.UMCG7115152	Validation.UMCG7198526	Validation.UMCG7563651	Validation.UMCG8089650	Validation.UMCG8255148	Validation.UMCG8438880	Validation.UMCG9119812	Validation.UMCG9189151	Validation.UMCG9830707
k__Bacteria|p__Actinobacteria|c__Actinobacteria|o__Actinomycetales|f__Micrococcaceae|g__Rothia	0	9.4e-6	0	0	0	0	5.21e-4	5.84e-5	1.036e-4	0	0	3.57e-5	5.6e-6	3.37e-5	4.82e-5	0	0	0	2.45e-5	3.41e-5	0	0	0	0	0	0	2.4e-5	0	0	0	0	0	0	2.74e-5	0	0	0	0	0	0	0	7.87e-5	0	0	0	0	0	0	4.318e-4	0	0	0	0	4.46e-5	0.0028929	0	6.654e-4	0	0	6e-7	2.541e-4	0	0	0	2.66e-5	2.778e-4	0	0	0.0037121	0	9.77e-5	0	0	0	0	0	0	0	0	0	0	0	0	0	0	0.0020701	0	0	0	0.0010742	0	0	3.39e-5	0	0	0	0	6.799e-4	1.463e-4	0	1.55e-4	1.524e-4	0	1.027e-4	2.4e-6	2.95e-5	0.0024911	1.424e-4	5e-6	0	5.42e-5	0	2.2e-5	4.145e-4	0	1.79e-5	0	8.1e-5	0	0	6.11e-5	0	1.055e-4	0	3.54e-5	0	6.957e-4	4.98e-5	2.027e-4	0	2.269e-4	0	1.95e-4	2.31e-5	0	2.005e-4	4.28e-5	3.11e-5	0	0	0	0	0	0	1.778e-4	0	0	0	0	0	0	0	0	2.288e-4	0	0	0	0	0	0	0	0	0	0	0	0	0	0	0	0	0	0	0	0	0	0	0	0	0	0	0	0	0	0	0	0	0	0	0	0	0	0	0	0	0	0	0	0	0	0	0	0	0	0	0	0	0	0	0	0	0	0	0	0	0	0	0	0	0	0
k__Bacteria|p__Actinobacteria|c__Actinobacteria|o__Actinomycetales|f__Propionibacteriaceae|g__Propionibacterium	0	0	0.0017539	0	0	0	0	0	0	0	0	0	0	0	0	0	0	0	0	0	0	1.6e-5	0	0	0	0	0	0	0	0	1.938e-4	0	0	0.0081534	0	0.0015925	0	0	0	0	0	0	0	0	0	0	0	0	0	0	0	0	0	0	0	0	0	0	0.001523	0	0	0	0	0	0	0	0	0	0	0	0	0	0	0	0	0	0	0	0	0	0	0	0	0	5.238e-4	0	0	0	0	0	0	0	0	0	2.684e-4	0	0	0	0	0	1.36e-5	0	0	0	0	1.47e-5	0	0	0	0	7.27e-5	0	0	0	0	0	0	0.006482	6.54e-5	0	0	0	0	0	0	0	1.79e-5	0	0	0	2.972e-4	0	0	0	1.537e-4	0	0	0	0	0	0	0	0	0	0	0	0	0	0	2.866e-4	0	0	0	0	0	0	0	0	0	0	0	0	0	0	0	0	0	0	0	0	0	0	0	0	0	0	0	0	0	0	0	0	0	0	0	0	0	0	0	0	0	0	0	0	0	0	0	0	0	0	0	0	0	0	0	0	0	0	0	0	0	0	0	0	0	0	0	0	0	0
k__Bacteria|p__Actinobacteria|c__Actinobacteria|o__Bifidobacteriales|f__Bifidobacteriaceae|g__Bifidobacterium	1.338e-4	9.83e-5	0.1473275	8.45e-5	1.236e-4	0.1618942	1.4120000000000002e-4	1.041e-4	2.0419999999999998e-4	0.0017785000000000001	0.09802280000000001	0.4519005	0.0128723	0.011644400000000001	0.1353153	0.0436848	1.134e-4	0.1704222	0.1633204	0.3709468	0.13313170000000002	0.3293099	0.0999253	0.0134932	0.0203197	0.12845779999999998	0.1464142	4.7799999999999996e-5	5.51e-5	0.0929638	0.1533837	0.0418485	0.0455753	0.5427166999999999	3.07e-5	1.35e-5	0.0400041	1.22e-5	0.2502623	0.1511824	1.1420000000000001e-4	0.065308	0.005257	0.0018344000000000001	0.0059736	0.094904	0.10283120000000001	3.4290000000000004e-4	1.708e-4	0.3282807	0.0701986	0.032034	0.1459733	0.1866181	0.1021107	9.46e-5	0.010982	0.1538602	0.0651783	1.373e-4	5.77e-5	0.2180048	4.05e-5	0.0485318	0.0309346	0.0658258	0.0183125	0.1057556	0.004567	0.053007	0.3004848	1.32e-5	0.0651915	0.018435	0.0025919	0.0027748	0.0118373	0.027575500000000003	1.369e-4	0.0588988	0.0400914	0.2789168	0.0016022	0.34244179999999996	0.0229526	8.636e-4	0.0155192	5.3400000000000004e-5	0.20171119999999998	8.902000000000001e-4	0.1633213	0.0223362	0.043458500000000004	9.449999999999999e-5	0.1798986	0.10755200000000001	1.795e-4	1.601e-4	0.0029971	0.1943255	0.567643	0.0380449	1.82e-4	0.0490889	0.0416572	0.07295539999999999	0.07206800000000001	8.79e-5	0.0032655	0.033576	0.0327207	0.373167	0.0964773	0.0432696	0.0239177	0.0252346	0.0404877	8.2e-5	2.27e-4	0.0260637	1.296e-4	0.17779679999999998	0.014082800000000001	4.7000000000000004e-5	0.176108	1.035e-4	7.68e-5	0.0013583999999999998	4.8700000000000005e-5	0.0376103	1.591e-4	4.61e-5	0.0478308	0.0039086	3.1400000000000004e-5	0.2552016	0.0042107	0.2817882	0.0168233	0.0414275	0.8429036	0.0756906	0.018541799999999997	0.1829161	0.0706372	0.0231542	0.0085222	0.024479499999999998	0.0865825	0.1615405	0.5838031	0.11586919999999999	2.26e-5	0.007284	0.006083099999999999	0.0478767	0.159213	0.2030652	0.2298122	0.1269284	0.16999620000000001	0.046782000000000004	0.0658962	0.1198762	0.1335354	2.816e-4	0.0970997	0.1131071	0.194806	0.0713003	0.19394440000000002	0.2638629	0.407199	8.524e-4	0.4718206	0.3083847	0.1027411	0.2647834	0.1207507	4.55e-5	0.12253789999999999	0	0.0183197	0.1302034	0.1663893	0.0378526	0.1341032	0.0692414	0.3927006	0.5379351	0.20483279999999998	0.0602128	0.1254424	0.0028061	0.38540420000000003	0.2853522	0.1922738	0.0981876	0.114689	0	0.6435397	0.2634315	0.3484005	0.1899953	0.316151	0.0111787	0.0042142	0.19634659999999998	0.1509084	0.2595573	0.1941761	0	0.0894515	0.1196424	0.0333843	0.3173913	0.1519803	0.2003073	0	0.1704805
k__Bacteria|p__Actinobacteria|c__Actinobacteria|o__Coriobacteriales|f__Coriobacteriaceae|g__Adlercreutzia	0.0099457	0.0126869	0.0130885	0	0.0019697	0	0	0	0	0	0.0012163	0.0018626	0.0027257	0.0206406	0.0010595	0.0098968	0	0	0.0071009	9.315e-4	0.0069834	0	4.123e-4	0.0027957	1.335e-4	0.0116951	0.0019109	0.0099175	0.005603	0.0027557	0.0047151	0	0.0012862	0.0014116	0.005078	0.0063506	0.012216	0	0.0056102	9.484e-4	0.0013563	0.0044139	0	0	0	0	0.0024492	0	0	0	1.397e-4	0.0066783	0	0	0	0.0021086	0	9.136e-4	0.004958	0.002436	0	0	0	9.189e-4	0	0.0039105	0.0016331	0.0074972	0	0.0311985	0.025391	0	8.321e-4	0.0045902	0	0	6.683e-4	0	0	0	0.0035315	0	0	0.0074325	0	0	0	0	0	0	8.6e-5	0.0033242	0.001747	0	0.0037257	0.0010489	0	0.002532	0	6.296e-4	0	1.156e-4	0.0021952	8.632e-4	0.0010057	0.0027286	1.879e-4	0	0	0	0.0022935	0	7.313e-4	3.834e-4	0.0046833	0.0017515	0.0020411	0.005111	0.0038621	0.0022436	4.369e-4	0.0021929	0.0027243	0	4.559e-4	8.914e-4	0.0052089	4.3e-6	0	0	0	0	1.2e-4	0	0	0	1.982e-4	0	0.0018355	0	0	0.0011697	2.043e-4	0.0010551	0	5.222e-4	0	0.0052141	0	0	2.089e-4	0	0.0071992	0.0024804	0.0029844	3.737e-4	0	0	0.0017112	3.828e-4	0.0034748	0	0.0022923	0.0032412	7.159e-4	0.0044237	0.002043	0.0018923	0.0062193	0.0049912	2.48e-4	0.0017697	0.0023035	0	0.0017667	0	0.0053963	1.9e-6	4.414e-4	0	0	9.457e-4	0	6.347e-4	0	0	2.378e-4	0	0	0	0	0.0027699	0.004572	0	0	0.0083584	0	0	0	0	0	0	0.0017392	0.0018181	2.44e-4	0	0	1.549e-4	0.0078872	1.521e-4	2.028e-4	0	0	5.972e-4	0	0.0023458	0	4.769e-4	0.0113682	0
k__Bacteria|p__Actinobacteria|c__Actinobacteria|o__Coriobacteriales|f__Coriobacteriaceae|g__Collinsella	0	9.1e-6	3.16e-5	0	0.0243928	0	2.61e-5	0.0489601	0	0	0.0281677	0.118571	0.0143373	0	0.0047563	0.027034600000000002	0.0259785	0	0.0571884	0.107642	0.0455346	0.0092293	0.0143064	0.009748000000000001	0	0.001542	0.0593577	0.0942578	0.0026247	0	0.0431496	0	0.0555175	0.0364307	0	0.0152772	0	0.0094099	0.0310635	0.0247354	0.0119764	0.0142136	0	0	1.83e-5	0	0.0210963	0	0.0029756	0.0521297	0	0.0152783	0	0	0	0.0173682	0	0.132664	0.0263099	0.0178535	0	0.054436200000000004	0.039798	0	0.0777548	0.0127197	0.022456	0.1071283	4.736e-4	0	0.0414423	0	0.0395669	0	0.001971	0	0.0356453	0.0141248	0.0720354	0	0.0280751	0	0	0.302578	0.0040273	0	0	0	0	1.433e-4	0.0374863	0.0334141	0.018897	0	0	0.0596346	0.0461562	0.0302965	0	0.0137573	0	0.0038421	0.0088042	0	0.0192285	0.006145	0.008537699999999999	4.98e-5	0.0015891	0.025957	0.0228941	1.7e-6	0.0220896	0.0088399	0.0051455	0.0126946	0.0087636	1.83e-5	2.4e-6	0.0105428	1.17e-5	0.0179225	1.92e-5	0	0.0232995	0.0038943	5.2e-6	2.05e-5	1.1e-6	6.1e-6	4.8e-6	1.2e-5	0.0080958	0.0297923	4.749e-4	4.7e-6	0.0037246	1.67e-5	0.0195773	0	0	0.0551253	0.044292	0.0152303	0	0.0307967	0	0	0.0087612	0.0451764	0.0360316	0	0	0.0363345	0.0258954	0.021514	0	0	0.0344349	0.0465719	0.0433859	0.0452473	0.0153541	0.0262804	0.0364047	0.0819103	0.0164875	0.0680018	0.0300496	0.0585815	0.0311893	0.088077	0.0099843	1.238e-4	0.130733	0.021648	0.0197843	0.0453545	0.120117	0	0.0402604	0	0	0.0550902	0.0629983	0	0.0310332	0.0466778	0	0.134067	0	0.02174	0.117447	0	0.062377499999999995	0	0.0038374	0.0107364	0	0	0	0.0876038	0.0392611	0.021141	0	0.052726999999999996	0	0.0572178	0.0240243	0.0759389	0.0323018	0	0	0.125463	0	0.1680472	0	0	0	0
k__Bacteria|p__Actinobacteria|c__Actinobacteria|o__Coriobacteriales|f__Coriobacteriaceae|g__Eggerthella	0.0077421	0.0028688	0.0377065	0.0084934	0.0020117	0	0	0.004279099999999999	0.0177398	4.05e-5	9.744e-4	7.547e-4	0.0045952	0.0083884	0.0010714	4.897e-4	9.649000000000001e-4	0.0132018	0.014806999999999999	8.71e-4	0.005861699999999999	4.27e-5	0.002052	0.0018417	0.003232	0.0029417000000000002	0.0038776	0.002332	0.010535200000000002	0.0021934	9.14e-4	5.079e-4	7.8e-6	4.994999999999999e-4	4.642e-4	0.0014001	5.514e-4	7.6e-5	0.0021159	9.21e-5	0.0134546	1.757e-4	0	0.0119712	0	0.0142593	3.405e-4	0	0	0	0.0051821	0.0015122	0	0.0179006	0.0019643	0.0036318	5.18e-5	0.007896799999999999	0.0012682	3.127e-4	0	0.028823	0.0031061	0.0758842	0.0044965000000000005	4.7650000000000004e-4	2.2e-5	4.545e-4	0	0.0117418	0.019023699999999998	0.014247	0.0021255	0.0030913	8.04e-5	0	0.0044115000000000005	5.199e-4	0.0063552	0.0132453	0.0011145999999999999	0.035482	0.0066499	0.0815432	0	0	0	9.273e-4	0.0222672	0	0.0065952	9.681000000000001e-4	1.98e-4	0	0.0157311	0.0014756	0.0081777	0.0020289	0	0.0068464	0.0195647	2.403e-4	4.77e-5	0.0068105	7.26e-5	0.0028921999999999997	7.341e-4	0	0	0.0011665	1.9270000000000002e-4	0	6.957e-4	6.35e-5	9.5e-4	1.375e-4	1.9559999999999998e-4	0.0060787	0.0088484	9.56e-5	3.18e-5	2.55e-5	0.0044832000000000006	0.0118376	3.017e-4	0.0027234	0.0043963000000000006	0.014310699999999999	2.1e-6	0	0	0	2.247e-4	0.0023257	1.559e-4	0.009113300000000001	0.0200515	0	0.0010631	0	0.0027092	8.533e-4	5.056e-4	0.0132187	0	6.873000000000001e-4	0.013593899999999999	5.823e-4	2.913e-4	0.0114204	8.57e-5	0	0.0018454	0.0020625	7.418e-4	0	0.0076893	0.0329554	1.107e-4	1.042e-4	2.855e-4	8e-6	7.692e-4	2.46e-5	1.047e-4	4.296e-4	5.321999999999999e-4	3.0369999999999996e-4	0.0046695	2.025e-4	0.0012752	8.23e-5	2.931e-4	0.0528239	7.63e-5	1.631e-4	0.004113	1.8e-5	0	0.005493799999999999	0	8.5e-6	0.0218804	0.009408300000000001	0.0057034	0	2.44e-4	0	0.0074441	0.0096033	4.748e-4	5.501e-4	0.007973899999999999	0	7.753e-4	0.0027233	0	0.0064297	0.0079192	0.0229671	0.0269657	0.0112506	4.37e-4	0.0012531	0.0396528	3.686e-4	0.07218369999999999	3.15e-4	0.0046147	6.648e-4	7.28e-5	4.2e-4	0.028722300000000003	0.0052833	0	0	0.035431700000000003	0.0139046	6.292e-4	0.0175026
k__Bacteria|p__Actinobacteria|c__Actinobacteria|o__Coriobacteriales|f__Coriobacteriaceae|g__Gordonibacter	5.32e-4	5.071e-4	0.0106071	4.977e-4	5.973e-4	0	0	7.78e-5	0	0	0	1.587e-4	3.42e-5	0.0023911	9.9e-6	5.004e-4	0	0	0	4.93e-5	0.0013375	1.45e-5	4.106e-4	1.68e-5	0.0044658	0.0038438	2.66e-4	0.0038921	0.0020928	0.0016918	0.007504	0	1.265e-4	0.0013555	3.146e-4	0.0013917	0.0018616	0	0.0061923	6.9e-6	0.0038828	0.0026707	0	0	0	6.941e-4	6.204e-4	0	0	0	0	6.073e-4	0	3.03e-4	0	0.0013141	0	2.189e-4	2.51e-5	1.801e-4	0	0	5.53e-5	3.74e-4	0	4.907e-4	0	4.61e-5	0	0	0	0	1.15e-5	0	0	0	1.067e-4	0	0	0	3.183e-4	0.0018521	0	6.73e-4	0.0024071	0	0	0	0	0	2.213e-4	6.77e-5	0.0069315	0	0	0	8.949e-4	4.986e-4	0	0.0016701	0	2.2e-6	1.585e-4	0	1.1e-4	0	0	0	0	0	3.474e-4	0	0.0011805	6.65e-5	4.631e-4	0.0025393	3.594e-4	0	0.0028045	0.0010744	0	9.8e-6	0	2.314e-4	0	0.0014493	2.688e-4	0	0	0	0	0	0	7.02e-5	0	3.403e-4	1.945e-4	0	1.36e-4	0	0	3.7e-6	2.664e-4	0.0015206	0	4.5e-6	0	0.0010552	0	0	0	0	0	0	6.15e-4	0	0.0021582	0.0161932	2.55e-4	0	1.593e-4	8.54e-5	2.794e-4	3.78e-5	0	0.0011669	5.075e-4	0	9.212e-4	1.954e-4	6.89e-5	2.78e-5	2.015e-4	0.0019227	0.001737	1.975e-4	0.001821	0	0	0	0	1.416e-4	2.11e-5	0.0019953	0	0	0	0	0.0042801	0.0016787	8.027e-4	0.0035288	0.0109623	0	7.182e-4	5.001e-4	0	1.346e-4	3.727e-4	0	0	0.0018645	0.003892	8.529e-4	0	0	0.0018469	0	0.0054373	0	8.964e-4	0.0084234	0.0061308	0	0	0	0.0031847	4.662e-4	0.0056275	7.803e-4
k__Bacteria|p__Actinobacteria|c__Actinobacteria|o__Coriobacteriales|f__Coriobacteriaceae|g__Slackia	0	0	0	0	0	0	0	0	0	0	0	0	0	0	0	0.0010951	0	0	0	0	0	0	0	0	0	0	0	0	0	0.0118543	0.003794	0	0	0	0	0	0	0	0	0	0	0	0	0	0	0	0	0	0	0	0	0	0	0	0	0	0	0	0	0	0	0	0	0	0	0	0	0	0	0	0	0	0	0	0	0	0	0	0	0	0	0	0	0	0	0	0	0	0	0	4.44e-5	0	0.0022446	0	0	0	0	0	0	0	0	0.0032888	0	0	0.0045505	0	0	0	0	0	0	0	0	0	0	0	0	0	0	0	0	0	0	0	0	0	0	0	0	0	0	0	0	0	0	0	0	0	0	0	0	0	0	0.001953	0	0	0	0	0	0	0	0	0	0	0	0	0	0	0.0025603	6.013e-4	0	0	0	0.0028916	0	0	0	0	0	0	0	0	0	0	0	0	0	0	0.002724	0	0	0	0	0	0	0	0	0	0	0	0.002848	0	0	0	0	0	0.0047578	0	0	0	0	0	0	0	0	0.0146296	0	0	0	0	0	0	0	0	0	0	0	0	0	0
k__Bacteria|p__Bacteroidetes|c__Bacteroidia|o__Bacteroidales|f__Bacteroidaceae|g__Bacteroides	0.33682840000000003	0.1765584	0.1745402	0.3254788	0.049745399999999995	0.28265989999999996	3.984e-4	0.33339430000000003	0.06962560000000001	0.0023299	0.0474312	0.0026562	0.4031401	0.1045182	0.0227914	0.1036744	0.024599799999999998	0.0110627	0.07668420000000001	0.0072215	0.0158566	0.0027212	0.16977230000000001	0.1237878	0.162944	0.0573649	0.18025370000000002	0.052189400000000004	0.0667665	0.0233416	0.0594096	0.005508000000000001	0.048434200000000004	0.0028054	0.2590278	0.10131079999999999	0.0229175	0.042977	0.0586263	0.0308106	0.0182959	0.1205464	1.978e-4	2.4400000000000002e-4	0.0934165	0.1437429	0.017228399999999998	5.26e-5	0.1791808	0.1670718	0.1787322	0.0909952	0	0.0273125	0.1901545	0.1611617	0.0017463	0.0504162	0.1856809	0.087567	1.2450000000000002e-4	0.0113198	0.1051346	0.0659642	0.1390596	0.0632049	0.0680708	0.0098035	0.0116068	0.0692447	0.0544546	0	0.20173660000000002	0.18815179999999998	0.1018907	0.0820338	0.015134300000000002	0.5807072	0.0193062	0.134793	0.0643584	7.8e-6	0.3013007	0.0111051	0.2418175	1.565e-4	3.139e-4	3.072e-4	0.039936	0.0202054	0.0058189	0.0694994	0.0042694	1.9060000000000003e-4	0.0036985	0.3384064	0.1349535	0.0716263	4.143e-4	0.4702149	1.155e-4	0.0014701	0.2011863	0.2487671	0.0497002	0.15330280000000002	0.0725815	4.082e-4	0.2149204	0.3441066	0.1177791	1.869e-4	0.1265898	0.021164	0.1672928	0.022811500000000002	0.1384771	0.2229204	0.14539380000000002	0.30956490000000003	0.0903141	0.0444724	0.08703430000000001	0.2297653	0.11803759999999999	0.16453299999999998	0.2649343	9.253999999999999e-4	2.151e-4	2.683e-4	0.0010169	2.398e-4	0.1095827	0.3853769	0.3243902	0.0200644	0.2287426	3.5e-4	0.4746833	0.0607163	5.981e-4	0.2656167	0.1292691	0.0340112	4.476e-4	0.2184602	0.4677663	0.0923239	0.1158412	0.1737473	0.011006799999999999	0	0.1224527	0.3051185	0.2889881	0.0555023	0.0685574	0.1438818	0.1787619	0.0345868	0.0356116	0.0314289	0.1243877	0.0827638	0.0139316	0.0019191	0.0413768	0.0406457	0.0225523	0.0122261	0.0831366	0.0026705	0.0410908	0.0054131	6.597e-4	0.0425895	0.0353369	0.0124186	0.006188	0.4766527	0.0697649	0.0466639	0.1074729	0.0813723	0.2103497	0	0.0449123	0.29047290000000003	0.0895368	0.0295452	0.0182003	0.10748390000000001	0.0397226	0	0.0128446	0.10928689999999999	0.0257183	0.2324417	0.32101	0.109766	0	0.1006716	0.0174579	0.022167299999999997	0.0979854	0.011222900000000001	0.056637599999999996	0.0507974	0.0532437	0.0520734	0.00435	0.113181	0.062596	0.12389900000000001	0	0.0144172	0.0506394	0.1381983	0.0863652	0.2030492
k__Bacteria|p__Bacteroidetes|c__Bacteroidia|o__Bacteroidales|f__Porphyromonadaceae|g__Barnesiella	0	0	5.7e-6	0	0	0	0	0	0	0	0	0	0	0	0	0.012223	0.0067296	0	0	8.276e-4	0	0	0	0.0068093	0.0043696	0	0.0034109	0.0010496	0	0	0	0	0.0146003	0	0	0	4.725e-4	0	1.125e-4	0.0011852	8.149e-4	0.0157603	0	0	0	0	6.483e-4	0	0	0	0	0	0	0.0021065	0	0	0	9.9e-6	0.0396754	0.008055	0	0	0	0	0	0.0021905	0.0051105	7.551e-4	0	0	0	0	0	0	0	0.0148867	0	0	0	0	0	0	0	0	0	0	0	0	0	0	1.247e-4	0	0.00272	0	0	0	0	0.0052517	0	0	0	6.315e-4	0.0523302	0	0.0322175	0	6.511e-4	0	0	0	0.0255524	0	0	0.0336236	0.0707118	2.74e-5	0.0320674	0	8.4e-6	0.008608	0	0.0019169	0	0	0.0088392	0	0	3.8e-6	0	0	5.5e-6	9.5e-6	0.009425	0	0	0	3.5e-6	0	0.0291826	5.406e-4	0	0	0.015687	0	0	0.0460482	0	0	0	0	0	0	0	0	0.0218644	6.555e-4	0	0.0109015	0.0263564	9.842e-4	0.0027753	0.0113538	0.002137	0.0129484	0.0020287	0	2.294e-4	0.0095079	0.0027378	0.0013927	0.0135609	2.695e-4	0.0021579	0.0012166	8.44e-5	0.0010653	0.0016633	0	0.0018398	0	0.0212117	0.0153538	0	0.0048231	0.0464661	0	0.0044192	0	0	0	0.0065293	0.0135437	0.0036518	0	0.0010812	0.0114291	0	0	0.0096901	0	0	0	0	0.0246933	0	0.0015724	0	0	0	0.0075835	0.0033516	0	0	0.0075445	0	7.743e-4	0	0.0100025	0	0
k__Bacteria|p__Bacteroidetes|c__Bacteroidia|o__Bacteroidales|f__Porphyromonadaceae|g__Odoribacter	0	0.0020278	0	0	0	0	0	0.0053911	0	0	0	0	0.0072299	0.0071365	0	0	0	0	0	0	0	0	0.0069233	0	0	0	8.216e-4	0	0.0016919	0	0.0010275	0	0.0084238	0	0	0	0	0	0.001144	0	0	0.0032492	0	0	0	0	0	0	0	0	0	0	0	0	0	0	0	8.68e-4	0.008355	0.0024711	0	0	0	0	0	0	0.0021375	0	0	0	0	0	0	0	0	0	0	0	0	0	0.0042894	0	0.002414	0	0	0	0	0	0	0	0	0	0	0	0	0	0.0050082	0.030228	0	0.0123812	0	0	0.0128605	0	0.036100099999999996	0	0	0	0	0	0.0058801	0	0	0.0137343	0.0083212	0	0.0043736	0	0	0.0131557	0.005403	0.0030199	0	0.0152361	0	0.022719200000000002	0	0	0	0	0	0	0	0.0134089	0	0	0.0448155	0	0.012561	0	0	0.0061918	0.0059362	0.0021679	0	0.0282003	0	0.0155315	0	0	0.0042654	0	0.0063237	0.0054569	0.007292	0	0	0	0.0023829	0	0	0.0015721	0.0045133	0	0	0	0	0	0	0	0.0016638	0	0	0	0	0	0	0	0	0	0	0.0086888	0	0.0021074	0	0	0	0	0.0025763	0	0	0	0	0	0	0	0	0	0	0	0	0	0	0	0	0	0	0	0	0.0069023	0	0	0.0036684	0	0	0	0	0	0	0
k__Bacteria|p__Bacteroidetes|c__Bacteroidia|o__Bacteroidales|f__Porphyromonadaceae|g__Parabacteroides	0.263068	0.0019146	9.99e-5	0	0.0098082	0.0873012	2.73e-5	0.0438875	7.72e-5	0	0.0105289	3.983e-4	0.0481117	0.0310401	4.66e-5	0.010822100000000001	0.0134858	0.0019420000000000001	0.0091346	0	0.0016181	9.54e-5	0.0333639	0.0034565	0.0073398	6.332e-4	0.0054776	0.0012163	0.0136489	0.0012406	0.0017181	0	0.0165301	6.92e-5	0.0439639	0.0102979	0	0	0.022882299999999998	0.0013440000000000001	4.0689999999999997e-4	0.0130473	0	3.68e-5	0	6.08e-5	1.326e-4	0	1.72e-5	1.66e-5	0.0112395	0.0219317	0	0.0031580000000000002	0.0282691	0.0584299	0	0.0014961000000000002	0.0138184	0.0186881	0	0.0086701	0.019944	0.0024033	3.5300000000000004e-5	2.79e-5	0.0077685	0.0027684	0	0	4.6e-6	0	0.0216922	0.0407618	0.0022006	0	0.0016259	0.1110125	0	0	0.0063191	0.0046616	0.0170351	6.699e-4	0	0	0	0	0.0846846	5.121e-4	0.0016382	0.0067336	3.144e-4	0.089237	3.1570000000000003e-4	0.0048149	0.0220811	9.76e-5	0	0.0200563	0	4.195e-4	0.01254	0.0062346	0.0717149	2.8299999999999997e-5	0.0070758999999999996	3.92e-5	0.3559092	0.0301377	0.0314186	0	0.1163179	0.0012293	0.0413908	0.0047805	0.0279549	0.1537328	0.0391583	0.1288319	0.0103773	0.0123861	6.48e-5	0.0568929	0.015650999999999998	0.1307807	0.0170183	4.8100000000000004e-5	3.69e-5	2.3500000000000002e-5	2.74e-5	2.6799999999999998e-5	5.19e-5	0.031264299999999995	0.2435801	0.042156400000000004	0.0288083	3.69e-5	0.0402478	0.013255900000000001	0	0.0115181	0.0209176	0.0413886	0.311595	0.0044081	0.019833299999999998	0.0433201	0	0.0542711	0.0025476	0	0	0.047541299999999995	0.0670263	0.0021029	0.0025685	0.010086099999999999	0.033444299999999996	0.0013765000000000001	0.0035008	0.0021294	0.0065388	0.0047907	0.0029132	0	3.1999999999999997e-4	0.006052	1.8580000000000002e-4	0.0013637	0.0050014000000000005	0.0020266	4.298e-4	0	3.547e-4	0.0016769	0.0011153	0	0.0016856000000000002	3.096e-4	0.0145614	0.0014515	0	0.0228511	0	0	0.0122678	0.0117539	0.0111853	0.021843300000000003	0.003042	0.0210295	0.0074877	0	0.0021988000000000003	0.0033309	0.0041686	0.0105758	0	0	0.0088691	0.0083971	0	0.012696299999999999	0	0.0014461	0	0.0039799	0.0092373	0.0041313	8.768e-4	0.0608105	0.0095452	0.0020667	0	0.0082559	0	0.0069261	0.007207	0
k__Bacteria|p__Bacteroidetes|c__Bacteroidia|o__Bacteroidales|f__Prevotellaceae|g__Paraprevotella	0	0	0	0	0	0	0	0.0068699	0	0	0	0	0	0	0	0	0.0011612	0	0	0	0	0	0	0	0	0	0	0	0	0	0	0	0.006446	0	0.0097119	0	0	0	0	0	0	0	0	0	0	0	0	0	0	0	0	0	0	0	0	0	0	0	0	0	0	5.71e-4	0	3.003e-4	0	0	0	0	0	0	0	0	0	0	0	0	0	0	0	0	0	0	0	0	0	0	0	0	0	0	0	0.0059676	0	0	0	0	0	0	0	0	0	6.27e-5	0	0	0.0145243	0	0	0	0	0	0	0	0	0.0070197	0	0	0	0	0	0	0.0119323	0	0	0	0	0	0	0	0	0	0	0	0	0	0	0	0.0113066	0	0	0	0	0	0	0	0	0.0049124	0	0	0	0	0.0035524	0	0	0	0	0.0037558	0	0	0.004964100000000001	7.867e-4	0	7.817e-4	0	0.0042325999999999996	0	0	0	0	0	0	0	8.17e-5	0	0	1.748e-4	0	0	7.14e-4	0.0015016	0.0262182	0.0022946	0	0	0	0	0	0.006218700000000001	0	0	0	0.0011972	0.029567899999999998	0	0	0	0	0.0036568	0	0	0	0	0.0050203	0	0	0	0	0	0	0	0	0	0	0	0.0010374	0	0	0	0	0	0
k__Bacteria|p__Bacteroidetes|c__Bacteroidia|o__Bacteroidales|f__Prevotellaceae|g__Prevotella	0	3.12e-5	5.46e-5	0	0	0	3.79e-5	7.32e-5	0	0	0	0	3.59e-5	2.58e-5	0	0	0.0354395	0	0	0	0	0	0	0	0	0	0	0	0	0	0	0	0.0437382	0.0176522	0	0	0	0.0836343	0.0139384	0	0	0	0	0	0	0	1.38e-5	0	0	0	0	0	0	0	0	8.12e-5	0	8.04e-5	4.33e-5	3.95e-5	0	0	8.941e-4	0	2.48e-5	0	0	0	0	0.0241676	0	0	0	0	0	0	0	0	0	0	0	0	0	7.08e-5	0.125082	0	3.22e-5	0	0	3.223e-4	0.0043528	0	0.0047048	0.0150616	0	0	9.415e-4	0	0	0	1.23e-5	0.119771	0	0	0.0316016	4.13e-5	7.66e-5	3.59e-5	3.83e-5	5.89e-5	0.0603761	4.1e-6	1.466e-4	0.0783209	3.02e-5	0.302838	2.74e-5	5.42e-5	7.24e-5	4.79e-5	0.33692	0.278546	4.7e-5	0	2.57e-5	4.41e-5	3.79e-5	6.45e-5	1.99e-5	2.55e-5	3.57e-5	2.21e-5	5.6e-5	2.65e-5	0	3.26e-5	4.85e-5	1.93e-5	0	0	0	0	0.331195	7.53e-5	0	0	0	0	0	0.22023	0.0545792	0	0.467503	0	0	0.013167	0	0	0	0	0	0.004225	5.331e-4	0	0.0041034	0	0	0	0	0.0075613	0	0.0025326	0	0	0.0028897	0	0	0	0.119563	0	0.0428726	0	0	0	0	0	0.0404732	0	0	0	0	0	0	0	0.0200136	0	0.272297	0	0	0	0	0	0	0	0	0.0065594	0	0	0	0.0017591	2.802e-4	0	0	0	0	0	0	0	0	0
k__Bacteria|p__Bacteroidetes|c__Bacteroidia|o__Bacteroidales|f__Rikenellaceae|g__Alistipes	0	0.0257672	0.21544459999999999	0	0.0273073	0	3.3299999999999996e-5	0.0862606	0	0	1.826e-4	9.108e-4	0.1024254	0.188579	0.0053795	0.0293949	0.0062552	0	0	3.6540000000000005e-4	0.0022356999999999998	0	0.1197949	0.0059237	0.0338355	0.0092586	0.0066401	0.0070877	0.0705129	0.0103157	0.0827065	0	0.0658999	0.0014188999999999998	0.0721237	0.0513369	0.012176600000000001	0	0.0862114	0.0140653	0.0010648	0.1124542	0	0	0.0363954	0	0.0049725	0	1.07e-5	0	0	0.200382	0	0.0025442	0	0.1317584	6.36e-5	0.0088989	0.1056511	0.059291199999999995	0	0.0270221	0.0151509	0.0019693000000000002	5.58e-5	0.0130039	0.0149695	0.019008399999999998	0	0.0904852	0	0	0	0.0446165	0	0.0102836	0.0117415	0.0242811	0	0	0.0763301	0	0.0269234	0.0044573	0	0	0	0	0.0179646	4.93e-4	5.37e-5	0.0703959	0.0037595000000000003	0	0.0015013	0.011024099999999998	0.0470801	0.052192	0	0.0241746	0	3.506e-4	0.10542939999999999	0	0.0683241	0.12315449999999999	0.0068912999999999995	5.19e-5	6.07e-5	0.008319700000000001	0.060118500000000005	4.8e-6	0.053491699999999996	0.0894634	0.1286264	0.0118244	0.1536826	6.379999999999999e-5	0.0362602	0.0490892	0.067402	0.0506784	0.054966299999999996	0.0553369	0.0346816	0.07387769999999999	0.044170499999999994	4.265e-4	3.82e-5	0.3623905	3.13e-5	7.46e-5	0.001594	0.0645862	9.8e-6	3.95e-5	0.08838649999999999	3.83e-5	0.0813951	5.024e-4	0	0.1319158	0.0239232	0.051731	0	0.1373049	0	0.2121824	0.0019196	0	0.0012643	0	0.009408699999999999	0.09894309999999999	0.0843056	0.004044	0.0085129	0.050079	0.0586134	0.0091336	0.0192878	0.1015027	0.0734383	0.0260173	0.016776100000000002	7.877e-4	0.006834600000000001	0.011624	0.0158456	0.0115415	0.0338949	0.0049137	0.0196127	0.0062404	0.0016272	0.0079154	0.0075442999999999994	3.07e-5	0.0030994	0	0.0159076	0.0398547	0	0.054541400000000004	4.832e-4	0.0513082	0.0030994000000000004	0	0.0083473	0.0071024	8.604e-4	0.0068086	0.1058662	0	0.0120062	0.043691900000000006	0	0	0.0111391	0	0	0.0354861	0	0.0486834	0	1.491e-4	0	0.0088192	0.015392900000000001	0.0550507	0.0126399	8.791999999999999e-4	0.0527935	0.0231684	0	0.0022179	0.0202076	0.0426732	0.0174299	9.255e-4
k__Bacteria|p__Firmicutes|c__Bacilli|o__Lactobacillales|f__Enterococcaceae|g__Enterococcus	4.37e-5	0	0	3.17e-5	3.9800000000000005e-5	0.0011317	0.0197606	0	1.15e-5	0.0200187	6.25e-5	0	0	0	5.9e-6	0	6.17e-5	1.088e-4	0	2.0150000000000002e-4	6.829999999999999e-5	4.08e-4	0	0.0682483	0	0	0	0	0	3.868e-4	0	0.0021297	0	0.0011293	0	0	0	0	0.0383712	0.0536666	5.206e-4	0	2.065e-4	8.157e-4	0.013875	6.57e-5	0	0	3.117e-4	0.0051472	0	0	0.0075581	8.1e-4	2.76e-5	0	0.0137503	0	0	0	0.251163	5.3899999999999996e-5	9.048999999999999e-4	0.0065119	0.0042275	0	0	9.365e-4	0.0029361	0	5.93e-5	0.0044118000000000004	6.08e-5	3.77e-5	4.93e-5	0	9.169999999999999e-5	7.510000000000001e-5	6.91e-5	0	0.0013443	4.43e-4	0	5.54e-5	4.376e-4	7.864e-4	0.0015524	0.027734699999999998	0.0033014	6.7e-6	1.49e-5	0	0	0.0012983	5.58e-5	0	1.275e-4	1.785e-4	0.795195	0	0	8.531e-4	0	0	4.9e-6	0	0	1.4e-6	3.1e-6	0	0	0.0198438	5.31e-5	0	0	0	0	0	0.0026745	0	0	0	0.0060972	6.826e-4	0	0	1.43e-5	0	0	3.88e-5	6.57e-4	1.094e-4	0	0.0011794	0	0	0.0072770000000000005	2.44e-5	0	0	0	0	0	0	0.003339	0.0690702	0	0	0	7.3e-6	1.91e-5	9.736e-4	0	0	0	0	0	0	0	0	0	0	0	0	0	0	0	0	0	0	0	0	0	0	0	0	0	0	0	0	0	0	0	0	0	0	0	0	0	0	0	0	0	0	0	0	0	0	0	0	0	0	0	0	0	0	0	0	0	0	0	0	0	0	0	0	0	0	0	0
k__Bacteria|p__Firmicutes|c__Bacilli|o__Lactobacillales|f__Lactobacillaceae|g__Lactobacillus	8.62e-5	8.7e-6	2.723e-4	0	3.41e-5	0.0071084	1.79e-5	0.043455	8.75e-5	0.0049983	1.54e-5	0	0	8.4e-6	9.6e-6	0	5.25e-5	0.0080626	0	0	5.66e-5	0.0486795	0	0	0	0	0	0	0	4.91e-4	0	0.0010661	0	0.0023177	0	0	0.0019773	1.545e-4	1.458e-4	5.144e-4	0	0	0.1314128	7.16e-5	5.26e-5	5.74e-5	0.0049817	0.3274377	6.91e-5	2.594e-4	0	0	0	0.0026088	0.022995099999999997	0	9.82e-5	0	7.218e-4	0	0.6844582	1.96e-5	0.0019725	2.1e-5	0.0012974999999999998	0	0	0	0.4398209	0	1.3900000000000002e-4	0	3.74e-5	0.0019599	0.0272171	0	0.0012735	4.1400000000000003e-5	4.4e-6	0	0.0016773	0	0.0036346	0	3.694e-4	0.0078207	0	1.88e-5	1.52e-5	0	0.0097109	0.0278778	0	3.434e-4	0.0046937	0	6.3e-5	5.268e-4	0.0049553999999999996	0.0037553	0	0.008409699999999999	0	0	1.06e-5	0.0020642	2.64e-5	0.167281	0.0019969	0	0	0.06582790000000001	3.27e-5	0	0	3.1e-6	0	3.075e-4	2.07e-5	0.0024479999999999997	0	0	1.957e-4	0	8e-7	0	0	0	0.0310006	2.18e-5	0	1e-6	1.05e-5	0.0153317	0	2.129e-4	0	0.0537082	0	0	6.79e-5	0	0	0	0.043172	4.29e-5	0	4.6530000000000003e-4	0	0.0039387	0	0.1964434	0	0	0	0	0	0	0	0	0	0	0	0	0.0278066	8.817e-4	0	0	0	0	0.0025354	0.0012761	0.0039454	0	0.0108997	0	4.661e-4	0.0025831	0	0	0.0015474	0	1.31e-4	0	0.0058055	0	0	0	0	0	0.001665	0	0.0320856	0	0	0.0081416	4.82e-5	0	0	0.156907	0	0	0	1.825e-4	0.0013411	0.0029224	0.0341681	0	2.168e-4	0.0046453	0	5.613e-4	1.102e-4	0	0.194522	0.0026443	0	0	0.002892	3.152e-4
k__Bacteria|p__Firmicutes|c__Bacilli|o__Lactobacillales|f__Lactobacillaceae|g__Pediococcus	0	0	0	0	0	0.1946339	0	2.12e-5	5.9499999999999996e-5	0	0	0	1.8e-6	0	4.54e-5	0	0	0	0	0	0	0	0	0	0	0	0	0	0	0	0	0.0011011	0	0	0	0	0	0	0	0	0	0	0	0	9.3e-6	1.5010000000000002e-4	0	0.0432238	0	4.4999999999999996e-5	0	0	0.0028558999999999998	0	0	0	0	0	0	0	0.0498298	4.455e-4	2.0360000000000002e-4	0	7.28e-5	0	0	0	0	0	0	0	0	0	0.033836	0	0	0	0	0.06979640000000001	0	0	0	0	0	0.0040928	0	0	0.0026209	0	0	0	0	0.081959100000000007	6.15e-5	0	0	0	0	0.0020448999999999997	0	0	0	0	0	0	0	0.001986	0	0	0	0.22999599999999998	0	0	0	0	0	0	0	0	0	0	0	0	0	0	0	0	0.0042279	0	0.0039977	0	0	0	0	0	1.38e-5	3.42e-5	0	0	0.0066062	0	0	0	0	0	0	0	0	0	0	0.0860431	0	0	0	0	0	0	0	0	0	0	0	0	0	0	0	0	0	0	0	0	0	0	0	0	0	0	0	0	0	0	0	0	0	0	0	0	0	0	0	0	0	0	0	0	0	0	0	0	0	0	0	0	0	0	0	0	0	0	0	0	0	0	0	0	0	0	0	0
k__Bacteria|p__Firmicutes|c__Bacilli|o__Lactobacillales|f__Leuconostocaceae|g__Leuconostoc	0	0	0	0	6.969e-4	8.383e-4	0	0	2.893e-4	0	1.31e-4	0	0	0	2.47e-4	0	0	8.567e-4	0	0	0	0	0	0	0	0	0	0	0	0	0	0	0	0	0	0	0	0	0	0	0	0	0	5.12e-5	0	7.673e-4	0	9.742e-4	0.0037187	0	0	0	0	0	5.361e-4	0	0.0142043	0	0	0	0.0028648	0	4.855e-4	0	0	0	0	0	0.0801092	0	2.008e-4	0	0	0	3.853e-4	0	0.0069685	0	0.0017076	0	0	0	0	0	0	0	0	0.0011228	0	0	0	0	0	0	0	0	0	0	0.0107358	0	0	0	0	0	0	0	0	0	0	0	0	0	0	0	0	0	0	0	0	0	0	0	0	0	0	0	0	0	0	0	0	0	0	0	0	0	0	0	0	0	0	0	0	0	0	0	0	0	0	0	0	0	0	0	0	0	0	0	0	0	0	0	0	0	0	0	0	0	0	0	0	0	0	0	0	0	0	0	0	0	0	0	0	0	0	0	0	0	0	0	0	0	0	0	0	0	0	0	0	0	0	0	0	0	0	0	0	0	0	0	0	0	0	0	0	0	0	0	0	0
k__Bacteria|p__Firmicutes|c__Bacilli|o__Lactobacillales|f__Streptococcaceae|g__Lactococcus	3.21e-5	0	9.07e-5	0	0	8.509e-4	9.371e-4	0	2.576e-4	0.0013949	1.264e-4	1.389e-4	3.346e-4	0	1.372e-4	3.54e-5	1.469e-4	0	3.311e-4	0	0	0	8.97e-5	0	0.0015683	5.5e-6	0	0.0010744	0	4.566e-4	3.334e-4	0	0.0035191	0	0	3.582e-4	1.423e-4	0	1.8e-5	0	2.8e-5	0.0011555	0	0	9.123e-4	0	1.36e-4	0	3.602e-4	0	0	0	0.0016436	0	0	0	2.144e-4	0	0	0	2.017e-4	7.761e-4	0	6.812e-4	2.352e-4	0.0013813	0	0.0020618	0	0.0012452	6.226e-4	7.41e-5	0.0015139	3.48e-5	0	0	7.467e-4	2.33e-5	0	0	6.014e-4	0	0	0	0	0.008166	3.751e-4	0	6.709e-4	0.0354915	0.0040663	0	0	0.0030163	4.99e-5	0	1.351e-4	1.066e-4	3.044e-4	0	0	2.697e-4	3.73e-5	1.794e-4	7.757e-4	7.6e-5	5.766e-4	0	5.07e-5	0.0024235	1.208e-4	8.663e-4	0	0	0	0	2.305e-4	3.041e-4	1.74e-4	7.128e-4	0	5.32e-5	5.94e-5	1.07e-4	0	0	0.0102141	0.0197749	0	4.24e-5	7.38e-5	4.4e-5	9.3e-6	2.12e-4	0	0	6.264e-4	9.88e-4	0	0	2.82e-5	0	0	0.0030852	0	9.8e-6	0.0017295	0	0	0	0	7.28e-5	0	9.52e-5	0	0	0	0	0	0	0	0	0	0	0	0	0	0	0	0	0	0	0	0	0	0	0	0	0	0	0	0	0	0	0	0	0	0	0	0	0	0	0	0	0	0	0	0	0	0	0	0	0	0	0	0	0	0	0	0	0	0	0	0	0	0	0	0	0	0
k__Bacteria|p__Firmicutes|c__Bacilli|o__Lactobacillales|f__Streptococcaceae|g__Streptococcus	0.0068147	0.0049638	0.020593	0.001444	0.0053181	0.0045357	0.0751543	0.0329869	0.0737599	0.0212812	0.0025679	0.0145005	7.852e-4	0.0033533	0.045577999999999994	0.0112459	0.0027261	0.0947095	0.0031395999999999998	0.0454295	4.364e-4	7.615e-4	0.019829700000000002	0.011546699999999998	0.014884000000000001	0.0016330000000000001	0.0169705	0.0066827	0.017586599999999997	0.0018215	0.0016855	0	0.0039511	0.1071544	0.0038729999999999997	0.0030027	0.046811599999999995	0.001712	0.0025583999999999997	0.0156373	0.0078608	0.043807	0.014267599999999998	0.0065626	5.804e-4	0.010114499999999998	0.0097506	0.060302299999999996	0.0024915000000000002	0.0027069999999999998	0.0043441	0.0012482	0.0026681	0.005367	0.0245599	8.797e-4	0.0105688	0.0030756	0.0021513	0.005614	0.009130000000000001	0.0074148	4.7349999999999996e-4	0.0039243	0.0174403	0.0024914	0.007347299999999999	0.0042277	0.37340979999999996	0.0046133	0.0784593	0.039744	0.0034374	0.023671400000000002	0.0018952	0	0.03345	0.0025015	0.0044634	0	0.012657	0.0032746	0.0014232000000000001	0.0418639	0.011888	0.3060933	0.0070213	0	0.0567887	0.0836731	0.2243259	0.0612925	0.0160471	0.0267605	0.0057424	9.329e-4	0.0017870000000000002	0.0181554	0.0662199	0.0016921	0.010181099999999998	0.0413648	1.261e-4	0.0488192	0.0070416	0.0116536	0.2384618	0.0042764	0.0019082	0.0034521	0.014966	0.1250448	0.0121048	0.0010540999999999999	0.0010621	0.0038975999999999998	8.91e-5	0.0158275	0.0024859	0.048945100000000005	0.0030307999999999997	0.0014904	0.011430000000000001	8.215e-4	0.003065	7.647e-4	0.017932299999999998	0.011779	0.0015616	0.0048908	0.0031141	0.0016592	0.0079472	0.0183871	0.0086491	0.0167355	0.0044465	0.44514960000000003	0.0044826	0.0392328	0.0040203	0.0038149000000000004	5.55e-5	0.007382199999999999	0.1379559	0.0759578	0.0021803	0.0196925	0.0025725	8.562999999999999e-4	0.0028764	0.0169739	4.059e-4	0.003483	0.0044543	0.0040977999999999995	0.0028906	0.004239	0.0264041	0.0076586	0.0049762	0.028957000000000004	0.0051135	0.0047812	0.0301007	0.0552936	0.0020123999999999997	5.005e-4	0.0028614	0.0195872	0.0023697	0.0023079	0.0014772000000000001	0.062267300000000005	0.0357956	0.0060032	0.0430154	0.0044111	0.0058026	0.0010143	0.0611941	0.0015081	0.0025189	0.0043527999999999996	0.0729846	0.0027529	0.027069700000000002	0.0033084	0.034286000000000004	0.028289699999999997	0.0591766	0.0522314	0.042959000000000004	0.3203779	0.028333900000000002	0.0372042	0.0081166	0.0297224	0.0083292	0.1072263	0.0015432	0.0041444	6.575999999999999e-4	0.006519400000000001	0.0341058	0.1674354	0.0556143	0.1271009	0.0018108	0.0166375	0.0043502	0.0063859	0.0024492	0.1066555	0.0044826	0.0011273	0	0.0010125	0.0362805	0.0126265
k__Bacteria|p__Firmicutes|c__Clostridia|o__Clostridiales|f__Clostridiaceae|g__Butyricicoccus	0	0	0	0	0	0	0	3.42e-4	1.494e-4	0	5.85e-5	0	0	0	0	0	0	0.0031671	0	0	0	0	0	2.615e-4	0	0	0	0	0	0	0	0	0	0	0	0	0	0	2.5e-6	0	0	0	0	0	0	9.074e-4	0	0	0	0	1.598e-4	0	3.73e-4	0.0015223	0	1.9e-6	0	0	0	0	0	0	0	0	0	0	0	0	0	0	0	0	0	0	0	0	0	3.556e-4	0	0.0084878	0	0	0	0	0	0	0	0	0	0	0	0	0	6.46e-4	3.128e-4	0.0012912	0	0	0	0	0	0	6.3e-6	0	0	0	0	0	1.139e-4	0	1.09e-5	0	0	0	0	0	0	0	5.9e-6	0	0	0	0	0	0	9.972e-4	0	9.546e-4	0	0	0	0	5.969e-4	1.195e-4	0	0.0022553	0.0090643	0	0	0	0	0	0	0	0	0	0	0	0	0	0	0	0	0	0	0	0	0	0	0	0	0	0	0	0	0	0	0	0	0	0	0	0	0	0	0	0	0	0	0	0	0	0	0	0	0	0	0	0	0	0	0	0	0	0	0	0	0	0	0	0	0	0	0	0	0	0	0	0	0	0	0	0	0	0	0	0	0	0	0
k__Bacteria|p__Firmicutes|c__Clostridia|o__Clostridiales|f__Clostridiaceae|g__Clostridium	0.0693018	0.068244	0.0210458	0.0101059	0.0462106	0.07639320000000001	0.130142	0.02128	0.044371	0.0403325	0.0017809	0.0036915000000000003	0.013198	0.0445265	0.0121	0.004724	0.05401860000000001	0.0020905	7.285e-4	7.074e-4	0.0508722	2.224e-4	0.0077074000000000005	0.0016331	0.0019443	0.0040809999999999996	0.0068507	0.0019358	0.0069394	0.0174844	0.0011988	0.0692455	7.294000000000001e-4	2.69e-4	0.0028832999999999997	0.046081199999999996	0.0090347	0.0017347	6.89e-4	6.502e-4	0.0026408	0.0012412	0.226202	0.2509385	0.062250799999999995	0.0044164	0.0034969999999999997	0	8.235e-4	0	0.0119692	0.011995599999999999	0.2246325	0.014532400000000001	0.0938221	0.08915369999999999	0.0605822	0.0030477	0.0034349	0.0011082	0	0.0014199	0.0607115	0.017007	0.015766699999999998	8.579000000000001e-4	4.428e-4	0.0111694	0	0.016591	0.0083884	0.047449899999999996	0.0040483	0.0387317	0.0027802	0	0.031359399999999996	0.04388569999999999	0.0331601	0.0314457	0.0093218	0.0325731	0.0207866	0.055954000000000004	0.0843757	0.0010067	0.0049682	0.6991829	0.0406453	0.031324700000000004	8.189e-4	0.017692199999999998	0.0024753	0.1647226	2.9570000000000003e-4	0	0.1214829	0.0045052	1.3e-6	0.0144596	0.0143881	0.0018579999999999998	0.005259000000000001	0.002296	0.001624	0.0031539000000000003	0.0012235	0	0.09791359999999999	0.0301654	0.021532100000000002	0	5.762e-4	0.0078613	0.0036516	3.3600000000000004e-5	0.0134191	0.0875631	0.024275599999999998	0.0041097	3.007e-4	0.028515699999999998	0.0030643	0.0263862	0.0043344	0.0173607	0.0361915	0.5014021	0	0.1143609	0.1581058	0.061218	3.722e-4	0.0491042	4.414e-4	0.0045213	0.1035402	0.0915667	5.581e-4	0.0069575999999999995	9.415e-4	0.0079839	0.0011224	0.0955365	0.0288656	0.0018551	0.0247256	5.14e-4	0	0.019827	7.465e-4	0.0475025	5.278e-4	0.0049968	0.0032398	0	2.551e-4	0.0208888	6.644e-4	6.085e-4	6.399e-4	4.243e-4	0.0014581	6.12e-4	3.522e-4	3.094e-4	8.59e-5	0.0028942	5.41e-4	1.518e-4	0.0016766	9.135e-4	9.37e-5	0.0071311000000000005	4.224e-4	2.921e-4	0.0052357	2.195e-4	2.568e-4	0.0219503	6.17e-5	0.0019613	3.902e-4	3.3939999999999996e-4	0.058343	0.2334282	0	0	0.0233479	0.0127047	0.0196644	4.581e-4	3.831e-4	1.289e-4	6.17e-5	0.0048027	0	9.524000000000001e-4	0.0389895	0.06807400000000001	0.016739	0.0067107	4.653e-4	0.0010285	0.0018463000000000002	5.225e-4	0.0057396	2.24e-4	0.0196818	0.1000752	0.0020692	0.0823274	0.0046049	0.0438005	0	0	0.0140414	0.0033439	0.0038021	0.0013396999999999999
k__Bacteria|p__Firmicutes|c__Clostridia|o__Clostridiales|f__Clostridiales_noname|g__Clostridiales_noname	0.004574	0	9.69e-5	3.835e-4	2.987e-4	0	0	3.211e-4	1.214e-4	0	0	0	1.642e-4	3.36e-4	3.935e-4	0	4.292e-4	0	0	0	4.763e-4	0	2.79e-5	0	6.4e-6	3.556e-4	3.453e-4	2.64e-5	2.414e-4	8.6e-6	0	0	0	0	0	3.016e-4	3.46e-5	0	2.3e-5	0	3.25e-5	1.134e-4	7.764e-4	0.0014467	0	4.67e-5	0	0	0	0	0	8.4e-6	6.245e-4	0	0.0023742	1.918e-4	0	6.6e-6	2.45e-5	3.9e-6	0	8.03e-5	1.967e-4	6.11e-5	3.725e-4	0	0.0010759	0	0	0.0029646	4.15e-5	5.58e-5	5.57e-5	5.85e-5	4.67e-5	0	7.154e-4	3.734e-4	9.17e-5	0	0	3.68e-5	1.585e-4	0	3.423e-4	0	7.33e-5	0.0047249	0.0018629	0	1.14e-5	0	0	0	0	0	2.699e-4	2.34e-5	0	3.636e-4	0	7.1e-6	0	4.51e-5	0	1.204e-4	0	0	3.85e-5	1.447e-4	0	0	0	0	3.421e-4	0	1.33e-5	9.805e-4	6e-6	4.388e-4	0	0	5.438e-4	2.373e-4	6.92e-5	0	3.712e-4	5.141e-4	0	0.0048062	0	1.15e-4	2.64e-5	1.825e-4	0	8.44e-5	9.893e-4	0	0	0	0	0	2.286e-4	2.957e-4	0	0	6.132e-4	0	0	4.58e-5	0	9.096e-4	0	2.203e-4	1.659e-4	0	0	0.0013713	0	0	0	0	7.137e-4	0	0	0	0	0	0	0	0	0	0	0	0	0	0	0	0	0.0010333	0	0	3.95e-5	0	7.35e-5	6.026e-4	0	8.14e-5	1.419e-4	0	0	0	0	0	0	7.69e-5	0	0	8.05e-5	0.0079425	0	6.67e-5	0	0	0	1.31e-5	0	0	1.31e-5	0	0	0.001446	5.71e-4	9.54e-4	0	0	0	0	0.0010604	4.22e-5
k__Bacteria|p__Firmicutes|c__Clostridia|o__Clostridiales|f__Clostridiales_noname|g__Flavonifractor	0.004268	8.765e-4	2.987e-4	0	8.403e-4	0	0	4.866e-4	0.0012837	6.072e-4	3.229e-4	0.0010536	9.576e-4	0.0040445	7.04e-5	0	2.4e-5	0	0.0035305	1.9e-5	2.62e-4	0	3.803e-4	2.251e-4	3.278e-4	4.342e-4	1.289e-4	8.85e-5	3.757e-4	2.85e-5	0	0	0	3.77e-5	1.432e-4	0	7.151e-4	1.088e-4	0	1.79e-5	2.284e-4	3e-6	0.0011417	0.0015576	0	2.373e-4	0	0	0	0	4.251e-4	7.516e-4	0.0052294	0	3.743e-4	5.251e-4	0	0.0013345	4.235e-4	1.974e-4	0	0.0042122	0.0061671	0	9.053e-4	0	4.972e-4	3.05e-5	0	0.0033997	6.262e-4	5.663e-4	4.965e-4	4.914e-4	1.497e-4	0	1.057e-4	0.0037452	0.0011726	0	3.33e-5	0.0016986	3.4e-5	1.255e-4	0.0029014	0	6.01e-5	0	0.0044588	0	9.162e-4	2.298e-4	0	0.0036577	4.36e-5	0.0027102	0.0032405	2.225e-4	0	0.002751	5.097e-4	0	9.63e-5	0.004946	8.78e-5	0.0022531	0	0	5.61e-5	2.236e-4	7.66e-5	0.0186017	0	0	3.976e-4	5.37e-5	5.182e-4	0.0069159	6.41e-5	6.207e-4	2.979e-4	3.61e-5	5.088e-4	3.791e-4	1.873e-4	1.505e-4	0.0050549	0	0	0.0131778	0	2.639e-4	4.6e-6	6.724e-4	0	0.0010087	0.0021868	0	5.528e-4	0	6.7e-6	7.2e-5	5.475e-4	0.0036495	0	3.35e-5	2.77e-4	3.813e-4	0	0.0048279	0	6.83e-5	1.87e-5	2.561e-4	4.967e-4	0	0	0	1.29e-5	3.75e-5	0	0	7.779e-4	0	0	0	0	8.5e-6	0	0	2.617e-4	0	0	2.656e-4	0	0	0	0	0	0	7.27e-5	0	4.77e-5	6.143e-4	0.0013035	1.695e-4	0	2.884e-4	6.57e-5	8.62e-5	1.442e-4	0	0	0	4.84e-5	0.0012136	0	0	1.265e-4	0.0015564	0	4.109e-4	0	0.0016168	3.259e-4	6.07e-5	0	0	2.857e-4	0	0	0.0012939	0.001935	0	0	0	0.0010226	0	4.223e-4	4.72e-5
k__Bacteria|p__Firmicutes|c__Clostridia|o__Clostridiales|f__Eubacteriaceae|g__Eubacterium	0.0033754	0.25477299999999997	0.0234436	0.404725	0.0686226	0.0074842	2.086e-4	0.021858700000000002	0.3000754	0.0014193	0.3436853	0.013266499999999999	0.0616685	0.0407471	0.2992283	0.158642	0.3379237	0.04381090000000001	0.19143290000000002	0.1135488	0.030881500000000003	8.42e-5	0.1707761	0.1462609	0.1204067	0.0593637	0.1794265	0.2849579	0.3319025	0.16829260000000001	0.1263953	0.0225348	0.0656631	0.0513248	0.19217679999999998	0.2822227	0.1765981	0.3867148	0.0821345	0.2698241	0.0964676	0.1212559	0.151861	2.484e-4	1.535e-4	0.1753717	0.32080149999999996	7.01e-5	5.459e-4	2.71e-4	0.2845716	0.2547379	2.75e-5	0.2986219	6.061e-4	0.0652269	0.0072403	0.0023237	0.1067353	0.3112134	1.012e-4	0.35741789999999996	1.801e-4	2.817e-4	0.3568098	0.0612437	0.0334236	0.1647832	0.0100707	0.0502086	2.777e-4	0.0010818000000000002	0.1828812	0.1615248	0.0233291	0.0018575	0.0650245	3.085e-4	0.17016479999999998	0.0105878	0.16796339999999998	0.0113301	0.0643028	5.187e-4	0.0895238	9.68e-5	3.71e-5	0.032181800000000003	0.00229	0.0014285	0.0757064	0.1055107	0.0781458	0.0261328	0.2904193	0.1101065	0.1219581	0.044601800000000004	1.85e-4	0.001334	0.0538992	0.4132287	0.13624050000000001	0.1872294	0.3035818	0.1114937	0.0430217	1.764e-4	2.449e-4	0.17113199999999998	0.1133491	1.051e-4	0.1617797	0.041729999999999996	0.208731	0.19998269999999999	0.0701491	0.0552984	0.2534457	0.0138646	0.1720095	0.0488126	0.5308221	0.2914719	0.33788219999999997	0.2123085	0.0844091	4.621e-4	1.237e-4	0.0089767	0.0072394	1.4979999999999998e-4	0.044151699999999995	0.004771	6.57e-5	0.2456768	0.001656	1.849e-4	0.0581737	0.1267592	7.059000000000001e-4	0.0459133	0.0176844	0.0306264	0.1397559	0.031996	0.0047309000000000006	0.1364912	0.201499	0.0137578	0.0660836	0.3172501	0.1134453	0.0874003	0.0400644	0.4096561	0.0361958	0.221023	0.034411	0.14196620000000001	0.0542762	0.0737565	0.0673017	0.0908359	0.0568409	0.2765014	0.42504959999999997	0.0477657	0.3181835	0.18079220000000001	0.0423573	0.0937883	0.0584627	0.0649178	0.0409534	0.1539003	0.11267469999999999	0.2283134	0.1357247	0.1605526	0.19375769999999998	0.0894083	0.2520619	0.1925433	0.0409648	4.64e-5	0.1843222	0.1063684	0.077681	0.0084139	0	0.2396141	0.0818076	0	0.0525231	0.017447900000000002	0.1321999	0.12071630000000001	0.0102921	0.0180107	0.0027384	0	0.0329083	0.1695933	0.1066488	0.0643683	0.0484619	0.16625410000000002	0.243906	0.0326054	0.10489480000000001	0.2341903	0.0999951	0.0144111	0.0441268	0.0349469	0.055830899999999996	0.07124910000000001	0.1245797	0.37222560000000005
k__Bacteria|p__Firmicutes|c__Clostridia|o__Clostridiales|f__Lachnospiraceae|g__Anaerostipes	0.009468500000000001	0.0029855	2.465e-4	0.0017112	6.257000000000001e-4	0	0	7.84e-5	6.817e-4	0.157742	0.0172401	0.0050299	0	6.43e-4	0.012186	7.164e-4	9.099e-4	0.0014076	6.595e-4	0.0019123	0.010790600000000001	0	2.255e-4	0.0026944	0.0071286	0.0015282	0.0157689	0.001719	3.613e-4	9.511999999999999e-4	2.1070000000000003e-4	1.632e-4	0.0018666	0.001506	0.0012086	0.001223	0.028121	0.0057434	0.0039002	0.0016137	6.106e-4	9.334e-4	5.107e-4	8.917e-4	0.0046663	0.0057719	1.396e-4	0	0	0	0.0015038	1.129e-4	0.0052387	0.0064245	0	0.0019341999999999999	0	6.649000000000001e-4	0.0014219	7.54e-5	0	0.0040281	0.0111533	9.655e-4	9.699e-4	0.0022486	0.0141026	1.938e-4	0	0.00301	0.0013673	0.0036756	5.756e-4	0.0014222	0.0015527	0	1.407e-4	7.1e-6	0.0017971999999999999	3.865e-4	0.0023602	0.10688639999999999	5.138e-4	0.0022304	4.883e-4	0	0.1626645	2.449e-4	0.0172386	0	0.0016913	1.697e-4	0.0103236	0.0172798	0.0030378	0.0017747	0.0036393	0.0012267	0	0.001738	8.571e-4	1.619e-4	0	0.0084154	1.5680000000000002e-4	1.4509999999999998e-4	0.0022529	0	4.58e-5	1.26e-5	0.0020157	0.0089045	6.378e-4	3.675e-4	1.61e-5	7.109e-4	6.367e-4	0.0013739	1.169e-4	0.0014449999999999999	9.449e-4	7.665e-4	0.0042214999999999996	0.0013353	0.0033075	0.0012481	0.0056536	0.0019938	0	0.0017301999999999999	0	5.832999999999999e-4	5.404e-4	2.89e-5	0	0.0044108	9.918e-4	0	1.476e-4	0.0142425	0.0033179	8.636e-4	1.81e-5	0.0020110999999999996	0.0092202	9.2e-6	6.202e-4	0.0013867	0.0057268	4.334e-4	0	0.0011615	6.22e-5	0.0084745	0	0.0018841	0.0055523	0.0083289	0.0077114	0.0109619	0.0015174	0.0012952	0.0047261	2.125e-4	0.0057401	9.702e-4	0.0064517	1.27e-4	3.98e-4	5.358e-4	6.757e-4	0.001266	0.0012339	0.0331417	8.17e-5	0.0114042	0.0029034	7.715e-4	0.0011236	1.837e-4	0	0.0011462	0.0010463	0.0014831	0.0040749	0.0284837	1.226e-4	0.0012443	0.0017696	0.0018594	0	0.0011434	0.010402	0	0.0033575	0	1.527e-4	0.0093388	0.0010607	0	0.0062558	0.0013316	3.035e-4	0.0014603	0.0073607	7.312e-4	0.0088959	1.468e-4	4.462e-4	1.86e-5	0	0.0120993	0.0035838	0.0023037	0	0	0.0022363	0.0015357	7.597e-4	7.565e-4
k__Bacteria|p__Firmicutes|c__Clostridia|o__Clostridiales|f__Lachnospiraceae|g__Blautia	0.0309253	0.024614399999999998	0.041352	0.053021599999999995	0.015319800000000001	0.041776600000000004	0.5767072999999999	0.1167307	0.0172212	0.07778349999999999	0.050272199999999996	0.023662600000000002	0.0322674	0.0703943	0.0195347	0.041511200000000005	0.0814238	0.0088892	0.0183683	0.0829726	0.1353644	0.0108331	0.0272522	0.0384414	0.0327936	0.0127982	0.035387299999999997	0.1031818	0.084814	0.1739042	0.0684286	0.1818736	0.033051199999999996	0.0097441	0.0439716	0.0258274	0.0586925	0.0399711	0.041603	0.0283349	0.19878110000000002	0.0141516	0.0316937	0.361077	0.0069872	0.0803996	0.013116000000000001	2.626e-4	0.2503686	0.0403283	0.050655	0.0361398	0.45570530000000004	0.023153899999999998	0.1083383	0.058143200000000006	0.0016125	0.035049500000000004	0.0262362	0.0401388	4.14e-5	0.0244401	0.1011489	0.1644418	0.0262199	0.0353776	0.0337162	0.0173583	0.009793699999999999	0.12517910000000002	0.08556480000000001	0.7104521	0.0224362	0.0342844	0.0139179	0	0.1300613	0.07078949999999999	0.0935225	0.0057184	0.0341847	0.1966516	0.0388887	0.0362262	0.037606299999999995	0.0581898	0.1963467	0.0081969	0.2069696	0.07964979999999999	0.0173673	0.0382175	0.121503	0.1538001	0.0499696	0.023059	0.301373	0.06900139999999999	8.91e-5	0.0129275	0.2204806	0.012760299999999999	0.014136500000000001	0.0142091	0.0152098	0.0043967	0.025756699999999997	1.795e-4	0.0618012	0.056163700000000004	0.0269937	0.1103533	0.010938600000000001	0.0208999	0.026989299999999997	0.0213047	0.0060282	0.20851150000000002	0.0370872	0.0081925	0.029968500000000002	0.016151000000000002	0.0198244	0.0179461	0.0109684	0.08684910000000001	0.06688029999999999	0.009391199999999999	1.158e-4	0.2323181	0.1599548	0.5301651000000001	0.0747722	0.0229785	1.255e-4	0.07323239999999999	0.10890300000000001	6.987e-4	0.0383579	0.08918519999999999	0.0126945	0.015693	0.041946199999999996	0.015934	0.0513812	0.065441	0.0342123	0.0137626	0.020674400000000002	0.0650549	0.0034189999999999997	0.0408691	0.016058	0.0472774	0.0752957	0.022163099999999998	0.038709400000000005	0.0203589	0.0232394	0.054932	0.0333629	0.0471744	0.0921058	0.0309538	0.0527575	0.0991335	0.0372788	0.21386190000000002	0.013447500000000001	0.0762922	0.028468	0.0338021	0.013789	0.2210611	0.023961700000000002	0.0259168	0.0939752	0.0628561	0.0397936	0.0502639	0.0355401	0.0389931	0.10482749999999999	0.09085990000000001	0.0179496	0.1856409	0.0223081	0.0193821	0.0364177	0.0219269	0.0918297	0.0352595	0.1467299	2.003e-4	0.014669	0.0179933	0.0141096	0.0403879	0.0989223	0.2941472	0.053808999999999996	0.1330565	0.0674377	0.0428618	0.012025	0.2166731	0.029902099999999997	0.014264	0.0503885	0.06687259999999999	0.0230869	0.3318316	0.3003274	0.0714609	2.901e-4	0.0197021	0.10477339999999999	0.09573609999999999	0.0257657	0.0630099
k__Bacteria|p__Firmicutes|c__Clostridia|o__Clostridiales|f__Lachnospiraceae|g__Coprococcus	0	0.0234314	0.0020814	0	0	0	9.1e-6	0.0063693	0	0	0.0069435	0.021029	0.0173757	4.1e-6	0.013387099999999999	0.0581379	0.0185905	0	0	0.003404	0.0070828	0.0424258	0.0124067	0.0216175	0.0085386	0.0017256	0.0071814	0.023382	0.0208287	0	0.0275928	0	0.07607130000000001	0.015552400000000001	0.0149204	0.0217788	0.0418088	0.0184368	0.0131495	0.0918384	0.0659707	0.0772633	0	0	0	3.707e-4	0.0653706	0	0	0	0.0319018	0.0023998	0	0.016959000000000002	0	0.0060974	0	2.4e-6	0.016254	0.009944399999999999	0	0	0.0403019	0.130869	0	0.0426482	0.0051334	0.0042568	0	0	0.0254959	0	0	0.0036435	0.0056378999999999995	0	0	0	0	0	0.0311175	0	0.0439255	0.042893	0	0	0	0	0	3.86e-5	0.001992	0.0273584	0.0277225	0	0.0188033	0.0610399	0.0529507	0.018617099999999998	0	0	0	0.0050764	0.0175457	0.0166961	0.0059833	0	0.0087527	7.3e-6	0	0	0.090582	0	0.021420199999999997	0.0487923	0.0192731	0.0349507	0.0096959	2.6e-6	0.0186903	0.0158113	0.0062304000000000005	0	0.010568500000000002	0	0.0059497000000000005	0	0.0277098	7e-6	0	0	0	7e-7	7.165e-4	2.4e-6	0	0	1e-6	0	0.0127371	0	0	0.0154631	4.666e-4	0.0140476	0	0.0137816	0.0057009	0.0286459	0.0033524	0	0.009673900000000001	0	0.0023206999999999998	0.0141825	0.0280614	0.0149451	0.14192369999999999	0	0.0140255	0.0364635	0.0247993	0.0408061	0.0229407	0.023054	0.0618814	0.034329200000000004	0.0555403	0.0154473	0.0323228	0.0399059	0.0126111	0.0255182	0.0278588	0.0372014	0.0176173	0.041124799999999996	0.041429099999999996	0.0207069	0.0339567	0.0439296	0.027848	0.0168715	0	0.0283792	0	0	0.0253605	0.0789175	0.0052134	0.0371554	0.0322074	0.0365122	0.0188135	0	0.0291912	0.001002	0	0.013647300000000001	0.0026677	0	0	0.0122855	0.010785	1.2e-5	0.0055112	0.0011869	0.0337724	0.0024245	0.0071947	0.0100357	0.0383293	0	0.0168028	0.0113463	0	0	0.0208713	0.0077351	0	0.0055138
k__Bacteria|p__Firmicutes|c__Clostridia|o__Clostridiales|f__Lachnospiraceae|g__Dorea	0.0018759	0.023278	0.0166713	0.0351011	0.0430486	3.346e-4	4.8899999999999996e-5	9.43e-5	0.0372621	1.92e-5	0.0073567	2.428e-4	0.0124028	0.0598686	0.0023995	0.0688358	0.0161516	0.057399	0.086274	0.0309177	0.059871499999999994	4.8e-6	0.021765100000000003	0.019246	0.0266943	0.027601800000000003	0.014113	0.05492570000000001	0.0397778	0.0422548	0.023853	0.0087938	0.0096094	0.03695	0.0141762	0.010932	0.0474406	0.044154599999999995	0.0261075	0.0239838	0.0226244	0.0219266	0.0088741	4.5600000000000004e-5	0	0.0180191	0.050397700000000004	1.65e-5	1.99e-5	4.22e-5	0.0137975	0.030913200000000002	6.812e-4	0.0261937	0	0.004439599999999999	2.455e-4	0.0806453	0.0251519	0.0149749	8.5e-6	0.098996	0.0136454	0.0204076	0	0.020472800000000003	0.0090184	0.0251917	0	0.0013196	0.1230112	0	4.71e-5	0.0035675	0.0229528	0	0.0057910999999999995	0	0	0	0.028033500000000003	0	0.024605000000000002	6.272000000000001e-4	4.715e-4	0	1.432e-4	4.43e-4	0	9.46e-5	0.0883416	0.0524458	0.2237513	3.095e-4	0.0669593	0.0190959	0.0125299	0.0155717	0	0	0.0013543	0.021370399999999998	0.0027916	0.0199627	0.0120612	0.0257468	0.0043614	2.45e-5	1.32e-5	1.79e-5	0.0160577	7.23e-5	0.0834256	0.0169402	0.0184491	0.02279	0.0046459	2.27e-5	0.022868600000000003	0.0021647	0.0187231	0.008522	0.010761	0.0347816	0.0011662	0.0012263999999999999	0.058005	0.0037135000000000002	2.8e-6	1.062e-4	8.5e-6	2.083e-4	0.0030274	7e-7	0	1.6e-5	3.16e-5	9.14e-5	0.0340324	0	0.0160742	0.0026761	0.0247061	0.0048468	1.574e-4	0.0028323	1.363e-4	0.008081	0.025892199999999997	3.19e-5	0.009963699999999999	1.049e-4	0.0095528	0.0269258	0.0030508	0.0281976	0.0053279	0.0141953	0.0100788	0.0132999	0.0485892	0.029338	0.0080193	0.0179037	0.042564199999999996	0.0728608	0.07130310000000001	0.0215853	0.0363413	0.09333250000000001	0.0140758	0.0440951	0.0549243	0.0825197	0.0339283	0.0099641	0.0521499	0.0206327	0.061306799999999995	0.0119637	0.021605199999999998	0.035297	0.121869	0.029187900000000003	0.0086267	0	0.0135097	0.016579	0.011765	0.0015076	1.263e-4	0.009851	0.0210968	0	0.0245474	0.0265466	0.0639136	0.0184121	0.0022176	0	0.0016222	0.0151548	0.0405415	0.0380925	0.03368	0.072839	0.014540500000000001	0.023631899999999997	0.0144304	0.021693	0.0461776	0.0013349	0	0.0829561	0.0193456	0.0016393	0.0183974	0.0729145	0.044788499999999995	0.0200882
k__Bacteria|p__Firmicutes|c__Clostridia|o__Clostridiales|f__Lachnospiraceae|g__Lachnospiraceae_noname	0.0212327	0.0054702	0.022833199999999998	0.0038218	0.0094967	0.014878	1.43e-5	0.026070199999999998	0.0219444	0.09794	0.0111856	0.145351	0.0030574	0.0330253	0.0371622	0.0180949	0.0113202	0.0092062	0.0257084	0.014191	0.0603272	8.211e-4	0.0324152	0.0106558	0.0037534	0.0080285	0.0068514	0.0041667	0.0102974	0.0049388999999999995	0.017799699999999998	0.038443399999999996	0.0055872	0.0053162	0.0043705	0.0193273	0.0491095	0.0366205	0.0094274	0.0032142	0.0221548	0.0085762	0.026917899999999998	0.1069195	0	0.0242285	0.0170587	0	3.702e-4	7.2e-6	0.0270348	0.0526762	0.0078282	0.0087662	0.0026033999999999996	0.1380631	0.0024200000000000003	0.0335444	0.0075664	0.0026768	0	0.0093844	0.0294711	0.0223712	0.0105012	9.142e-4	0.0099316	0.0056333	0	0.0471564	0.0339359	0.0034192	0.0108763	0.006934	0.0055613	0	0.0077342	0.0046365	0.0638677	0.0154686	0.0172352	0.0269791	0.012149700000000001	0.0048404	0.0080155	0.0123713	0.0045562	0.0086244	0.0201526	0.0172329	0.0071931	0.0071603	0.0227319	0.0476079	0.0119014	0.0095189	0.0328503	0.0073418	0	0.010601000000000001	0.012880200000000001	0.0020421	0.0098967	0.0100491	0.0059001	0.22481500000000001	0.0124338	2.79e-5	0.0173361	0.0972161	0.0023156	4.9e-5	0.0024005	0.0019074	0.010701500000000001	8.65e-4	0.0028810000000000003	0.0469298	0.0080952	0.0161483	0.0022259	0.022308	0.010521	0.0216623	0.0036137	0.0040383	0.0134319	0.032402400000000005	1.1599999999999999e-5	0.015376599999999999	0.0016768999999999998	0.004497	0.0235295	0.0250869	2.179e-4	0.0251767	0.0152167	0.0043686	0.006678	0.0278202	0.013896499999999999	0.0255349	0.001543	0.0044201	0	0.0045891000000000005	0.0042901	0.0046631	0.0123468	2.35e-4	7.740000000000001e-4	0.0140494	0.0014122	0.017028	0.013985	0.0074178000000000004	0.0033397	0.0175438	0.009874599999999999	0.0018747	0.0044094	0.0019824	0.0094424	0.0057532	0.004118	0.0073157000000000005	0.0101478	0.0087961	0.0162957	0.018826	0.0106096	4.984e-4	0.0065173	0.0192656	0.0059334	0.0036048	0.005327999999999999	0.067603	0.0238685	0.0454016	0.001968	0.0017473	0.0569184	0.0103108	0.0098044	0.0047502	0.007886	0.006116900000000001	0.0424092	0.0035392	0.19714089999999998	3.8879999999999996e-4	0.0344654	0	0.1298451	0.0114179	0.0210705	0.02713	0.0045172	0.0242542	0.0566136	0.0416974	0.0108054	0.0088342	0.013724199999999999	0.025932999999999998	0.0052855	0.0014012999999999999	0.016017299999999998	0.0092538	0.0171719	0.0337136	0.0161679	0.015987	0	0.0178523	0.020596800000000002	0.0495963	0.0326555	0.0227085
k__Bacteria|p__Firmicutes|c__Clostridia|o__Clostridiales|f__Lachnospiraceae|g__Roseburia	0.13828100000000002	0.024021	0.0011103	0.0174958	0.0177175	1.259e-4	3.9099999999999995e-5	0.011423200000000001	0.0431724	4.438e-4	0.0294993	0.0076869	0.0350294	0.0098757	0.0068519	0.0363178	0.1419338	0.1387948	0.015007900000000001	0.0032760000000000003	0.0162565	1.76e-5	0.0243079	0.038213	0.0178281	0.091124	0.0023855	0.012658899999999999	0.030390900000000002	0.0163631	0.0055964	0.16781900000000002	0.033226700000000005	0.0091024	0.0054206	0.0341776	0.0547843	0.0397049	0.009460699999999999	0.0166395	0.0055413	0.0129588	0.0270333	5.641e-4	6.9e-6	7.23e-5	0.0190628	1.18e-5	4.41e-5	3.8700000000000006e-5	0.0023016	0.0011737	4.54e-5	0.0038496	0	0.0079988	1.0850000000000001e-4	8.523e-4	0.0044666	0.0136279	0	0.0031977000000000004	0	0.0253479	0.0453968	0.0024278	0.0025174999999999998	0.0102677	0.0010707	0.0018468	8.687e-4	0.0296096	0.0090953	0.11950140000000001	0.0471872	0	0.0029119000000000003	2.979e-4	0.0117298	0	0.0039127	0.0300568	0.0172525	3.503e-4	0.0012811	1.74e-5	1.072e-4	0	3.628e-4	2.054e-4	0.0132962	0.0128441	0.0391486	0.0431191	0.0212692	0.0079393	8.28e-5	0.0074674	4.9e-5	9e-6	0.0093096	0.0936757	0.06459329999999999	0.0575292	0.0038971	0.0288827	0.1474145	2.9900000000000002e-5	1.085e-4	4.6849999999999995e-4	0.027044799999999997	2.47e-5	0.0251941	0.0325733	0.028923	0.030499599999999998	0.007595	9.27e-5	0.0364129	0.0119595	0.030296	0.0041004	0.0340149	3.312e-4	0.0071047	0.0011500999999999998	7.82e-5	0.1552389	1.5700000000000002e-5	0.1633309	2.73e-5	3.0299999999999998e-5	3.992e-4	0.0015459	1.16e-5	9.538999999999999e-4	4.22e-5	0.0016514	1.193e-4	0.0584804	8.35e-5	0.0020057	9.19e-5	0.016971100000000003	2.92e-5	6.307e-4	0.0704354	0.021978	0.3153942	6.2e-5	5.671e-4	0.0137615	0.0027174	0.0869431	0.0665786	0.0177754	0.022979299999999998	0.011791300000000001	0.011028300000000001	0.0174558	0.0081468	0.0056591	0.0016793	0.0058001	0.0081861	0.0043167	0.0089287	0.0046722000000000005	0.0091653	0.016314699999999998	0.0028361	0.0022972	0.0026167	0.017143	0.0049700000000000005	0.0015325	0.0379429	1.624e-4	0.0056777	0.0571005	0.0356065	0.0012772	0.043872100000000004	0.010030899999999999	0.042475599999999995	0	0.0102004	0.0051374	0.0013289	0.0036154	2.282e-4	0.1020358	0.030842099999999997	0	7.566e-4	0.018154399999999998	1.446e-4	0.0038199	0.0041198	0.0986743	8.34e-5	0.0178054	0.0024722	0.0025856	0.0311626	0	0.0150904	0.0103515	0.0523252	5.884e-4	0.0028043	0.0017738	0.0105858	0.0253458	0	0.044775800000000004	0.0927285	0.0137296	0.060636	4.335e-4
k__Bacteria|p__Firmicutes|c__Clostridia|o__Clostridiales|f__Oscillospiraceae|g__Oscillibacter	0.0029528000000000002	0.0021238	0.001096	0.0099132	0.0140143	0	1.9e-6	0.0034118	0.0089038	0	0.0059802	0.002188	0.0084593	0.0434213	9.2e-5	0.0035408	0.0042703	0	0.0589259	2.972e-4	7.036e-4	0	0.0037976	0.0114532	0.0047089	0.0080182	0.0080217	0.0013438	0.0075723	0.0110955	3.458e-4	0	0.0039091	1.335e-4	0.0105687	0.0016852	0.0022522	0.0043949	0.0032909	0.0016313	0.0081052	0.0075984	0	0	0	0	6.89e-5	0	0	0	0.0023418	0.013235	0	0	0	0.0392225	0	0.0018983	0.0216356	0.0205445	0	0.0059286	0.0057559	8.018e-4	0.0161419	1.342e-4	0.0024005	0.0027966	0	0.0685989	0.0037858	6.73e-5	0.0202152	0.0063431	0.0032726	0	0.0019354	0.0062949	0.0016205	0	0.0055429	0.0031299	0.013487	0.0033483	0.0018964	0	0	0	0.0188452	3.66e-5	2.713e-4	0.0348267	4.062e-4	7.583e-4	6.039e-4	0.0057186	0.0062936	0.0046867	0	0.0313936	0.001174	0	0.0058855999999999995	0.0028412	0.0054199999999999995	0.0097436	0.0019629	6.4e-6	0	0.0046308	0.012876799999999999	0	0.0010285	0.0023739	0.0033774	3.762e-4	0.0035524	0.0209271	0.0190374	0.010014	0.0013135	0.0099266	0.0041835	0.0128472	0.0094024	0.0058	0.0151005	1.2e-5	0	4.8e-6	2.1e-6	2.5e-6	3.05e-5	0.0028315	7.362e-4	0.0031479999999999998	0.0245524	1.1e-6	0.001248	0	0	0.0027773	0.0021768	0.0581774	0	0.002839	0.0076335	0.0071844000000000005	0	0.026697199999999997	0.0078112	0.0453376	0.0069283999999999995	0.0032846	0.0030987	5.618e-4	0.0019868	0.0013224	0.0114976	0.0043991	0.0020591	0.0065894	0.0018841	0.0012428	0.0014633	8.474e-4	0.0019564	0.0099174	0.0088606999999999991	2.953e-4	0.0132632	3.738e-4	0.0022716	0.0090893	5.94e-4	3.191e-4	0.0038539	3.49e-5	0.0025633	0	0.0016771	0.0010431	5.139e-4	0.0049293	0.0073431	0	4.887e-4	0.0014778	0.0109602	0.0128288	0.0026963	0.0053889	0.0053417	0	0.0019883	0.0039712	0	0.0011306	4.128e-4	0	0.0036101	0.0138021	0.0040354	0.0019165	0.0042737	4.311e-4	0.0071605	0.0024925	0.0155704	8.787e-4	0.0032897	0.0233539	0.0070707	0.0016632	0	0.0017019	0.0029971	6.746e-4	0.0089224	0.0038329
k__Bacteria|p__Firmicutes|c__Clostridia|o__Clostridiales|f__Peptostreptococcaceae|g__Peptostreptococcaceae_noname	0.0012421	0.0020783	0.0043711	0.0028584	0.0010826	0	0.0024991	5.97e-5	8.161e-4	0.0017115	3.208e-4	0.0011359	0.0040357	1.85e-5	5.252e-4	0	0	0.0186848	5.23e-4	0.016607399999999998	0.010557800000000001	3.92e-5	0	0.0036722	0.0030642	0.0017404	5.069e-4	0	1.443e-4	0.0076093	0.0012443999999999999	0	0	0.0035072000000000002	0	0.0028253	0.0063069	9.366e-4	0.0010335000000000001	0.0020861	9.946e-4	5.364e-4	0.0046239	0.0102494	0.0010024	1.475e-4	0.0013945	0	0.006168	0.0022538	8.786e-4	0.0017355	0.0053512	1.564e-4	0.0306146	4.42e-5	0.0015257	4.919e-4	0.001377	0.002327	0	0.001928	0.0010089	0.0120338	0.0014425	6.33e-5	0	0.0085631	0	5.092e-4	7.786e-4	0.0788351	0.0109156	8.41e-4	1.375e-4	0	9.01e-5	0	7.105e-4	0.0102744	0.0012559000000000001	0.0019557	0.0015601999999999999	0.0103616	3.283e-4	0.0027455	9.635e-4	0.0350506	0.0102954	0.1954266	0.0019534	0.0032874	0.0022116	0.0221504	6.9e-4	0.0014417	0	0.0010485	0	0	0.0074992	2.791e-4	0.0015548	2.164e-4	5.88e-4	1.317e-4	0.0041151	6.27e-5	5.964e-4	6.48e-5	4.393e-4	0	3.741e-4	1.074e-4	0	0	6.36e-5	0.0100086	3.01e-5	4.822e-4	8.77e-5	4.741e-4	0.0016485	1.116e-4	7.488e-4	7.101e-4	1.637e-4	0.0152131	2.17e-5	0.001157	0.0016473	0.0103439	0	2.73e-5	1.987e-4	0.0046049	3.053e-4	0.0262746	0	0	3.99e-4	1.59e-5	2.875e-4	0.0023857	0.0091608	0	0.0015523	6.3e-6	0	5.654e-4	0	0.0028868	2.431e-4	3.257e-4	0	0.0031861	0.0042428	0.0032225	0.0037007	5.192e-4	0.0037769	7.738e-4	0.0059777	0.0230408	0.0024281	0.0130338	0.0013899	0.0019827	5.506e-4	0.0018357	0.0045436	6.89e-5	0.0079244	0.0106637	0.0143375	0.0011187	0.003311	0.0014215	0.006766599999999999	0.0038623	0	0.0035887000000000002	6.878e-4	0.0137715	7.09e-4	4.246e-4	0.0100269	0.0023971	0.0027207999999999998	0.003922	0.008186200000000001	0.014518	0.0021346	0.101456	0.0083696	0.010141	5.847e-4	0.0092555	0.0010791	0.0082736	0	0.0027145	4.327e-4	0.0030097	0.007396799999999999	0	0.0037933	0.0027124999999999996	0.0017369	0.0021586	3.498e-4	0	0.0177953	8.934e-4	0	0.0047651	7.659e-4	0.0042009	0.0080027	0.0018747
k__Bacteria|p__Firmicutes|c__Clostridia|o__Clostridiales|f__Ruminococcaceae|g__Anaerotruncus	0.0014929	0	0.0028631000000000004	0	0.0022286	0	0	0	1.314e-4	0	6.89e-5	9.82e-5	7.535e-4	3.246e-4	9.4e-5	3.383e-4	0.0013008	0	0	0	2.2199999999999998e-4	0	0	0	8.083e-4	4.301e-4	0.0011020000000000001	3.3350000000000003e-4	3.233e-4	3.012e-4	2.13e-4	0	2.463e-4	0	3.7680000000000005e-4	0.0014937	0	0	1.81e-4	0	4.368e-4	1.902e-4	0	0	0	0	8.26e-5	1.138e-4	0	0	0	2.831e-4	0	1.629e-4	0	0.0022466	0	2.2e-6	6.937e-4	3.59e-4	0	0	0.0038035	2.138e-4	5.236e-4	7e-5	5.083e-4	3.675e-4	0	8.98e-4	0	7.62e-5	1.106e-4	4.5739999999999995e-4	0	0	0	0.0019786	2.131e-4	0	0.0010642	0.0021953	4.335e-4	9.27e-5	0	0	0	0	0	0	0	0	1.287e-4	1.1960000000000001e-4	8.89e-5	0	0.0026493	0.0027457999999999996	0	3.317e-4	0	0	8.335e-4	0	0.0021294	5.342e-4	0	0	0	0	1.177e-4	0	0.0018988	3.95e-5	6.104e-4	3.43e-5	0.001329	5.773e-4	0.0016210999999999999	7.425999999999999e-4	0	2.88e-4	2.97e-4	0	1.547e-4	0.0024535	0.0010092	0	0	0	0	0	0	3.32e-4	0	2.064e-4	2.324e-4	0	0	0	0	2.908e-4	0	0.0044451000000000004	0	1.43e-4	0.0010419	0.0011677	0	0	2.497e-4	3.076e-4	0	1.107e-4	2.736e-4	0	0	0	0	0	0	0	0	0	0	0	0	0	0	0	0	0	0	0	0	0	0	0	0	0	0	0	0	0	0	0	0	0	0	0	0	0	0	0	0	0	0	0	0	0	0	0	0	0	0	0	0	0	0	0	0	0	0	0	0	0	0	0	0	0
k__Bacteria|p__Firmicutes|c__Clostridia|o__Clostridiales|f__Ruminococcaceae|g__Faecalibacterium	1.741e-4	0.0842688	0.0232824	9.593e-4	0.102199	1.414e-4	1.725e-4	2.856e-4	0.132732	2.187e-4	0.237163	0.0360032	0.107568	0.0179681	0.140558	0.0651198	0.0023308	0.120708	0.229172	0.0564614	0.0057231	0.0063957	0.0947886	0.136868	0.0605239	0.169868	0.0539788	0.0206204	0.120891	0.0235496	0.0130388	0.409872	0.086753	0.0372482	0.0724765	0.0867499	0.159948	0.141878	0.0316526	0.0895628	0.0253559	0.0512996	1.374e-4	7.87e-5	5.82e-5	9.28e-5	0.0583752	2.94e-5	2.518e-4	1.241e-4	0.203485	0.0629414	6.5e-6	0.148843	9.48e-5	0.0173742	7.563e-4	6.697e-4	0.0258925	0.0720169	4.59e-5	5.76e-5	5.38e-5	0.0025831	2.527e-4	0.0111125	0.0308114	0.0829865	0.0069472	2.383e-4	0.0451133	0	0.016119	0.102807	0.0670355	0	8.65e-5	4.935e-4	1.705e-4	7.092e-4	0.0826273	9.745e-4	0.0326382	0.004286	0.142079	3.12e-5	1.183e-4	8.18e-5	0.0275366	0.0011109	0.146243	0.116206	0.0089578	1.396e-4	0.0099918	0.163915	1.13e-4	0.0515786	5.85e-5	2.7e-6	1.698e-4	0.078286	0.120429	0.11389	0.104578	0.044122	0.100592	3.352e-4	2.058e-4	0.0019178	0.117087	6.63e-5	0.0423659	0.101921	0.136046	0.0378938	0.0341572	2.679e-4	0.0010532	0.0885819	0.0718428	0.0817057	0.106987	0.131479	0.0619569	3.725e-4	0.206441	3.176e-4	1.054e-4	1.359e-4	1.39e-4	1.101e-4	0.0034625	1.655e-4	2.9e-5	0.0992781	1.787e-4	1.62e-4	0.0875038	0.34402	0.0352941	0.164909	0.0189532	0.0633121	1.7e-5	0.0146799	0.164297	0.174397	0.117588	1.878e-4	0.0911562	0	0.0285587	0.0557419	0.107028	0.0791464	0.154411	0.0448258	0.0526223	0.0924781	0.0867251	0.0467649	0.0214026	0.0341064	0.0539116	0.0440515	0.070372	0.0609551	0.067534	0.0660105	0.0021831	0.0562585	0.0224002	0.0016232	0.0677251	0.0506361	0.095651	0.0015936	0.102654	0	0.0372808	0.0132429	0.0610464	0.0734629	0.117795	0	0.108656	0.191358	0.0528401	0.0224221	0.177842	0.133871	0.106178	0	0.0693144	0.0354006	0.0228926	0.0577086	0	0.0026603	0	0	0.0648592	0.0386122	0.0651831	3.7e-6	0.194283	0.0380084	0.0429602	0.0399632	0.0722096	0	0.0010792	3.313e-4	0	0.287851	0.0825383	0.0678692	0.0411285	0
k__Bacteria|p__Firmicutes|c__Clostridia|o__Clostridiales|f__Ruminococcaceae|g__Ruminococcaceae_noname	0	0.0043927	3.23e-5	2.47e-5	0.0051294	0	0	1.05e-5	0	0	0	0	0.0037963	1.576e-4	0	7.61e-5	2.944e-4	0.0046829	0	0.003343	8.76e-5	0	0	1.306e-4	0	0	0	0	6.75e-5	1.58e-5	0.0022584	0	0	0	4.53e-5	1.27e-4	3.5e-6	4.181e-4	0.0025512	2.414e-4	0	0	0	0	0	0	0	0	0	0	0	1.82e-5	0	0	0	8.93e-5	0	0	4.79e-5	1.326e-4	0	0	1.27e-5	0	0	4.7e-6	6.049e-4	0.0217218	0	0.0308496	4.3e-6	0	5.1e-6	3.66e-4	0	0	0	0	0.0236059	0	9.68e-5	0	0.00145	9.27e-5	0.0067249	0	0	0	0.0574751	0	0	3.1e-4	1.75e-5	0	0	0.0039909	1.31e-5	1.94e-4	0	9.75e-5	0	0	0.0011298	2.8e-6	1.58e-4	5.76e-5	0	0	0	0	4.84e-5	0	3.6e-6	1.4e-5	5.296e-4	1.9e-6	7.38e-5	0.0027914	9.699e-4	1.138e-4	1.42e-5	4.1e-6	1.78e-5	0.020284	0	0.0019662	0.0220198	0	0	0	0	0	0	1.6e-5	0	0	3.61e-5	0	0	0	0	1.048e-4	1.283e-4	0.0081577	0	1.227e-4	0	0.001805	0	0	5e-5	0	8.2e-6	3.9e-5	0.0095195	0	0	0.0032311	3.4e-5	0	2.209e-4	0	9e-5	0	0	0	0	4.78e-5	0	0	1.815e-4	0	0	0	0	0	0	0	6.192e-4	0	1.215e-4	0	0	0	0	0	8.3e-6	0	0	0	6.78e-4	1.919e-4	2.061e-4	0	3.19e-5	1.32e-5	0	0	0.001154	0	0	0	2.67e-4	0.0022804	6.68e-5	0	0.0034357	4.985e-4	2.53e-5	0	0.0026494	0	0	0	0	9.743e-4	7.365e-4	0	0	0
k__Bacteria|p__Firmicutes|c__Clostridia|o__Clostridiales|f__Ruminococcaceae|g__Ruminococcus	0	0.1153058	0.0122219	0.0477112	0.21137519999999999	0	3.76e-5	0.038690499999999996	0.1069917	9.72e-5	0.0264224	0.1417306	0.0574	0.1265711	0.0617379	0.0277163	0.041336	0.0771128	0	0.11521569999999999	0.12833060000000002	0	0.0544309	0.0516334	0.2436988	0.11474390000000001	0.0809589	0.14755089999999998	0.0400784	0.1826944	0.2227875	0	0.0667518	0.0205364	0.0923148	0.0484866	0.0781945	0.0436347	0.0821988	0.07994180000000001	0.3419627	0.0838321	3.68e-5	0	0	0.140235	0.1089498	0	6.95e-5	0	0.0464224	0	0	0.138879	0	0.028179100000000002	3.069e-4	0.0990895	0.0724242	0.1183154	2.89e-5	0.0896478	0	0.178921	0.0946398	0.0871172	0.1227572	0.0355085	0.0055332	0.0783418	0.0831277	0	0.0623743	0.010487300000000001	0.0162027	0	0.0646583	1.72e-5	0.402824	0	0.1794879	0.175033	0.2084679	0.0010713	0.0283373	0	0	0	0.0478718	1.214e-4	0.0527191	0.18155380000000002	0.1951076	0.204301	0.12611920000000001	3.361e-4	0	0.15918690000000002	9.2e-6	0	0	0.0198562	0.1025459	0.1462908	0.033502699999999996	0.0464475	0.013239	5.96e-5	2.58e-5	0.041824499999999994	0.0860003	0	0.0772475	0.0537708	0.0331196	0.036377799999999995	0.0397323	0.0206537	0.1156338	0.0572718	0.0545224	0.0146941	0.0347592	0	0.045172199999999996	0.0114197	3.02e-5	0.15504500000000002	1.23e-5	1.04e-5	1.79e-5	3.08e-5	0.0910613	0.038962500000000004	2e-6	0.1132366	1.94e-5	1.7e-5	0.0462437	0.0029595	0	0.0377865	0.0205197	0.1533108	0	0.0092221	0	0.1213041	0.0550941	0	0.0040512	0	0.047598100000000004	0.062138900000000004	0.0478738	0.0473593	0.24732579999999998	0.08696609999999999	0.0255479	0.15716739999999998	0.1451591	0.1125485	0.0721758	0.2749955	0.2700279	0.2524398	0.0459517	0.2181864	0.046904299999999996	0.11297109999999999	0.065689	0.23106870000000002	0.01679	0.2195667	0.035343900000000004	0.0996088	0.1482521	0.0337393	0	0	0.0721166	0.0062546	0.157452	0.0881243	0	0	0.0365879	0.0370097	0.0818383	0.0290519	0	0.025607300000000003	0	0	0.0250725	0.0566807	0.0733134	0.23326639999999998	0.1398683	0	0	0.118565	0.3008086	0.2574706	0.0785964	0.247156	0.2224162	0.1503427	0.1051659	0.050421799999999996	0.0615416	0	0	0.0165968	0	0.0021560999999999998	0.186748	0.0050998	0.315944	0
k__Bacteria|p__Firmicutes|c__Clostridia|o__Clostridiales|f__Ruminococcaceae|g__Subdoligranulum	0.0207848	0.0448844	0.017311	0.0026967	0.0279697	1.011e-4	1.086e-4	0.0047742	0.007733	0.0708831	0.0020446	0.0027576	0.0232656	0.1275584	0.0276447	0.0855291	0.049378599999999995	0.0046436	0.0059405	0.0134282	0.2127004	3.56e-5	0.0741361	0.0250537	0.0458754	0.0773439	0.0314997	0.0567	0.0786102	0.13393080000000002	0.07891329999999999	0.0110657	0.198644	0.008417	0.10897	0.117767	0.0579764	0.0027905	0.0789896	0.0325795	0.013536	0.0671288	4.957e-4	0.0025674	1.314e-4	0.0273341	0.0174256	6.7e-5	2.673e-4	1.719e-4	0.0082241	0.09020650000000001	0	0.0141071	1.595e-4	0.1474603	7.647e-4	0.0344836	0.0238985	0.0526369	4.27e-5	0.0044101	0.019877699999999998	0.029473	0.0136362	0.0278882	0.0446099	0.1766847	0.0091756	0.018839599999999998	0.004808	0.0019169	0.1483825	0.100067	0.0029628	0.0134486	0.0157643	0.0255813	0.0528384	0	0.120197	0.0318423	0.075173	0.0224944	0.0355175	3.01e-5	9.57e-5	4.978e-4	0.0256106	0.0051217	0.0158828	0.0252657	0.12221820000000001	3.135e-4	0.0185409	0.0146749	0.0052864	0.168759	7.84e-5	0.0076215	0.0019961	0.0111391	0.0864448	0.0201534	0.0403398	0.053176999999999995	0.0598646	9.33e-5	0.0808435	6.514e-4	0.0258831	6.145e-4	0.0212448	0.167676	0.0475349	0.0030797	0.0837436	0.0302346	0.0453104	0.0700723	0.0258564	0.0653058	0.0267785	0.0206297	0.0015879	0.100946	0.0727387	9.37e-4	9.68e-5	0.0014355	8.58e-5	2.257e-4	9.844e-4	0.0104333	5.427e-4	0.0252399	0.0676491	2.72e-5	0.0176954	0.0067355	1.61e-5	0.0752519	0.0184487	0.0525467	9.54e-5	0.0564699	4.405e-4	0.028087	0.0198381	3.088e-4	0.045935	0.006557	0.0054018	0.0208207	0.0340114	0.0274026	0.0293631	0.0092639	0.027929	0.15524	0.274826	0.0484668	0.165748	0.0915268	0.0306684	0.0447216	0.0411225	0.019427	0.010866	0.116881	0.132109	0.0252693	0.106422	0.020912	0.028185	0.0974538	0.0697398	5.481e-4	0.0786223	0.0140763	0.0878789	0.195405	0.0017502	0.0290859	0.0017015	0.0131773	0.116635	0.0405352	0.0055841	0.0415194	0.0094639	0.0420431	0.0280211	0	0.0288106	0.022754	3.629e-4	0.0047234	0.0282004	0.0039915	0.0027383	0.0072483	0.0156673	0.0082861	0.0656076	0.0086185	0.0526534	0.0078453	0.0312356	0.0838995	0.0728904	0.0106131	0.196399	0.0098697	5.96e-5	0.022263	0.0195548	0.005632	0.0941782	0.0063344
k__Bacteria|p__Firmicutes|c__Erysipelotrichia|o__Erysipelotrichales|f__Erysipelotrichaceae|g__Catenibacterium	0	0	0	0	0	0	0	0	0	0	0	0	0	0	0	0.0068515	0.0205403	0	0	0	0	0	0	0	0	0	0	0	0	0	0	0	0	0	0	0	0	0	0	0	0	0	0	0	0	0	0.012654200000000001	0	0	0	0	0	0	0	0	0	0	0	0	0	0	0	0	0	0	0	0	0	0	0	0	0	0	0	0	0	0	0	0	0	0	0	0	0	0	0	0	0	0	0	0	0.0060969	0	0	0	0	0	0	0	0	0	0	0	0	0.0104814	0	0	0	0	0	0	0	0	0	0	0	0	0	0	0	0	0	0	0	0	0	0	0	0	0	0	0	0	0	0	0	0	0	0	0	0	0	0	0	0	0	0	0	0	0	0.0054983	0	0	0	0	0	0	0	0	0	0	0	0	0	0	0	0	0	0	0	0	0	0	0	0	0	0	0	0	0	0	0	0	0	0	0	0	0	0	0	0	0	0	0	0	0	0	0	0	0	0	0	0	0	0	0	0	0	0	0	0	0	0	0	0	0	0	0	0	0
k__Bacteria|p__Firmicutes|c__Erysipelotrichia|o__Erysipelotrichales|f__Erysipelotrichaceae|g__Coprobacillus	0.0021139	3.16e-5	1.38e-5	9.193e-4	2.237e-4	8.606e-4	8.6e-6	5.802e-4	4.147e-4	0.0019299	7.3e-6	0	0	2.35e-5	3.473e-4	0	5.73e-5	0.0019068	7.983e-4	0	0.0039957	2.7e-6	0	0	1.25e-5	0	0.0015946	4.9e-6	0	0.0015315	0	0.0017716	0	8.09e-5	0	3.149e-4	0	5.17e-5	7.198e-4	0	9.395e-4	0	0.0015899	8.042e-4	0	0.0216624	0	0	0.003041	7.159e-4	6.93e-5	0	0.0014596	0.0019244	0.0035969	0.0067518	0	8.818e-4	2.8e-6	3e-6	0	0.0028528	0.0030945	0.0899104	4.714e-4	0	0	0	0	3.091e-4	0.0014208	0.0036327	0	4.31e-5	3.51e-5	0	0.0010372	1.646e-4	0.0031145	0	0	0.013345600000000001	4.53e-5	0	0.0013196	0	0.0079344	0.0826729	0.0059589	0	2.923e-4	0	1.403e-4	0.0075845	4.066e-4	0	0.0047919	0	0.0644038	6.121e-4	0.0170295	0	0	0.0010794	3.82e-5	7.48e-5	1.22e-5	0	1.59e-5	0.0026398	3.9e-6	0.0015673	1.08e-5	0	1.408e-4	2.45e-5	7.3e-6	0.0326476	0.0065827	8.484e-4	3.12e-5	0	3.284e-4	1.451e-4	8.26e-5	0.002392	0.0038536	0.0037331	0	0.0206412	1.354e-4	0.0168221	1.32e-5	3.436e-4	0	3.037e-4	0.025271	3.5e-6	0	0.0018335	7.86e-5	0	0	0	0.0720034	0	0.0017548	0	0	0.0108523	0	2.103e-4	0	0	0.0028077	0	0	0.0195488	7.97e-5	0	0	0	0	0	0	0	0	2.009e-4	0	0	0	0	0	6.053e-4	0	0	0	0	0	0.002063	0	0	0.0028127	3.31e-5	0.002965	0.0409076	0	0	2.821e-4	0	2.74e-5	0	0	0	0	0	0	0	8.668e-4	0.0057215	0.0021006	9.977e-4	0	0	0	0.0033186	0	0	0	0	0	0.0018171	9.629e-4	0.0015083	0	0	0.0020373	0	6.978e-4	6.967e-4
k__Bacteria|p__Firmicutes|c__Erysipelotrichia|o__Erysipelotrichales|f__Erysipelotrichaceae|g__Erysipelotrichaceae_noname	0.0034489	1.361e-4	4.173e-4	0.011124799999999999	5.693e-4	0.0046552	0	0.0017152	4.592e-4	0.034782600000000004	1.6089999999999998e-4	0.002218	0.0020900000000000003	6.765e-4	7.438e-4	0.003976	0.047357100000000006	0.0010289000000000001	0.0011378999999999998	7.121e-4	0.0029500999999999998	4.123e-4	1.155e-4	2.79e-4	0.00297	0	0.0013351	4.656e-4	1.1119999999999999e-4	0.0416041	4.2750000000000004e-4	0.0086139	4.072e-4	0.027895399999999997	1.418e-4	5.281e-4	0.0015947000000000001	2.7099999999999998e-5	0.0068968	1.29e-5	9.353e-4	6.58e-5	0.0018623	0.0013710999999999999	0.0054706	0.0213625	2.83e-5	0	2.283e-4	0.0108526	0	5.01e-5	0.0623209	0.0012356000000000001	0.0013337	0.0041878	0	0.0017392	4.116e-4	0.0053048	0	5.665000000000001e-4	0.00718	0.0233649	4.306e-4	3.731e-4	8.605e-4	0.0099083	0	0.0032593	0.0012217	0.0192801	5.495e-4	2.422e-4	0	0	8.926e-4	1.12e-5	8.373e-4	0.0240123	0.0011608	0.0209366	0.0024754	0.0031076999999999997	7.24e-5	0	0.0070209	0.0438764	0.0267894	0.48466	5.863e-4	0.0047201000000000005	1.782e-4	0.0024119999999999996	0.0210673	0	0.0018780000000000001	0.0136976	0	0.0019906	0.013391400000000001	0	0.005134400000000001	4.996e-4	0.0024141999999999996	0.0249921	6.41e-5	4.6e-6	1.0750000000000001e-4	0.0029494	0.0012209999999999999	0.0162292	1.268e-4	0	9.92e-5	0	0.0011674	0.0069915	3.527e-4	0.0012233	0.011985299999999999	5.076e-4	1.858e-4	0.0067496000000000006	5.566e-4	0.015281099999999999	0.0056431	0.0039011000000000002	0	6.5e-6	1.08e-5	0.0238516	3.121e-4	6.14e-4	0	0.0244828	0.0064554	0	1.75e-4	0	1.976e-4	0.00978	0.0034909	3.212e-4	0.0361805	0.0014024	0.0016185000000000001	8.24e-5	0	0.0076458	0.0051724	0.0014077999999999999	0	3.601e-4	0.0017292999999999998	0.0092297	0	0.0046317	0.0138524	0	0	0	5.598e-4	0.0011884999999999999	0.0643729	0	0	0.0066205000000000005	0	0	0	0.0823828	0	4.7600000000000005e-5	0.031556	0.0030552	0	0	0.0629283	2.329e-4	0.0162811	0.0062229	0.0027758	1.052e-4	3.952e-4	0.0208387	0.0043743	0	0	0	0.0677947	0	0	0	0.0262086	0	0	0	1.827e-4	0.0037862	0.0013445	0.0308241	0	0.0326359	0.0159741	0.004374	0	0.0329294	0.02978	0.0063116	0.1691642	3.39e-4	2.017e-4	3.669e-4	0	0	3.926e-4	0	3.87e-5	8.687e-4
k__Bacteria|p__Firmicutes|c__Erysipelotrichia|o__Erysipelotrichales|f__Erysipelotrichaceae|g__Holdemania	0.0015834999999999998	5.046e-4	0.0014022	8.419e-4	0	0	0	0	3.204e-4	0	2.056e-4	3.593e-4	9.937000000000001e-4	0.0015824	0	1.187e-4	4.688e-4	0.0018955	0	4.537e-4	7.288e-4	0	3.24e-4	0.0015328	9.733999999999999e-4	8.028e-4	6.07e-4	4.298e-4	5.461999999999999e-4	0.004592	1.043e-4	0	6.025e-4	3.2e-5	3.655e-4	8.799e-4	6.134000000000001e-4	7.74e-5	1.577e-4	2.26e-4	2.61e-5	2.96e-5	0	0.001869	0	0	2.549e-4	0	0	0	3.531e-4	4.765e-4	0	5.512e-4	0	0.0018052	0	6.268e-4	2.9340000000000003e-4	1.8690000000000002e-4	0	6.091e-4	7.444999999999999e-4	7.653e-4	0	4.48e-5	4.226e-4	8.386e-4	0	0.001727	1.455e-4	0	9.717e-4	0.0011328	0	0	0	0	1.444e-4	0	1.293e-4	0.0017242	2.973e-4	8.93e-5	0.0047326	0	0	0	0	0	0.0013199	4.11e-5	0.0025732999999999997	0	3.534e-4	0.0029358	0	0.0012256	0	0	0	0	8.97e-4	0.0026137	0	0.001217	0.0011387	0	0	1.898e-4	2.015e-4	0	0	3.156e-4	1.969e-4	3.43e-5	5.979e-4	0	0.0015589	2.99e-4	1.0619999999999999e-4	9.62e-5	7.021e-4	0.0014164	3.58e-4	6.312e-4	0.0020480000000000003	0	0	0	0	0	0	3.634e-4	0	0.006031	0.0011811999999999999	0	0.0010998	0	0	0	4.2199999999999996e-5	7.223e-4	0	6.418e-4	0.0016145999999999999	0.00050179999999999995	0	0.0026358	1.549e-4	0.0173302	3.84e-5	0.0011686	5.935e-4	0	0	0	0	0	0	0	0	0	0	0	0	0	0	0	0	0	0	0	0	0	0	0	0	0	0	0	0	0	0	0	0	0	0	0	0	0	0	0	0	0	0	0	0	0	0	0	0	0	0	0	0	0	0	0	0	0	0	0	0	0	0	0	0	0
k__Bacteria|p__Firmicutes|c__Erysipelotrichia|o__Erysipelotrichales|f__Erysipelotrichaceae|g__Turicibacter	0	0.0016804	9.82e-5	0	0	0	0	0	0	0	6.567e-4	1.008e-4	4.896e-4	0	0	0	0	0.0011428	0	7.16e-5	8.24e-5	0	0	0	0	2.26e-5	2.585e-4	1.023e-4	2.49e-5	5.81e-5	0	0	0	0.0011563	0	1.84e-4	3.94e-5	0	0	0	0	4.177e-4	0	0	0	0	1.84e-5	0	0	0	0	0	0	0	0	0	0	0	4.39e-5	4.64e-5	0	0	0	3.646e-4	3.851e-4	3.108e-4	0	5.691e-4	0	0	0	4.67e-5	0	0	0	0	0	0	0	0	0	1.96e-5	1.434e-4	0	0	0	0	0	0	0	1.933e-4	0	1.168e-4	0	0	0	0	0	0	0	0	0	3.27e-5	0	7.9e-6	1.419e-4	0.001788	0	0	9.88e-5	0	0	0	5.4e-6	0	0	0	7.38e-5	0	5.86e-5	0	2.358e-4	1.77e-5	0	0	0	0	1.06e-4	0	0	0	0	0.0107888	0	0	2.425e-4	0	0	0	0	0	0	0	6.358e-4	0	0	1.071e-4	0	0	3.42e-5	0	1.87e-4	0	1.824e-4	0	0	0	0	0	0	0	0	0	0	0	0	0	0	0	0	0	0	0	0	0	0	0	0	0	0	0	0	0	0	0	0	0	0	0	0	0	0	0	0	0	0	0	0	0	0	0	0	0	0	0	0	0	0	0	0	0	0	0	0	0	0	0	0	0	0
k__Bacteria|p__Firmicutes|c__Negativicutes|o__Selenomonadales|f__Acidaminococcaceae|g__Acidaminococcus	0	7.6e-6	1.99e-5	4.56e-5	5.18e-5	1.02e-5	9.2e-6	1.22e-5	3.53e-5	8.428e-4	0.0086088	0	9.9e-6	0	1.71e-5	0	8.5e-6	0.0450637	1.037e-4	0	2.54e-5	0.223179	0	0	0	0	0	0	0	0	0	0.0019254	8.417e-4	0	0	0	0	0	0	0	0	0.0130136	3.68e-5	4.71e-5	4.24e-5	3.2e-5	0	0.223939	2.91e-5	5.08e-5	0	0	0	0	0	1.64e-5	7.28e-5	0.0222388	0.0264308	0.0283672	1.18e-5	2.09e-5	4.07e-5	4.81e-5	0.07705110000000001	0	0	0.0300722	0.0016798	0.0920422	0.0507448	0	6.59e-5	1.018e-4	0.0059067	0	0.0588408	0.0162199	3.66e-5	0	0	0	0	0	5.411e-4	9.1e-6	0.0021332	1.055e-4	8.1e-5	5.63e-5	3.95e-5	0	0	2.32e-5	2.76e-5	0	0.0112391	0	2.3e-5	0	3.19e-5	0	0	0	8.609e-4	6.4e-6	1.27e-5	3.5e-6	6.8e-6	8.3e-6	7.4e-6	0	2.81e-5	1.51e-5	9e-6	8e-6	3.5e-6	1.02e-5	8.8e-6	1.48e-5	2.5e-6	2.1e-6	8.5e-6	0	0.0660274	3.01e-5	6.9e-6	2.37e-5	4.884e-4	3e-6	4e-6	9.5e-6	2.5e-6	0.13285	0	6.5e-6	0	5.9e-6	0	0	0	0	0	0	0	0	0	0	0	0.052461	0.0032266	0	0	0	0	0	0	0	0	0	0	0	0	0	0	0	0	0	0	0	0	0	0	0	0	0	0	0	0	0	0	0	0	0	0	0	0	0	0	0	0	0	0	0	0	0	0	0	0	0	0	0	0	0	0	0	0	0	0	0	0	0	0	0	0	0	0	0	0	0
k__Bacteria|p__Firmicutes|c__Negativicutes|o__Selenomonadales|f__Acidaminococcaceae|g__Phascolarctobacterium	0	0	0	0	0	0	0	0	0	0	0.0272512	0	0	0	0	0	0.0190822	0	0	0	0	0	0	0	0	0	0	0	0	0	0	0	0	0	0	0	0	0.0911073	0	0	0	0	0	0	0	0	0	0	0	0	0	0	0	0	0	0	0	0	0.004952	0	0	0	0	0	0	0	0	0	0	2.33e-5	0	0	0	0	0	0	0	0	0	0	0	0	0	0	0	0	0	0	0	0	8.27e-5	0	0.0012883	0	0	0	0	0	0	0	0	0	0	0	0	0	0	0	0	0	0.0343222	0	0	0.0051999	0	0	0	0	0	0.0246065	0	0	0	0	0	0	0	0	0	0	0	0	0	0	0	0	0	0	0	0	0	0	0	0	0	0	0	0	0	0	0	0	0	0	0	0	0	0	0	0	0.0161428	0.0321209	0	0	0.0052868	0	0	0.0088871	0	0	0	0	0	0	0	0.0088583	0	0	0.0208465	0	0	0	0	0	0	0	0.0294822	0	0	0	0	0	0	0	0	0	0	0	0	0	0	0	0	0	0	0.0197783	0	0	0	0	0.0141124	0	0	0	0	0	0	0	0	0
k__Bacteria|p__Firmicutes|c__Negativicutes|o__Selenomonadales|f__Veillonellaceae|g__Dialister	0.0312739	0.0791188	0.0391964	0.045466	0.298395	1.205e-4	7.4e-6	3.18e-5	0.106713	3.041e-4	8.1e-5	0	5.1e-6	1.29e-5	0.116855	0.0362474	7.38e-5	0.124761	0.0244816	0	0.0445992	0.0373918	0	0	4.603e-4	0	0	0	0	0	0.0365083	0.0049177	0	0	0.0194192	0.103534	0.0810408	0	0	0.0514367	0.088925100000000007	0.06022	2.943e-4	0.106429	7.42e-5	0.174525	0.0830811	2.28e-5	1.256e-4	0.033881	5.047e-4	0.0579571	5.173e-4	0.0238088	8.42e-5	2.54e-5	5.183e-4	2.78e-5	1.19e-5	0.0127387	8.91e-5	0.0184763	0.278123	7.912e-4	0.042609	0	0	0.10632	0.002748	0	9.33e-5	0.0088028	0.0824565	0.0782725	1.281e-4	0	1.026e-4	2.321e-4	1.134e-4	0	0	0.0093378	0.0708483	3.67e-5	7.51e-4	3.13e-5	0.0657263	1.741e-4	0.0441818	1.157e-4	0.110847	1.88e-5	0	9.16e-5	0.105269	0.0324884	1.907e-4	0	5.01e-5	0	2.72e-5	0.0164892	0	0.0283081	1.56e-5	1.92e-5	2.71e-5	2.82e-5	1.77e-5	0.0152925	1.45e-5	0	2.44e-5	4.39e-5	1.48e-5	1.69e-5	5.4e-6	2.4e-5	1.53e-5	4.1e-6	1.1e-6	0	4.6e-6	0	0.0341977	0	0.0021489	9.32e-5	1.01e-5	1.46e-5	1.54e-5	2.9e-6	2.1e-5	0.0528998	0	0.0047477	5.8e-6	1.93e-5	0	0.0110811	0.0546324	0	0.0477561	0	0	0	0.0301635	0.0287116	0.0029578	0.0697001	9.3e-6	0.0019653	0.0387841	0.0433008	0	0.0494123	0.0343343	0	0	0.0613965	0	0	2.781e-4	0.0132387	0	0	0.0535766	0	0	0.0705857	0	0	0	0.0721027	0	0	0.0978755	0	0	0	0	0	0.0399153	0	0.054269	0	0	0.0399212	0.0306739	0.0146656	0.0106457	0	0	0	0.0485729	0.0013227	0.107686	0.0674765	0.002008	0	0	0.0421079	0	0	0.0344921	0	0.0957531	0	0.08137	0.0395275	0	0.0469265	0	0.155216	0.0034231	0.0027788	0.0386675	0.0471982	0.0555409	0.0673388
k__Bacteria|p__Firmicutes|c__Negativicutes|o__Selenomonadales|f__Veillonellaceae|g__Megamonas	0	0	0	0	0	0	0	0	0	0	0	0	0	0	0	0	0	0	0	0	0	0	0	0	0	0	0	0	0	0	0	0	0.0288363	0	0	0	0	0	0.0327717	0	0	0	0	0	0	0	0.0070263	0	0	0	0	0	0	0	0	0	0	0	0	0	0	0	0	0	0	0	0	0	0	0	0	0	0	0	0	0	0	5.447000000000001e-4	0	0	0	0	0	0	0	0	0	0	0	0	0	0	0	0	0	0	0	0	0	0	0	0	0	0	0	0	0	0	0	0	0.0062209	0	0	0	0	0.0325462	0	0	0	0	0	0	0	0	0	0	0	0	0	0	0	0	0	0	0	0	0	0	0	0	0	0	0.1586042	0	0	0	0	0	0	0	0	0	0	0	0	0	0	0	0	0	0	0	0	0	0	0	0	0	0	0	0	0	0	0	0	0	0	0	0	0	0	0	0	0	0	0	0	0	0	0	0	0	0	0	0	0	0	0	0	0	0	0	0	0	0	0	0	0	0	0	0	0	0	0	0	0	0	0	0	0
k__Bacteria|p__Firmicutes|c__Negativicutes|o__Selenomonadales|f__Veillonellaceae|g__Megasphaera	0	0	0	0	0	1.884e-4	1.69e-5	0	0	0	1.344e-4	0	0	0	0	0	0	2.37e-5	0	0	9.64e-5	0.0952358	0	0	0	0	0	0	1.752e-4	0	3.253e-4	0	0	0	0	0	0	0	3.264e-4	0	0	0	0.0139944	3.17e-5	0.0434167	0	0	0	0	0.017363899999999998	0	0	3.97e-4	0	0	0	1.779e-4	0.082337	0	0.001364	0	0	0.0046798	0	0	0	0	0	0	0.0525579	0	1.41e-4	0	0	8.064e-4	0	0.131703	0	0	0	0	0	0	0	0	0	0	0	0	0	0	0	0	0.0117162	0	0	0.018082	0	0	1.388e-4	0	0	0	0	7.48e-5	0	0.0014516	0	5.556e-4	0.027565899999999997	4.39e-5	0	0	0	0	0	0	0	6.15e-5	0	0.0029901	0.0124305	7.6e-6	0	5.8e-6	9.52e-5	0	2.655e-4	0.0424523	2.32e-5	8.802e-4	5.21e-5	5.62e-5	0.0512899	0	1.196e-4	0	9.08e-5	0	8.74e-5	0	0	0	0	0	0	0	0	0	0.0252333	1.748e-4	0	0	0	0	0	0	0	0	0	0	0	0	0	0	0	0	0	0	0	0	0	0	0	0	0	0	0	0	0	0	0	0	0	0	0	0	0	0	0	0	0	0	0	0	0	0	0	0	0	0	0	0	0	0	0	0	0	0	0	0	0	0	0	0	0	0	0	0	0
k__Bacteria|p__Firmicutes|c__Negativicutes|o__Selenomonadales|f__Veillonellaceae|g__Veillonella	1.005e-4	6.95e-5	6.27e-5	3.23e-5	4.708e-4	0.1069412	0.0293226	3.072e-4	4.315e-4	0.0011839	9.59e-5	2.461e-4	2.226e-4	4.6e-5	0.0136281	4.43e-5	4.12e-5	0.0160258	2.99e-5	1.7720000000000002e-4	4.1700000000000004e-5	0.0856688	9.09e-4	0.0018672	7.536e-4	7.067e-4	1.151e-4	0	0	0	0	0	0	0.0076974	0	1.825e-4	0.0039209	5.164e-4	1.952e-4	5.430000000000001e-4	4.42e-5	0.0014301	0.105629	0.0098199	0.041288200000000004	1.3350000000000002e-4	7.949e-4	0.29635500000000004	0.037237099999999995	0.034248	0.00093000000000000005	1.764e-4	0.046503499999999996	0.0012116	0.0718468	7.4e-6	0.0275587	2.3559999999999998e-4	6.9e-6	1.2600000000000001e-5	1.78e-5	6.49e-5	4.99e-5	1.9130000000000001e-4	0.0024744	0	0	0	0.0016738	6.5e-6	5.627000000000001e-4	0.01943	1.449e-4	6.887e-4	0.0635974	0	2.3590000000000001e-4	0.0015541	1.062e-4	0.0053948	0	5.93e-5	2.274e-4	0	0.006695	0.0246274	0.0076476	3.8e-4	1.95e-4	0.0070091	8.655e-4	4.9e-6	0.0035933	7.6e-5	7.58e-5	0.0047246	1.122e-4	0.0012449000000000002	6.440000000000001e-5	0	8.037999999999999e-4	0.0898648	0	5.65e-5	2.52e-5	1.12e-5	0.026028	0.0970329	3.41e-5	0.012753800000000001	1.579e-4	6.740000000000001e-5	4.326e-4	6.032e-4	3.26e-5	4.6e-5	3e-6	4.2800000000000004e-5	3.02e-5	5.48e-5	6.21e-5	2.04e-5	0.0023155000000000003	0	4.4929999999999997e-4	6.76e-5	5.216999999999999e-4	0.010726000000000001	0.0218945	2.5039999999999996e-4	0.0034532	6.043e-4	0.0039472	7.176e-4	0	0.0014027	0.0014483	0.003671	0	0.0877682	1.012e-4	6.29e-5	2.593e-4	0	0.022431600000000003	2.838e-4	0.0014667	1.63e-5	9.549999999999999e-4	8.080000000000001e-5	1.72e-5	2.152e-4	1.764e-4	4.533e-4	2.071e-4	0	0	0	0	0	0	0	0	0	0	0	0	0	0	0	0	0	0	0	0	0	1.02e-5	4.305e-4	0	0	1.069e-4	0	0	0	5.12e-5	0.0117128	0	0	0	0	2.437e-4	4.832e-4	0	0.0203249	0	0	0	0.0018405	0	0	0.105849	0	0	0	0.0045073	4.11e-5	0	3.214e-4	0	1.36e-5	0	0	0	3.045e-4	0.0504273	0	0	7.635e-4	0	0
k__Bacteria|p__Fusobacteria|c__Fusobacteriia|o__Fusobacteriales|f__Fusobacteriaceae|g__Fusobacterium	0	0	0	0	0	3.68e-5	0	0	0	0	0	0	1.48e-5	0	0	0	0	0	0	0	0	0	0	0	0	0	0	0	0	0	0	0	0	0	0	0	0	0	0	0	0	0	0.0142206	0.0189321	0.0471953	0	0	0.009007	0	0.0367982	0	0	8.51e-5	0	0	0	0.0086212	0	0	0	0	0	0.0221777	0.0030974	0	0	4.134e-4	0	0	0	0	6.498e-4	0	0	0	0	0	1.731e-4	0	0	0	0	0	0	0.0010692	0.0020155	0	0	0	0	0	0	0	0.0027503	0	0	0	0	0	0	0	3.363e-4	0	0	0	0	0	0	0	0	0	0	0	0	0	0	0	0	0	0	0	0	0	0	0	0	0	0	0.0703658	0	0	0	4e-6	0	0	1.801e-4	0	1.41e-5	0	0	0	0	0	0	0	0	0	0	0	0	0	0	0	0	0	0	0	0	0	0	0	0	0	0	0	0	0	0	0	0	0	0	0	0	0	0	0	0	0	0	0	0	0	0	0	0	0	0	0	0	0	0	0	0	0	0	0	0	0	0	0	0	0	0	0	0	0	0	0	0	0	0	0	0	0	0	0	0	0	0
k__Bacteria|p__Proteobacteria|c__Betaproteobacteria|o__Burkholderiales|f__Burkholderiales_noname|g__Burkholderiales_noname	0	0.0021445	0	0.003092	0	0	0	0	0	0.0011029	0	0	0	0.0025199	2.74e-4	0	6.79e-5	0	0.0013722	0	0	0.0042796	0.0025095	0	1.912e-4	2.047e-4	5.104e-4	0	0.0038546	0	0	0	5.82e-5	1.153e-4	0.0015476	0	3.344e-4	0	2.93e-5	0	0	5.652e-4	0	0	0	0	0	0	0	0	0	0.0024468	0	0	0	0.0016355	0	0	0.001086	0.0013567	0	0	0.0023777	0	0.0032734	0	0	0	0	0.001285	1.404e-4	0	0.004035	1.828e-4	0	0	2.172e-4	0	0	0	0.0016862	0	9.05e-5	0	0	0	0	0	0	0	0	0	0	0	2.3e-6	0	8.53e-5	0.0025975	0	7.689e-4	0	0	0	0	7.26e-5	0	0	0	0	0	2.238e-4	0	0	5.31e-5	0.0010962	0	1.105e-4	0	0.0017788	1.51e-5	3.45e-5	0.0022834	2.706e-4	4.18e-4	1.373e-4	0	0	0	0	0	0	0	1.706e-4	0.0046196	0	0	0.00136	0	0.0013042	0	0	0	0.0043691	0	0	0	0	0.0039493	0	0	0	0.0089763	0	0.0020041	0	0	0	0	0	0	0	0	0	0	0	0	0	0	0	0	0	0	0	0	0	0	0	0	0	0	0	0	0	0	0	0	0	0	0	0	0	0	0	0	0	0	0	0	0	0	0	0	0	0	0	0	0	0	0	0	0	0	0	0	0	0	0	0	0	0
k__Bacteria|p__Proteobacteria|c__Betaproteobacteria|o__Burkholderiales|f__Sutterellaceae|g__Parasutterella	0	0.0056722	0	6.542e-4	0	0	0	0	0	0.0047573	0	0	0	0.0158518	6.21e-5	0	4.3e-5	0	1.989e-4	0	0	0.0042769	5.646e-4	0	9.555e-4	4.476e-4	0	0	0.0010763	0	0	0	6.187e-4	3.022e-4	0.0012564	0	1.659e-4	0	9.3e-6	0	0	0.0014804	0	0	0	0	0	0	0	0	0	0.0023094	0	0	0	4.4e-6	0	0	0	0.0018041	0	3.73e-5	0.006333	0	3.723e-4	0	0	0	0	0.0016098	5.47e-5	0	1.474e-4	5.454e-4	0	0	1.844e-4	0	0	0	0.0012393	0	3.662e-4	0	0	0	0	0	0	0	0	0	0	0	7.36e-5	0	1.18e-4	3.041e-4	0	3.474e-4	0	0	0	0	1.613e-4	0	0	0	0	0	1.208e-4	0	0	6.39e-5	0.0023299	1.53e-5	1.011e-4	0	0.0016638	0.0032801	1.29e-5	7.139e-4	5.5e-6	0.0024719	4.188e-4	0	0	0	0	0	0	0	0.0016187	0.0047567	0	0	0.0011344	0	0.0031992	0	0	0	2.446e-4	0	0	0	0	0	0	0	0	0.0080804	0	0.0035082	0	0	0	0	0	0	0	0	0	0	0	0	0	0	0	0	0	0	0	0	0	0	0	0	0	0	0	0	0	0	0	0	0	0	0	0	0	0	0	0	0	0	0	0	0	0	0	0	0	0	0	0	0	0	0	0	0	0	0	0	0	0	0	0	0	0
k__Bacteria|p__Proteobacteria|c__Betaproteobacteria|o__Burkholderiales|f__Sutterellaceae|g__Sutterella	0	0	0	0	0.0020823	0	0	0	0	0	0.0316038	0	0	0	0	2.44e-5	0	0	0	0	0	0	0	0.0029559	0	0	0	0	0	0	5.64e-5	0	0	0	0	0	0	0.0015345	0	0.0010098	0	0	0	0	5.494e-4	0	0	0	0	0	0.0392743	0	0	0	0	0	0.0411796	6.8e-6	2.9e-6	0	0	0	0	0.0016075	0	5.38e-5	0	0	0	0	0.0018145	0	0	0	0	0.0016372	0	0	0	0	0	0	0	0	0	0	0	0	0	0	0	0	3.76e-4	0	0	0	0.0020243	0	0	0	0	0	0	0	0.0015685	0.0075224	0.0322232	0	0.030291	0.056156	0.01288	0	4.4e-6	0.0013873	0	0.0304618	0.0032801	0	0	0	0	0	4.4e-6	0	0.0196349	0	0	0	0	0	0	0	1.8e-6	0	0	0	0	0	0	0	0	0	0	0.0214594	0	0	0.0933856	0	0	0.0249835	0	0	0	0	0	0	0	6.869e-4	0.0055986	0	8.565e-4	0	2.666e-4	0.0026972	6.42e-5	0	0	1.99e-5	0	0	0.0024847	0	1.165e-4	0	0	0	0	0	0	0	4.92e-5	0	0	0	0	0	0.0059033	0.0011984	0.0051998	0	0	1.661e-4	0	0	0	0	0.0166524	0	0	0	0	9.517e-4	0	0.0034771	0	0	0	2.44e-4	0	0	1.662e-4	0	0	0	0	0	0	0.0323315	0	0
k__Bacteria|p__Proteobacteria|c__Deltaproteobacteria|o__Desulfovibrionales|f__Desulfovibrionaceae|g__Bilophila	0	1.142e-4	0	0	0.0055428000000000005	0	0	0	0	0	3.158e-4	0	0	0.0131724	0	0.0033047000000000003	0.0074778	0	0	0.0011061	0	8.5e-6	0.0032168	0.0028792	0.0035411	0.0041495	0.0016664	0.0015861999999999998	0	8.87e-4	0.0012872	0	0.0082132	1.439e-4	0.0086032	0	0	1.368e-4	0.0051482	4.314e-4	0	0.0022735	0	0	0	0.0229815	0	0	0	0	0	8.514e-4	0	0	0.01411	0	0	0.0016898	0	0.0049683999999999996	0	0.002197	0	5.89e-4	0.008251	8.673000000000001e-4	5.341e-4	4.97e-5	0	0.0017810999999999999	0	0	0	0	0	0.0160462	0.0041503	0.003758	0	0	0.0098661	0	0.0036092	5.011e-4	0	0	0.0022268	0	0	0	0	1.922e-4	3.829e-4	0	0	0	0	0	0	0	0	5.514e-4	0.002435	0	0.0030621	0.004498599999999999	4.71e-4	0	1.644e-4	0.0120017	0.0016698	0	7.3e-6	0.0022629	0.0011921	0.0018903	0.004100400000000001	0.0324718	0.0080218	0.0120327	0.0065498	0.0035655	0	2.749e-4	0.0025614	0.0046616999999999995	0	0	0.0299343	0	0	0	0.0043398	0.0152373	3.3e-5	6.58e-5	0.0124976	0	0.007272099999999999	0	0	0.0012487000000000002	0.0140738	0.0063121	0	0	0.0061106	0	0	0	0	0	0.0106846	2.92e-5	0.0043061	0	0.0027214	0.0073891	0.0030243	4.764e-4	0.0035447	0.0046149	1.608e-4	2.066e-4	0	0	9.654e-4	1.695e-4	2.703e-4	9.63e-5	9.117e-4	0	0.0013174	5.63e-5	0	4.81e-5	0	0	0	0	0.0012742	0.0025818	0	0	0.002751	0	0	0	0.0021495	0	0	0	0	0	6.639e-4	0	0	0	0	0	0	0.0022363	1.5e-4	0.0020445	0.0013493	0	0	5.643e-4	0.0017673	0.0050885	0	0	0	0.0041473	0	5.137e-4	2.053e-4	0	0	0
k__Bacteria|p__Proteobacteria|c__Deltaproteobacteria|o__Desulfovibrionales|f__Desulfovibrionaceae|g__Desulfovibrio	0	0	0	0	0	0	0	0	0	0	0	0	0	0	0	0	0.0051319	0	0	0	0	0	0	0	0	0	0	0	0	0	0	0	0.0078269	0	0	0	0	0	0.0010585	0	0	0	0	0	0	0	0	0	0	0	0	0	0	0	0	0	0	0	0	0	0	0	0	3.355e-4	0	0	0	3.598e-4	0	0	0	0	0	0	0	0	0	0	0	0	0	0	0	0	0	0	0	0	0	0	0	0	0	0	0	0	0	0	0	0	0	0	0.0030065	0	0.0029463	0	0	0	0	0	0.0051942	0	0	0	0	3.14e-5	0	0	0	0	0	0	0	0	6.006e-4	0	0	0	0	0	0	0	0	0	0	0	0	0	0	0	0	0	0	0	0	9.721e-4	0	0	0	0	0	0	0	0	0	0	0	0	0	0	0	0	0	0	0	0	0	0	0	0	0	0	0	0	0	0	0	0	0	0	0	0	0	0	0	0	0	0	0	0	0	0	0	0	0	0	0	0	0	0	0	0	0	0	0	0	0	0	0	0	0	0	0	0	0	0	0	0	0	0
k__Bacteria|p__Proteobacteria|c__Gammaproteobacteria|o__Enterobacteriales|f__Enterobacteriaceae|g__Citrobacter	1.744e-4	0	0	0	0	0	0	0	0	0	0	0	0	0	0	0	0	0	0	0	0	0	0	0	0	0	0	0	0	0	0	0	0	0	0	0	0	0	0	0	0	4.39e-5	0	0.0027159	1.397e-4	0	0	7.923e-4	6.6e-5	0.0045421	0	3.07e-5	9.73e-5	0	0	0	3.24e-4	0	0	0	7.73e-5	0	0	0	0	0	0	0	0	0	0	0	0	0	0	0	3.338e-4	0	0	0	0	0	0	0	0	0	0	0.0083971	0	0	0	0	7.28e-5	1.413e-4	0	0	0	0	1.32e-5	0	0	0	0	0	0	0	0	0	0.0064919	0	0	0	0	0	0	0	0	0	0	0	0	0	0	0	0	0	0	0	0	0	0	0	0	0	1.65e-4	0	0	0	0	0	0	0	0.0038989	0	0	0	0	0	0	0	0	0	0	0	0	0	0	0	0	0	0	0	0	0	0	0	0	0	0	0	0	0	0	0	0	0	0	0	0	0	0	0	0	0	0	0	0	0	0	0	0	0	0	0	0	0	0	0	0	0	0	0	0	0	0	0	0	0	0	0	0	0	0	0	0	0	0	0	0	0
k__Bacteria|p__Proteobacteria|c__Gammaproteobacteria|o__Enterobacteriales|f__Enterobacteriaceae|g__Enterobacter	0	0	0	0	0	0	0	0	0	0	0	0	0	0	0	0	0	0	0	0	0	0	0	0	0	0	0	0	0	0	0	0	0	0	0	0	0	0	0	0	0	0	0.009409	0	0	0	2.901e-4	0	0	0	0	0	0	0	0	0	1.74e-5	0	0	0	4.2e-6	0	0	0	2.26e-4	0	0	0	0	0	0	0	4.008e-4	0	0	0	7.27e-5	0	0	0	0	0	0	0	0	0	0	0	0	0	0	0	0	0	0	0	0	0	0	0	0	0	0	0	0	0	7.19e-5	0	0.0374844	1.272e-4	0	0	0	0	0	0	0	0	9.82e-5	0	0	0.0010389	0.0035932	0	0	0	0	0	2.95e-5	0	0	0	0	0	0.185456	0	0	0	0	0	0	0	0.0041401	0	0	0	0	0	0	0	0	0	0	0	0	0	0	0	0	0	0	0	0	0	0	0	0	0	0	0	0	0	0	0	0	0	0	0	0	0	0	0	0	0	0	0	0	0	0	0	0	0	0	0	0	0	0	0	0	0	0	0	0	0	0	0	0	0	0	0	0	0	0	0	0	0	0	0	0	0
k__Bacteria|p__Proteobacteria|c__Gammaproteobacteria|o__Enterobacteriales|f__Enterobacteriaceae|g__Escherichia	2.789e-4	1.214e-4	0.0575176	0.0077607	6.321e-4	2.977e-4	0.1577334	0.1139109	0.0025016	0.4317105	4.37e-4	2.07e-5	5.088e-4	1.7460000000000002e-4	1.968e-4	0.0020728	5.583e-4	0.0038979999999999996	2.73e-5	0	0.0015831999999999999	0.001401	0	8.95e-5	0.0149183	2.19e-5	7.117e-4	0	0	2.832e-4	6.13e-4	0.0073778	9.85e-5	0.0018333	3.499e-4	2.707e-4	3.456e-4	2.4609999999999996e-4	7.54e-5	0.0049335	0.0428947	1.159e-4	0.1363858	0.0267971	3.582e-4	0.013412	0.0036747999999999998	0.0194852	0.4773538	0.019194799999999998	0	1.359e-4	0.0136617	3.656e-4	0.1329669	1.306e-4	0.78681	0.0045181	3.414e-4	4.228e-4	1.694e-4	1.066e-4	0.0021795	0.0542258	9.232999999999999e-4	0.0015209	0	7.05e-5	0.019724699999999998	0.0054082	0.0019177	0.004104	0.0274785	7.912e-4	0.5428239	0	0.1422223	0.019189	0.0324383	0.6006581	4.125e-4	0.0074251000000000004	2.263e-4	9.496999999999999e-4	0.0272191	1.724e-4	0.062463599999999994	0.0021073	0.0084353	4.008e-4	9.62e-5	0	1.282e-4	0.0680652	2.195e-4	0	6.93e-4	1.668e-4	1.807e-4	0.1602893	0.0105622	2.96e-5	4.73e-5	5.924e-4	1.104e-4	1.8160000000000002e-4	0.0021552	5.968e-4	0.0525688	0.0012659000000000001	2.834e-4	4.17e-5	2.458e-4	0.0018353	1.394e-4	2.574e-4	0.0047624	0.0150418	1.1850000000000001e-4	4.322e-4	0.0023181	0	4.58e-4	2.751e-4	3.67e-5	9.999999999999999e-5	1.223e-4	0.0438944	0.4643871	1.3879999999999999e-4	0.6222746	0.33266640000000003	0.040002	0.010840599999999999	0.1810597	0.002835	0.0066576	0.082453	1.48e-4	0.0357409	0.0035553	6.180000000000001e-4	0.0011329	0.0056527999999999995	0.0524417	0.1106256	0.0287925	4.84e-5	0.0010687	0	8.56e-5	0.0019378	4.7900000000000004e-4	9.897e-4	0	7.47e-5	0.013064	0.0029474	0.0012153	4.264e-4	0.0018281	0.001169	0.0025063	0.0031049	4.691e-4	8.323e-4	5.579e-4	0.0421498	0	0	0.0157621	2.488e-4	0.0011876	0.0153394	0	0.0016849	5.438e-4	1.8130000000000002e-4	0	0.0251584	0.0063654	0.0016367	0	0	0	0.0162698	7.024e-4	0	4.766e-4	1.274e-4	3.3830000000000004e-4	0	0	0.036676499999999994	6.764e-4	0.0130343	0	0	5.745e-4	0.055571899999999994	0.0448626	0	0	0	0	3.415e-4	2.265e-4	0	0.0023077999999999996	0.0104707	2.682e-4	0.0085799	8.579e-4	9.588e-4	0.0027609	0	0.0010019	0.024007	0	8.894e-4
k__Bacteria|p__Proteobacteria|c__Gammaproteobacteria|o__Enterobacteriales|f__Enterobacteriaceae|g__Klebsiella	0	3.39e-5	2.51e-5	0	0	0	2.78e-5	4.26e-5	0	0.0012011	0	0	1.36e-5	2.877e-4	0	0	0	0	0	0	0	0	0	0.231627	0	9.593e-4	0	0	0	0	0	0	0	8.08e-5	0	0	0	0	0	0	0	0.0019115	3.881e-4	0	0.0256602	0	0	0.0163151	0.0321267	0.0305577	0	0	0	0	0	2.26e-5	1.675e-4	1.04e-4	2.59e-5	4.14e-5	0	0	0	0	0.0014977	0	0	0	0	0	0	0	0	0	0.001339	0	9.45e-5	0	0	0	7.967e-4	0	4.1400000000000003e-5	0	0	0	6.636e-4	2.445e-4	0	4.99e-5	0	1.37e-4	0	0	0	0	1.748e-4	1.39e-4	2.14e-5	0	0.0052381	0.0111173	2.4270000000000002e-4	0	1.11e-5	0.0032338000000000002	3.8e-5	0.7246257	0.011371599999999999	0.0131022	0	0	7.28e-5	5.66e-5	4.59e-5	2.78e-5	2.1799999999999998e-5	0	0	0	0	0	3.71e-5	0	2.92e-5	2.71e-5	4.4800000000000005e-5	8.57e-5	0.12891719999999998	0	0.0317157	0.0115752	0	1.36e-5	0.0166222	3.268e-4	0.0014997	2.44e-5	0	0	3.401e-4	0	0.0014684	0	5.04e-5	0.0051434	0	0	9.33e-5	0	0	0	0	0	0	0	0	0	0	0	0	0	0	0	0	0	0	0	0	0	0	0	0	0	0	0	0	0	0	0	0	0	0	0	0	0	0	0	0	0	0	0	0	0	0	0	0	0	0	0	0	0	0	0	0	0	0	0	0	0	0	0	0	0	0	0	0	0	0	0
k__Bacteria|p__Proteobacteria|c__Gammaproteobacteria|o__Enterobacteriales|f__Enterobacteriaceae|g__Proteus	0	0	0	0	0	0	0	0	4.643e-4	0	0	0	0	0	0	0	0	0	0	0	0	0	0	0	0	0	0	0	0	0	0	0	0	0	0	0	0	0	0	0	0	0	0	0	0	0	0	0	0	0.0101003	0	0	0.0068661	0	0	0	0	0	0	0	0	0	0	0	0	0	0	0	0	0	0	0.0038649	0	0	0	0	0	0	0	0	0	1.398e-4	0	0	0	0	0	0	0	0	0	0	0	0	0	0	0	0	0	0	0	0	0	0	0	0	0	0	0	0	0	0	0	0	0	0	0	0	0	0	0	0	0	0	0	0	0	0.0063582	0	0	0	0	0	0	0	0.0021735	0	0	0	0	0	0	0	0	0	0	0	0	0	0	0	0	0	0	0	0	0	0	0	0	0	0	0	0	0	0	0	0	0	0	0	0	0	0	0	0	0	0	0	0	0	0	0	0	0	0	0	0	0	0	0	0	0	0	0	0	0	0	0	0	0	0	0	0	0	0	0	0	0	0	0	0	0	0	0	0	0	0	0	0
k__Bacteria|p__Proteobacteria|c__Gammaproteobacteria|o__Pasteurellales|f__Pasteurellaceae|g__Haemophilus	5.9e-6	2.7e-5	0	1.62e-5	2.67e-5	3.8e-6	0	0	1.16e-5	7e-6	5.51e-5	3.43e-5	0.0022315	0	0.0132949	0	0	0.00308	0	0.0019553	0	0	3.739e-4	1.48e-5	0	3.64e-5	8.43e-5	0	0.0012413	0	0	0	0	0.0038785	0	0	1.626e-4	6.166e-4	0	5.94e-4	0	0.0038973	0	0.0010196	0	0	2.347e-4	0	1.64e-5	8.85e-5	0.0024427	1.121e-4	2.381e-4	0.0090778	0	0	4.647e-4	0	0	0	1.6e-6	0	0	7.77e-5	0.0013621	0	0	0	0	0	2.216e-4	0.0013316	2.24e-5	3.939e-4	0	0	1.26e-5	0	0	0.0025825	0	0	1.193e-4	0	0.0019503	0.512798	0	0.001524	2.32e-5	0.0100292	2.013e-4	0	7.221e-4	4.4e-6	0	0.0075642	0	0	0	0	5.799e-4	1.51e-5	0	5.958e-4	2.4e-6	0	0.074539	0	0	7.23e-5	5.37e-5	0	0	2.376e-4	0	6e-6	2.63e-5	0	3.62e-5	1.159e-4	0	0	0.0070159	0	6.1e-6	0.0013384	1.917e-4	0.0011092	1.873e-4	0.0156637	1.925e-4	3.09e-5	0.002017	4.477e-4	0	0.0072595	0	0.0012156	0	0.0301703	0	1.569e-4	0.0053139	0	4.113e-4	5.2e-6	0	0	7.089e-4	0	0	6.775e-4	0	1.38e-4	2.494e-4	0	0	0	0	0	0	0	0	0	0	0	0	0	0	0	0	0	0	0	0	0	0	0	0	0	0	0	0	0	0	0	0	0	0	0	0	0	0	0	0	0	0	0	0	0	0	0	0	0	0	0	0	0	0	0	0	0	0	0	0	0	0	0	0	0
k__Bacteria|p__Verrucomicrobia|c__Verrucomicrobiae|o__Verrucomicrobiales|f__Verrucomicrobiaceae|g__Akkermansia	0.0047847	3.26e-5	0.02458	7.3e-5	0.0021296	0.001365	2.3e-5	4.37e-5	1.383e-4	7.271e-4	7.48e-5	0	3.1e-5	7.073e-4	8.481e-4	0.042463	0.0158348	3.5e-5	0	0	7.69e-5	2.09e-5	0	4.801e-4	0.134978	0.192396	0.113094	0.081928	0	0	1.8e-6	0.0029246	0	0	1.36e-5	0	0	0	0.0378085	0.0022269	0	0.0218842	0.0829119	8.14e-5	0.607805	1.076e-4	1.384e-4	6.4e-6	1.314e-4	0.182528	0	0.0043148	0	0	1.08e-5	4.69e-5	5.345e-4	0.0015457	0.171767	0.0481403	2.01e-5	2.2e-5	0.0450019	0.0053774	2.35e-5	0.523176	0.342535	0	0.0042102	0.0596574	8.4e-5	0	0.0498671	3.36e-5	7.68e-5	0	5.41e-5	6.31e-5	8.74e-5	0	0.0011982	0	0.0027424	9.54e-5	4.176e-4	2.32e-5	0.40765	9.19e-5	1.091e-4	2.152e-4	0.0021033	5.51e-5	0.0273613	5.6e-5	5.21e-5	0	1.13e-4	0.0196462	5.41e-5	0	1.335e-4	0	0	0	3.09e-5	2.54e-5	7.77e-5	3.61e-5	3.91e-5	2.01e-5	0.00167	2e-6	7.4e-5	0.08995	0.0021637	7.74e-5	0.181461	2.96e-5	0.135196	0.0308751	2.35e-5	0	2.2e-5	0	2.7e-5	0.0095473	3.03e-5	1.044e-4	2.65e-5	2.17e-5	2.18e-5	9.2e-5	3.71e-5	1.9e-5	0.0016873	1.97e-5	2.83e-5	1.89e-5	0	0	0	0.0010677	0	0.0463564	0	4.398e-4	0	0.001052	1.884e-4	0	3.65e-5	0	0	0	0.0439614	0	0	0	0.124137	0.0164662	0	0.233289	0.057164	0	0.0655792	1.85e-5	0	0	0.146157	2.748e-4	0.155269	0.0013544	0.0718383	0	0.0020148	0.0631647	1.8e-6	0	0	0	0	0.110025	0	0.0264995	0	0.317539	0	0	0.019231	0	0	0	0	0	0	0	0	0	0	0	4.981e-4	0.0192784	0.0166022	0	0	0	0.0280592	0.0103769	2.55e-5	0.0037724	0	0	0	0	0	0	0.0593462	0	0	0
Unclassified	0	4.16e-5	3.1e-6	3.613e-4	0	0	0	5.988e-4	1.65e-4	0	1.186e-4	1.3e-6	3.977e-4	2.75e-4	0	0.002968	0.0012542	0.001423	0	1.019e-4	0	0	3.79e-5	0.0021004	0	0.0010272	0.0052371	2.596e-4	0.0036472	4.337e-4	0.0089312	0	0.0060722	0	0	4.64e-5	7.616000000000001e-4	5.85e-5	1.59e-4	0.0017175	0	0.0146076	0	0	0	4.322e-4	0.0028182	0	0	0	0	4.653e-4	0	5.093e-4	0	1.0090000000000001e-4	0	0.0015023	2.2e-6	0.020043599999999998	0	1.094e-4	0	1.598e-4	0	0	0.008039800000000001	0.0046504	0	0	0	7.316e-4	0.001949	3.704e-4	0	0	0	0	0	0	0.0037783	7.1e-6	0	3.386e-4	0.0030139	0	0	0	0	0	3.89e-5	0.0087266	9.686e-4	0	0	0	0.0010258	0.0066167	0	0	0	0	0.0210768	0	0.0191715	0.0034487000000000003	2.537e-4	0	0	0	0.0051671	0	0	0.0296009	1.07e-4	0.0048744	0.0124667	4.267e-4	0.0137767	0	0.0010915	0.0014341	2.0639999999999998e-4	4.225e-4	5.93e-5	0	0.0011725	0	0	1.6e-6	0	0	0	1.516e-4	0	8.099e-4	0.0024272	0	2.754e-4	0	0	0	2.046e-4	0	0	0.0077989	0	2.7e-5	0	0	0	0	0	0.001741	0.0012502	5.936e-4	0	0	0.0091098	5.806e-4	0.0036954	0.0060723	0.0013251	0.0072638	0.001014	0	3.912e-4	4.612e-4	0.0013959	1.22e-5	0.0061751	2.59e-5	0.0014384	1.115e-4	0	0.0029446	1.774e-4	0	2.917e-4	0	0.0010477	0.0036116	1.085e-4	0.0022542	0.0155111	0	0.0039356	0	0	0	3.179e-4	0.0017318	0	0	9.12e-5	0.0024785	0	0	0	0	0	0.0011352	0	6.287e-4	0	0	0	0.001964	0.0032855	0.0011676	4.125e-4	0	0.0013826	0.0019993	0	6.365e-4	0.004218	5.28e-5	0.0045489	0
