Sample	d__;p__;c__;o__;f__;g__	d__Bacteria;p__Acidobacteriota;c__Blastocatellia;o__Pyrinomonadales;f__Pyrinomonadaceae;g__Pyrinomonas	d__Bacteria;p__Actinobacteriota;c__Actinomycetia;o__Actinomycetales;f__Actinomycetaceae;g__Actinomyces	d__Bacteria;p__Actinobacteriota;c__Actinomycetia;o__Actinomycetales;f__Actinomycetaceae;g__Actinotignum	d__Bacteria;p__Actinobacteriota;c__Actinomycetia;o__Actinomycetales;f__Bifidobacteriaceae;g__Bifidobacterium	d__Bacteria;p__Actinobacteriota;c__Actinomycetia;o__Actinomycetales;f__Dermabacteraceae;g__Dermabacter	d__Bacteria;p__Actinobacteriota;c__Actinomycetia;o__Actinomycetales;f__Microbacteriaceae;g__	d__Bacteria;p__Actinobacteriota;c__Actinomycetia;o__Actinomycetales;f__Micrococcaceae;g__	d__Bacteria;p__Actinobacteriota;c__Actinomycetia;o__Actinomycetales;f__Micrococcaceae;g__Rothia	d__Bacteria;p__Actinobacteriota;c__Actinomycetia;o__Mycobacteriales;f__Mycobacteriaceae;g__Corynebacterium	d__Bacteria;p__Actinobacteriota;c__Actinomycetia;o__Propionibacteriales;f__Nocardioidaceae;g__Nocardioides	d__Bacteria;p__Actinobacteriota;c__Actinomycetia;o__Propionibacteriales;f__Propionibacteriaceae;g__	d__Bacteria;p__Actinobacteriota;c__Actinomycetia;o__Propionibacteriales;f__Propionibacteriaceae;g__Cutibacterium	d__Bacteria;p__Bacteroidota;c__Bacteroidia;o__Bacteroidales;f__Bacteroidaceae;g__Bacteroides	d__Bacteria;p__Bacteroidota;c__Bacteroidia;o__Bacteroidales;f__Bacteroidaceae;g__Phocaeicola	d__Bacteria;p__Bacteroidota;c__Bacteroidia;o__Cytophagales;f__Hymenobacteraceae;g__Hymenobacter	d__Bacteria;p__Bacteroidota;c__Bacteroidia;o__Cytophagales;f__Spirosomaceae;g__Spirosoma	d__Bacteria;p__Bacteroidota;c__Bacteroidia;o__Flavobacteriales;f__Flavobacteriaceae;g__Flavobacterium	d__Bacteria;p__Chloroflexota;c__;o__;f__;g__	d__Bacteria;p__Chloroflexota;c__Ellin6529;o__QHBO01;f__QHBO01;g__CF-167	d__Bacteria;p__Deinococcota;c__Deinococci;o__Deinococcales;f__Deinococcaceae;g__Deinococcus	d__Bacteria;p__Deinococcota;c__Deinococci;o__Deinococcales;f__Thermaceae;g__Meiothermus_B	d__Bacteria;p__Firmicutes;c__Bacilli;o__Lactobacillales;f__Enterococcaceae;g__	d__Bacteria;p__Firmicutes;c__Bacilli;o__Lactobacillales;f__Enterococcaceae;g__Enterococcus	d__Bacteria;p__Firmicutes;c__Bacilli;o__Lactobacillales;f__Enterococcaceae;g__Enterococcus_A	d__Bacteria;p__Firmicutes;c__Bacilli;o__Lactobacillales;f__Enterococcaceae;g__Enterococcus_B	d__Bacteria;p__Firmicutes;c__Bacilli;o__Lactobacillales;f__Lactobacillaceae;g__Lactobacillus	d__Bacteria;p__Firmicutes;c__Bacilli;o__Lactobacillales;f__Listeriaceae;g__Listeria_A	d__Bacteria;p__Firmicutes;c__Bacilli;o__Lactobacillales;f__Streptococcaceae;g__Lactococcus	d__Bacteria;p__Firmicutes;c__Bacilli;o__Lactobacillales;f__Streptococcaceae;g__Streptococcus	d__Bacteria;p__Firmicutes;c__Bacilli;o__Mycoplasmatales;f__Metamycoplasmataceae;g__Metamycoplasma	d__Bacteria;p__Firmicutes;c__Bacilli;o__Staphylococcales;f__Staphylococcaceae;g__Staphylococcus	d__Bacteria;p__Firmicutes_A;c__Clostridia;o__Clostridiales;f__Clostridiaceae;g__	d__Bacteria;p__Firmicutes_A;c__Clostridia;o__Clostridiales;f__Clostridiaceae;g__Clostridium	d__Bacteria;p__Firmicutes_A;c__Clostridia;o__Clostridiales;f__Clostridiaceae;g__Clostridium_P	d__Bacteria;p__Firmicutes_A;c__Clostridia;o__Lachnospirales;f__Lachnospiraceae;g__Blautia	d__Bacteria;p__Firmicutes_A;c__Clostridia;o__Oscillospirales;f__Ruminococcaceae;g__Neobittarella	d__Bacteria;p__Firmicutes_A;c__Clostridia;o__Peptostreptococcales;f__Peptostreptococcaceae;g__Clostridioides	d__Bacteria;p__Firmicutes_A;c__Clostridia;o__Peptostreptococcales;f__Peptostreptococcaceae;g__Paraclostridium	d__Bacteria;p__Firmicutes_A;c__Clostridia;o__Tissierellales;f__Peptoniphilaceae;g__Anaerococcus	d__Bacteria;p__Firmicutes_A;c__Clostridia;o__Tissierellales;f__Peptoniphilaceae;g__Finegoldia	d__Bacteria;p__Firmicutes_A;c__Clostridia;o__Tissierellales;f__Peptoniphilaceae;g__Peptoniphilus_A	d__Bacteria;p__Firmicutes_C;c__Negativicutes;o__Veillonellales;f__Dialisteraceae;g__Dialister_B	d__Bacteria;p__Firmicutes_C;c__Negativicutes;o__Veillonellales;f__Negativicoccaceae;g__Negativicoccus	d__Bacteria;p__Firmicutes_C;c__Negativicutes;o__Veillonellales;f__Veillonellaceae;g__Veillonella	d__Bacteria;p__Firmicutes_C;c__Negativicutes;o__Veillonellales;f__Veillonellaceae;g__Veillonella_A	d__Bacteria;p__Patescibacteria;c__;o__;f__;g__	d__Bacteria;p__Patescibacteria;c__Saccharimonadia;o__Saccharimonadales;f__;g__	d__Bacteria;p__Patescibacteria;c__Saccharimonadia;o__Saccharimonadales;f__Saccharimonadaceae;g__UBA5946	d__Bacteria;p__Patescibacteria;c__Saccharimonadia;o__Saccharimonadales;f__UBA4665;g__UBA5150	d__Bacteria;p__Proteobacteria;c__Alphaproteobacteria;o__Azospirillales;f__Azospirillaceae;g__	d__Bacteria;p__Proteobacteria;c__Alphaproteobacteria;o__Azospirillales;f__Azospirillaceae;g__Rhodocista	d__Bacteria;p__Proteobacteria;c__Alphaproteobacteria;o__Caulobacterales;f__Caulobacteraceae;g__	d__Bacteria;p__Proteobacteria;c__Alphaproteobacteria;o__Caulobacterales;f__Caulobacteraceae;g__Caulobacter	d__Bacteria;p__Proteobacteria;c__Alphaproteobacteria;o__Rhizobiales;f__Stappiaceae;g__Pannonibacter	d__Bacteria;p__Proteobacteria;c__Alphaproteobacteria;o__Rhizobiales_A;f__Rhizobiaceae_A;g__	d__Bacteria;p__Proteobacteria;c__Alphaproteobacteria;o__Rhodobacterales;f__Rhodobacteraceae;g__Paracoccus	d__Bacteria;p__Proteobacteria;c__Alphaproteobacteria;o__Rhodobacterales;f__Rhodobacteraceae;g__Rubellimicrobium	d__Bacteria;p__Proteobacteria;c__Alphaproteobacteria;o__Rhodospirillales;f__WMHbin7;g__WMHbin7	d__Bacteria;p__Proteobacteria;c__Alphaproteobacteria;o__Sphingomonadales;f__Sphingomonadaceae;g__	d__Bacteria;p__Proteobacteria;c__Alphaproteobacteria;o__Sphingomonadales;f__Sphingomonadaceae;g__Polymorphobacter	d__Bacteria;p__Proteobacteria;c__Alphaproteobacteria;o__Sphingomonadales;f__Sphingomonadaceae;g__Sphingomicrobium	d__Bacteria;p__Proteobacteria;c__Gammaproteobacteria;o__;f__;g__	d__Bacteria;p__Proteobacteria;c__Gammaproteobacteria;o__Burkholderiales;f__Burkholderiaceae;g__	d__Bacteria;p__Proteobacteria;c__Gammaproteobacteria;o__Burkholderiales;f__Burkholderiaceae;g__Acidovorax	d__Bacteria;p__Proteobacteria;c__Gammaproteobacteria;o__Burkholderiales;f__Burkholderiaceae;g__Acidovorax_C	d__Bacteria;p__Proteobacteria;c__Gammaproteobacteria;o__Burkholderiales;f__Burkholderiaceae;g__Aquabacterium	d__Bacteria;p__Proteobacteria;c__Gammaproteobacteria;o__Burkholderiales;f__Burkholderiaceae;g__Comamonas	d__Bacteria;p__Proteobacteria;c__Gammaproteobacteria;o__Burkholderiales;f__Burkholderiaceae;g__Cupriavidus	d__Bacteria;p__Proteobacteria;c__Gammaproteobacteria;o__Burkholderiales;f__Burkholderiaceae;g__Glaciimonas	d__Bacteria;p__Proteobacteria;c__Gammaproteobacteria;o__Burkholderiales;f__Burkholderiaceae;g__Noviherbaspirillum	d__Bacteria;p__Proteobacteria;c__Gammaproteobacteria;o__Enterobacterales;f__;g__	d__Bacteria;p__Proteobacteria;c__Gammaproteobacteria;o__Enterobacterales;f__Alteromonadaceae;g__	d__Bacteria;p__Proteobacteria;c__Gammaproteobacteria;o__Enterobacterales;f__Alteromonadaceae;g__Rheinheimera	d__Bacteria;p__Proteobacteria;c__Gammaproteobacteria;o__Enterobacterales;f__Enterobacteriaceae;g__	d__Bacteria;p__Proteobacteria;c__Gammaproteobacteria;o__Enterobacterales;f__Enterobacteriaceae;g__Cedecea	d__Bacteria;p__Proteobacteria;c__Gammaproteobacteria;o__Enterobacterales;f__Enterobacteriaceae;g__Citrobacter	d__Bacteria;p__Proteobacteria;c__Gammaproteobacteria;o__Enterobacterales;f__Enterobacteriaceae;g__Enterobacter	d__Bacteria;p__Proteobacteria;c__Gammaproteobacteria;o__Enterobacterales;f__Enterobacteriaceae;g__Escherichia	d__Bacteria;p__Proteobacteria;c__Gammaproteobacteria;o__Enterobacterales;f__Enterobacteriaceae;g__Klebsiella	d__Bacteria;p__Proteobacteria;c__Gammaproteobacteria;o__Enterobacterales;f__Enterobacteriaceae;g__Klebsiella_A	d__Bacteria;p__Proteobacteria;c__Gammaproteobacteria;o__Enterobacterales;f__Enterobacteriaceae;g__Pectobacterium	d__Bacteria;p__Proteobacteria;c__Gammaproteobacteria;o__Enterobacterales;f__Enterobacteriaceae;g__Pluralibacter	d__Bacteria;p__Proteobacteria;c__Gammaproteobacteria;o__Enterobacterales;f__Enterobacteriaceae;g__Proteus	d__Bacteria;p__Proteobacteria;c__Gammaproteobacteria;o__Enterobacterales;f__Enterobacteriaceae;g__Raoultella	d__Bacteria;p__Proteobacteria;c__Gammaproteobacteria;o__Enterobacterales;f__Enterobacteriaceae;g__Serratia	d__Bacteria;p__Proteobacteria;c__Gammaproteobacteria;o__Enterobacterales;f__Enterobacteriaceae;g__Serratia_B	d__Bacteria;p__Proteobacteria;c__Gammaproteobacteria;o__Enterobacterales;f__Pasteurellaceae;g__Haemophilus_D	d__Bacteria;p__Proteobacteria;c__Gammaproteobacteria;o__Pseudomonadales;f__Moraxellaceae;g__Acinetobacter	d__Bacteria;p__Proteobacteria;c__Gammaproteobacteria;o__Pseudomonadales;f__Moraxellaceae;g__Moraxella_A	d__Bacteria;p__Proteobacteria;c__Gammaproteobacteria;o__Pseudomonadales;f__Pseudomonadaceae;g__	d__Bacteria;p__Proteobacteria;c__Gammaproteobacteria;o__Pseudomonadales;f__Pseudomonadaceae;g__Pseudomonas	d__Bacteria;p__Proteobacteria;c__Gammaproteobacteria;o__Xanthomonadales;f__Xanthomonadaceae;g__	d__Bacteria;p__Proteobacteria;c__Gammaproteobacteria;o__Xanthomonadales;f__Xanthomonadaceae;g__Stenotrophomonas	Unclassified
0	0	0	0	0	4.1343669250645994e-4	0.003359173126614987	0	0	0	0	0	4.6511627906976747e-4	0	0	0	0	0	0	0	0	0	0	0.03281653746770026	0.13932816537467702	1.0335917312661498e-4	1.0335917312661498e-4	0	0	0	0	0	0.010852713178294573	0	0	0	0	0	0	0	0	0	0	0	0	0	0	0	0	0	0	0	0	0	0	0	0	0	0	0	0	0	0	0	0	0	0	0	0	0	0	0	0	0	0	0.004702842377260982	0	0	0.0020671834625322996	0.007906976744186046	0.7978811369509043	0	0	0	0	0	0	0	0	0	0	0	0	0	0	0
1	0	0	0	0	0	0	0	0	0	0.08653127759288189	0	0	0	0	0	0	0	0	0	0	0	0	0	0.2923317258710861	0	0	0	0	0	0	0	0.39618284317054947	0	0	0	0	0	0	0	0	0	0	0	0	0	0	0	0	0	0	0	0	5.433675202064797e-4	0	0	0	0	0	0	0	0	0	0	0	0	0	0	0	0	0	0	0	0	0	0	0	0	0	0.004143177341574407	0.21938463628336616	0	0	0	0	0	0	0	0	0	0	0	8.829722203355294e-4	0	0	0
2	0	0	0	0	0	0.04036659029368882	0	0	0	0	0	0	0.001832951468444074	0	0	0	0	0	0	0	0	0	0	0.2866069568839825	0	8.3315975838367e-5	0	0	0	0.006873568006665278	0	0.18075400958133722	0	0	0	0	0	0	0	0.004624036659029369	0	0	0	0	8.748177463028536e-4	0	0	0	0	0	0	0	0	0	0	0	0	0	0	0	0	0	0	0	0	0	0	0	0	0	0	0	0	0	0.10002082899395959	0	0	2.9160591543428454e-4	0.0074151218496146636	0.19171006040408248	0.04832326598625286	0.022287023536763175	0	0	0	0	0.10622786919391794	0	0	0	0	0.0017079775046865235	0	0	0
3	0	0	0	0	0	0	0	0	0	9.319664492078285e-4	0	0	0	0	0	0	0	0	0	0	0	0	0	0.010148079113596355	0	0	0	0	0	0.04136895516205861	0	0.1642849746298022	0	0	0	0	0	0	0	0	0	0	0	0	0.0015532774153463808	0	0	0	0	0	0	0	0	0	0	0	0	0	0	0	0	0	0	0	0	0	0	0	0	0	0	0	0	0	0.44527285906596253	0	0	0.3231334783058921	0.010821165993579787	0	0	0	0	0	0	0	0	0	0	0	0	0.0024852438645542093	0	0	0
4	0	0	0	0	0	0	0	0	0	0	0	0	7.758381823219729e-4	0	0	0	0	0	0	0	0	0	0	0.17750069271266278	0	0	0	0	0	0	0	0.4632862288722638	0	0	0	0	0	0	0	0	0	0	0	0	0	0	0	0	0	0	0	0	0	0	0	0	0	0	0	0	0	0	0	0	0	0	0	0	0	0	0	0	0	0	0.0077583818232197285	0	0	3.3250207813798836e-4	0.0114159046827376	0.06361873095040177	0.22122471598780827	0.011194236630645608	0.04045441950678858	0	0	0	0	0	0	0	0	0.0024383485730119147	0	0	0
5	0	0	0	0	0	0	0	0	0	0	0	0	0	0	0	0	0	0	0	0	0	0	0	0.004188481675392671	0	0	0	0	0	0	0	0.004269029399919452	0	3.2219089810712846e-4	0	0	0	0	0	0	0	0	0	0	8.457511075312123e-4	0	0	0	0	0	0	0	0	0	6.041079339508659e-4	0	0	0	0	0	0	0	0	0	0	0	0	0	0	0	0	0	0	0	0.010793395086588805	0	0	0.0014498590414820781	0.9727345952476842	0.003342730567861458	0	0	0	0	0	0	0	0	0	0	0	0.0014498590414820781	0	0	0
6	0	0	0	0	0	0	0	0	0	0	0	0	0	0	0	0	0	0	0	0	0	0	0	0.06479523168621419	0	0	0.0012818047811318336	0	0	0	0	0.011920784464526053	0	0	0	0	0	0	0	0	0	0	0	0	0	0	0	0	0	0	0	0	0	0	0	0	0	0	0	0	0	0	0	0	0	0	0	0	0	0	0	0	0	0	0	0	0	0	0.9203358328526565	0	0	0	0	0	0	0	0	0	0	0	0	0.0016663462154713838	0	0	0
7	0	0	0	0	0	0	0	0	0	0	0	0	0	0	0	0	0	0	0	0	0	0	0	0.03661808425784932	0	0	0.001957798564281053	0	0	0	0	0.008048727430933217	0	0	0	0	0	0	0	0	0	0	0	0	0	0	0	0	0	0	0	0	0	0	0	0	0	0	0	0	0	0	0	0	0	0	0	0	0	0	0	0	0	0	0	0	0	0	0.9432963526937858	0	0	0	0	0	0	0	0	0	0	0	0	0	0	0	0.010079037053150606
8	0	0	0	0	0	0	0	0	0	0	0	0	0	0	0	0	0	0	0	0	0	0	0	0.04093851132686084	0	0	0	0	0	0	0	0.009385113268608414	0	0	0	0	0	0	0	0	0	0	0	0	0.3354368932038835	0	0	0	0	0	0	0	0	0	0	0	0	0	0	0	0	0	0	0	0	0	0	0	0	0	0	0	0	0	0	0	0	0	0.6142394822006473	0	0	0	0	0	0	0	0	0	0	0	0	0	0	0	0
9	0	0	0	0	0	0	0	0	0	0	0	0	0	0	0	0	0	0	0	0	0	0	0	0.019987174005985466	0	0	9.975773122416988e-4	0	0	5.344164172723387e-4	0	0.004524725666239134	0	0	0	0	0	0	0	0	0	0	0	0	0.2753669659398603	0	0	0	0	0	0	0	0	0	0	0	0	0	0	0	0	0	0	0	0	0	0	0	0	0	0	0	0	0	0	0	0.0013894826849080804	0	0.6928886988741627	0.0027077098475131824	0	0	0	0	0	0	0	0	0	0	0	0.0016032492518170158	0	0	0
10	0	0	0	0	0	0	0	0	0	0	0	0	0	0	0	0	0	0	0	0	0	0	0	0.8489693511093619	0.0017710434397599252	0	0	5.903478132533084e-4	0	0	0	0.014168347518079402	0	0	0	0	0	0	0	0	0	0	0	0	0	0	0	0	0	0	0	0	0	0	0	0	0	0	0	0	0	0	0	0	0	0	0	0	0	0	0	0	0	0	0	0	0	0	0.005116347714862006	0	0	0	0	0	0	0	0	0	0	0	2.4597825552221184e-4	0.1291385841491612	0	0	0
11	0	0	0	0	0	0	0	0	0	0	0	0	0	0	0	0	0	0	0	0	0	0	0	0.006549707602339181	0	0	0	0	0	0	0	0.021403508771929824	0	0	0	0	0	0	0	0	0	0	0	0	0	0	0	0	0	0	0	0	0	0	0	0	3.508771929824561e-4	0	0	0	0	0	0	0	0	0	0	0	0	0	0	0	0	0	0	0	0	0	0.007134502923976608	0	0	0	0	0	0	0	0	0	0	0	0.0015204678362573099	0.9630409356725146	0	0	0
12	0	0	0	0	0	0	0.0013148945817274993	0	0	0	0.0026297891634549987	0	0	0	9.97506234413965e-4	2.720471548401723e-4	1.3602357742008615e-4	3.1738834731353437e-4	0	1.3602357742008615e-4	0.0024937655860349127	0	0	0.013330310587168442	0	0	0	0	0	0	0	0.7846293357515303	0.0012242121967807754	0	0	5.894355021537067e-4	0	4.534119247336205e-4	0	0	0	0	0	0	0	0	1.3602357742008615e-4	6.801178871004307e-4	0	0.005849013829063704	0.006619814101110859	4.987531172069825e-4	0	0.008524144184992066	0.020947630922693267	0.0038993425527091364	0.0028564951258218093	0	0.004760825209703015	0	0.002901836318295171	0	0	0.005849013829063704	0.005622307866696894	0	0.002448424393561551	0	0	0.007345273180684652	0	0	0	0.005032872364543187	0	0	0	0	0.01283155746996146	0.016458852867830425	0	0	0	0	0	0	0	0	0	0.0043980956699161185	0	0.0070732260258444795	0	0	0.06674223532078893
13	0	0	0	0	0.14909472289688672	0	0	0	0	0	0	0	0	0	6.071980569662177e-4	0	0	0	0	0	0	0	0	0.025419518657540295	0	0	0	0	0	0	0	0.003808787811879002	0	0.004912784279090307	0	0	0	0.015842349304482226	0	0	0	0	0	0.0012143961139324355	0.22709207330536543	0	0	0	0	0	0	0	0	0	0	0	0	0	0	0	0	0	0	0	0	0	0	0	0	0	0	0	0	0	0.014655553102230073	0	0	0	0.4767056745418415	0.07131817178185029	0	0.009328770147935527	0	0	0	0	0	0	0	0	0	0	0	0	0
14	0	0	0	0	5.242234939495872e-4	0	0	0	0	2.402691013935608e-4	0	0	0	0	0.0018129395832423222	0	0	0	0	0	0	0	6.771220130182168e-4	0.6099777205015071	6.55279367436984e-5	2.8395439255602637e-4	0	0	3.494823292997248e-4	0	0	0.004827224673452449	0	0.0017692542920798567	0	1.965838102310952e-4	0	0	0	0	0	3.494823292997248e-4	0	0	0.0012887160892927352	0	0	0	0	0	0	0	0	0	0	0	0	0	0	0	0	0	0	0	0	0	0	0	0	0	0	0	0	0	0	0	0	0.0019221528111484864	0.27480232405748983	0.008322047966449697	0	0	0	0	0	0.007055174522738194	0.08479315014634572	0	0	0	0	7.426499497619151e-4	0	0	0
15	0	0	0	0	9.176661402535319e-4	0	0	0	0	8.323018481369243e-4	0	0	0	2.9877502240812666e-4	0.001365828673865722	0	0	0	0	0	0	0	0.0010030304323701395	0.041828503137137735	0	0	0	0	4.4816253361219e-4	0	0	0.014618635024969056	0.002070084083827735	0	0	0	0	0	0	0	0	3.841393145247343e-4	0	0	0.37235904221264243	0	0	0	0	0	0	0	0	0	0	0	0	0	0	0	0	0	0	0	0	0	0	0	0	0	0	0	0	0	0.005100516453967306	0	0	0.537923086772803	0.009582141790089206	0.009005932818302104	0	0	0	0	0	0	0.0016432626232446967	0	0	0	0	6.188911178454053e-4	0	0	0
16	2.746772542262841e-4	0	0	0	8.240317626788524e-4	0	0	0	0	0	0	0	0	0	0.0015731515469323545	0	0	0	0	0	0	0	0.0013484156116563039	0.00819037630783829	0	0	0	0	3.246185731765176e-4	0	0	0.007790845756236422	0.22713311858566185	0.19020151322196419	0	0.07948160910929658	0	0.023996803755587184	0	0	3.495892326516343e-4	0	0	0	0.0018478288011586387	0	0	0	0	0	0	0	0	0	0	0	0	0	0	0	0	0	0	0	0	0	0	0	0	0	0	0	0	0	0	0	0	0.0047194546407970635	0.010237970384797863	0.43793542587459733	0	0	0	0	0	0	0.002497065947511674	0	0	0	0	0.0012735036332309536	0	0	0
17	0	0	0	0	8.372234625532779e-4	0	0	0	0	0	0	0	0	0	0.0018012989648873553	0	0	0	0	0	0	0	0.0010148163182463973	0.007255936675461741	0	0	0	0	4.312969352547189e-4	0	0	0.0036533387456870307	0.1789628577227522	0.16386746498883703	0	0.05231378120560179	0	0.017074284554495636	0	0	0	4.5666734321087884e-4	0	0	0.002638522427440633	0	0	0	0	0	0	0	0	0	0	0	0	0	0	0	0	0	0	0	0	0	0	0	0	0	0	0	0	0	0.004718895879845748	0	0	0.005708341790135986	0.017632433529531154	0.5364319058250456	0	0	0	0	0	0	0.002993708138826872	0	0	0	0	0.0013700020296326366	0	8.372234625532779e-4	0
18	0	0	0	0	5.991059495829301e-4	0	0	0	0	0	0	0	0	0.001612977556569427	0.002258168579197198	0	0	0	0	0	0	0	0.0015208074104797456	0.28738651550762706	0	0	0	0	0.16498456150052998	0	0	0.08811465966173557	0	0.0023964237983317206	0	6.912760956726117e-4	0	0	0	0	0	6.451910226277709e-4	0	0	0.0021199133600626756	0	0	0	0	0	0	0	0	0	0	0	0	0	0	0	0	0	0	0	0	0	0	0	0	0	0	0	0	0	0.0035485506244527397	0	0	0.002258168579197198	0.23660076501221255	0.1993640259919812	0	0	0	0	0	0	0.004285911793170193	7.373611687174524e-4	0	0	0	8.756163878519748e-4	0	0	0
19	0	0	0	0	0.13621839399833288	0	0	0	0	0	0	0	0	0	0	0	0	0	0	0	0	0	0	0.22923034176160045	0	2.778549597110308e-4	0	0	0.001944984717977216	0	0	0.003820505696026674	0	0.0010419560989163657	0	0	0	0	0	0	0	0	0	0	0	0	0	0	0	0	0	0	0	0	0	0	0	0	0	0	0	0	0	0	0	0	0	0	0	0	0	0	0	0	0	0	0	0	0.6222561822728536	0.005209780494581828	0	0	0	0	0	0	0	0	0	0	0	0	0	0	0
20	0	0	0	0	0	0	0	0	0	0	0	0	0	0	0.001833491783240527	0	0	0	0	0	0	0	0.16874915116121147	0.23013717234822761	0	0	0	0	0	0	0	0.005025125628140704	0.0017655846801575444	0	0	0	0	0	0	0	0	0	0	0	0	0	0	0	0	0	0	0	0	0	0	0	0	0	0	0	0	0	0	0	0	0	0	0	0	0	0	0	0	0	0	0	0	0	0.12963465978541355	0.004413961700393861	0	0	0	0	0	0	0.4577617818823849	0	0	0	0	6.790710308298248e-4	0	0	0
21	0	0	0	0	0.0011189984963457704	0	0	0	0	0	0	0	0	0.002237996992691541	0.002867433646886037	0	0	0	0	0	0	0	0.0014337168234430184	0.009861174249047103	0	0	0	0	4.895618421512746e-4	6.294366541944959e-4	0	0.17729132426478303	0	0.003986432143231807	0	4.895618421512746e-4	0	0	0	0	0	0	0	0	0.003531839004091338	0	0	0	0	0	0	0	0	0	0	0	0	0	0	0	0	0	0	0	0	0	0	0	0	0	0	0	0	0	0	0	0.004301150470329055	0.0034619015980697277	0.024373185998531315	0.013043326223030388	0	0	0	0	0	0.13994474944924293	0.058502640137077316	0	0	0	9.091862782809385e-4	0.5515263838864216	0	0	0
22	0	0	0	0	0.09033494181095657	0	0	0	0	0	0	0	0	0	0	0	0	0	0	0	0	0	0.2194862333238717	0.08912858359352824	0	0	0	0	0	0	0	0.00205790519443656	7.805847289242123e-4	0	0	0	0	0	0	0	0.007557479420948056	0.1412148736871984	0.001419244961680386	0	0	0	0	0	0	0	0	0	0	0	0	0	0	0	0	0	0	0	0	0	0	0	0	0	0	0	0	0	0	0	0.006422083451603747	0	0	1.7740562021004825e-4	0.0024127164348566564	0.40395259721827986	0.012205506670451319	0	0.02210474027817201	0	0	0	7.451036048822027e-4	0	0	0	0	0	0	0	0
23	0	0	0	0	0	0	0	0	0	0	0	0	0	0.005385029617662897	0.352827140549273	0	0	0	0	0	0	0	0	0.06381260096930533	0	0	0	0	0	0	0	0.005869682283252558	0	8.616047388260636e-4	0	0	0.10107700592353258	0	0	0	0	0	0	0	0	0	0	0	0	0	0	0	0	0	0	0	0	0	0	0	0	0	0	0	0	0	0	0	0	0	0	0	0	0	0	0	0	0	0.46295099623047925	0.005600430802369413	0	0	0	0	0	0	0	0	0	0	0	0.0016155088852988692	0	0	0
24	0	0	0	0	5.086901229334464e-4	0	0	0	0	2.2043238660449343e-4	0	0	0	0.0012038999576091565	0.41943196269605765	0	0	0	0	0	0	0	0.0010173802458668928	0.03277660025434506	0	0	0	0	0	0	0	0.003967782958880881	0.0014921576939381093	0	0	2.2043238660449343e-4	0.15026706231454007	1.3565069944891902e-4	0	0	0	0	0	0	0.0012886816447647308	0	0	0	0	0	0	0	0	0	0	0	0	0	0	0	0	0	0	0	0	0	0	0	0	0	0	0	0	0	0	0	0	0.0012886816447647308	0.37227638830012716	0.011903348876642645	0	0	0	0	0	0	0.0012886816447647308	0	7.12166172106825e-4	0	0	0	0	0	0
25	0	0	0	0	0	0	0	0	0	0	0	0	0	0.03252702007205353	0.244981986618631	0	0	0	0	0	0	0	0	0.07720020586721564	0	0	0	0	0	0	0	0.011322696860524962	0	0	0	0	0.06670097786927431	0	0	0	0	0	0	0	0	0	0	0	0	0	0	0	0	0	0	0	0	0	0	0	0	0	0	0	0	0	0	0	0	0	0	0	0	0	0	0	0	0	0.5315491507977355	0.035717961914565104	0	0	0	0	0	0	0	0	0	0	0	0	0	0	0
26	0	0	0	0	0	0	0	0	0	0	0	0	1.9707540104844113e-4	0.004631271924638367	0.2861928974025462	0	0	0	0	0	0	0	0	0.046371841866698196	0	0	0	0	0	0	0	0.01399235347443932	0	0	6.109337432501675e-4	0	0.09889243624610776	0	0	0	9.853770052422056e-5	0	0	0	0	0	0	0	0	0	0	0	0	0	0	0	0	0	0	0	0	0	0	0	0	0	0	0	0	0	0	0	0	0	0.002424027432895826	0	0	0.0017933861495408143	0.5340546293011706	0.008119506523195775	0	0	0	0	0	0	0.0019510464703795672	0	0	0	0	6.700563635646999e-4	0	0	0
27	0	0	0	0	0	0	0	0	0	6.152389966871747e-4	0	0	0	7.572172266919072e-4	0.004472314245149077	0	0	0	0	0	0	0	0	0.6000946521533365	0	2.1296734500709892e-4	0	0	0	0	0	0.019971604353999053	0	0.010530052058684335	0.054874585896829156	0	0	0	0	0	0	0	0	0	0	0.009536204448651206	0	0	0	0	0	0	0	0	0	0	0	0	0	0	0	0	0	0	0	0	0	0	0	0	0	0	0	0	0.003809749171793658	0	0	0.16694273544723143	0.12404164694746805	0.002271651680075722	0	0	0	0	0	0	0.001869380028395646	0	0	0	0	0	0	0	0
28	0	0	0	0	0	0	0	0	0	0	0	0	0.005717514875511086	0	0.004188412059967423	0	0	0	0	0	0	0	0	0.14599607751886448	0	0	0	0	0	0	0	0.4868197985573247	0.0014626200844330686	0	0	0	0	0	0	0	0	0	0	0	0	0	0	0	0	0	0	0	0	0	0	0	0	0	0	0	0	0	0	0	0	0	0	0	0	0	0	0	0	0	0.04155170694412126	0	0	0.004188412059967423	0.013861649436558853	0.25519396336801514	0	0.039025363161918694	0	0	0	0.001994481933317821	0	0	0	0	0	0	0	0	0
29	7.999573356087675e-5	0	0	0	0	0	0	0	0	0	0	0	0.014959202175883953	8.799530691696442e-4	0.00450642632392939	0	0	0	0	0	0	0	0	0.056583648872060154	0	0	0	0	0	0	0	0.3516879099781345	0	0.0014132579595754894	0	0	0	0	0	0	0	0	0	0	5.599701349261372e-4	0	0	0	0	0	0	0	0	0	0	0	0	0	0	0	0	0	0	0	0	0	0	0	0	0	0	0	0	0	0.06138339288571276	0	0	0.00557303610474108	0.021172204149112046	0.41933763532611595	0	0.05845021598848062	0	0	0	0	0.0024532024958668873	0	0	0	0	0	0	9.59948802730521e-4	0
30	0	0	0	0	0	0	0	0	0	0	0	0	0	0.0015170995114425303	0.0034199022885060427	0	0	0	0	0	0	0	0	0.3800205708408331	0	2.5713551041398817e-4	0	0	0	0	0	0.018565183851889946	0	0	0	0	0	0	0	0	0	0	0	0	0	0	0	0	0	0	0	0	0	0	0	0	0	0	0	0	0	0	0	0	0	0	0	0	0	0	0	0	0	0	0.028336333247621498	0	0	0.2240164566726665	0.013731036256106968	0.00959115453844176	0	0	0	0	0	0.13383903317048085	0.18601182823347903	6.942658781177681e-4	0	0	0	0	0	0	0
31	0	0	0	0	0.006104592009767347	0	0	0	0	0	0	0	0	0.5279115512446585	0.0014244048022790477	0	0	0	0	0	0	0	0	0.01159872481855796	0	0	0	0	0	0	0	0.0067150512107440816	0	0	0	0	0	0	0	0	0	0	0	0	0	0	0	0	0	0	0	0	0	0	0	0	0	0	0	0	0	0	0	0	0	0	0	0	0	0	0	0	0	0	0	0	0	0.002577494404123991	0.4436681815098691	0	0	0	0	0	0	0	0	0	0	0	0	0	0	0	0
32	0	0	0	0	0	0	0	0	0	0	0	0	0	0.006307977736549165	0.4408534322820037	0	0	0	0	0	0	0	0	0.01012987012987013	0	0	0	0	0	0	0	0.005120593692022264	0	0	0	0	0.12415584415584416	0	0	0	0	0	0	0	0	0	0	0	0	0	0	0	0	0	0	0	0	0	0	0	0	0	0	0	0	0	0	0	0	0	0	0	0	0	0	0	0.010018552875695733	0	0.4023376623376623	0.0010760667903525047	0	0	0	0	0	0	0	0	0	0	0	0	0	0	0
33	0	0	0	0	0	0	0	0	0	0	0	0	0	0.003617286316596397	0.2249904177845918	0	0	0	0	0	0	0	0	0.015858566500574933	0	0	0	0	0	0	0	0.014948256036795707	0	0	0	0	0.06297911077041012	0	0	3.1142200076657723e-4	0	0	0	0	7.90532771176696e-4	0	0	0	0	0	0	0	0	0	0	0	0	0	0	0	0	0	0	0	0	0	0	0	0	0	0	0	0	0	0	0	0.0020841318512840167	0.004240130318129551	0.6605260636259103	0.0033298198543503256	0	0	0	0	0	0.002347642775009582	0	0	0	0	0	0.003976619394403986	0	0	0
34	0	0	0	0	0	0	0	0	0	0	0	0	0.004987842134796434	0	0	0	0	0	0	0	0	0	0	0.5901552465864456	5.299582268221211e-4	7.793503335619428e-4	0	0	0	0	0	0.0070765010287424405	0	0	0	0	0.0011222644803291976	0	0	0	0	0	0	0	0	0	0	0	0	0	0	0	0	0	0	0	0	0	0	0	0	0	0	0	0	0	0	0	0	0	0	0	0	0	0	0	0	0.07908847184986595	0.31626036535943636	0	0	0	0	0	0	0	0	0	0	0	0	0	0	0	0
36	0	0	0	0	0	3.705014943560272e-4	0	0	0	0	0	0	0.0020501082687700172	4.363684266859876e-4	0.001827807372156401	0	0	0	0	0	0	0	0	0.9276369414689972	0.0013914389454704134	6.092691240521336e-4	0	0	0	0	0	0.0438262100990474	0	0	0	0	0	0	0	0	1.0703376503618565e-4	0	0	0	0	0	0	4.116683270622525e-5	0	0	0	0	0	0	1.0703376503618565e-4	0	0	0	0	0	0	0	0	0	0	0	0	0	0	0	0	0	0	0	0	0	0	0.0012597050808104927	0.018549774817425098	7.657030883357896e-4	0	0	0	0	0	0	6.339692236758688e-4	0	3.3756802819104705e-4	0	4.94001992474703e-5	0	0	0	0
37	0	0	0	0	0	5.041708680905674e-4	0	0	0	0	0	0	0.006508387569896416	0	0	0	0	0	0	0	0	0	0	0.9422495187459895	0.0012375103125859383	6.416720139334495e-4	0	0	0	0	0	0.028233568613071774	0	0	0	0	0	0	0	0	0	0	0	0	0	0	0	0	0	0	0	0	0	0	0	0	0	0	0	0	0	0	0	0	0	0	0	0	0	0	0	0	0	0	0	0	0.0018791823265193876	0	0.018745989549912915	0	0	0	0	0	0	0	0	0	0	0	0	0	0	0	0
38	1.8231540565177758e-4	0	0	0	0	0	0	0	0	0.1734275296262534	0	0	0	0	0	0	0	0	0	0	0	0	0	0.010391978122151322	0	0	0	0	0	0	0	0.8009115770282589	0	0	0	0	0	0	0	0	0	0	0	0	0	0	0	0	0	0	0	0	0	0	0	0	0	0	0	0	0	0	0	0	0	0	0	0	0	0	0	0	0	0	0	0	0.005742935278030993	0	0.0061075660893345485	0	0	0	0	0	0	0	0.0020054694621695532	4.1020966271649955e-4	8.204193254329991e-4	0	0	0	0	0	0
39	0	0	0	0	0	0	0	0	0	0.14959313953806955	0	0	0	0	0	0	0	0	0	0	0	0	0	0.009781089892873778	0	0	0	0	0	0	0	0.8300501383599551	0	0	0	0	0	0	0	0	0	0	0	0	6.301542508013919e-4	0	0	0	0	0	0	0	0	0	0	0	0	0	0	0	0	0	0	0	0	0	0	0	0	0	0	0	0	0	0.0044658757774185594	0	0.002657607057727609	0.002164442861448259	0	0	0	0	0	0	0	0	0	0	6.575522617058002e-4	0	0	0	0	0	0
40	0	0	0	0	0	0	0	0	0	0	0	0	0.0011863522042423955	0	0	0	0	0	0	0	0	0	0	0.011863522042423955	0	0	0	0	0	0	0	0.2578655151141271	0	0.0013761685569211788	0	3.321786171878707e-4	0	0	0	0	0	0	0	0	0	0	0	0	0	0	0	0	0	0	0	0	0	0	0	0	0	0	0	0	0	0	0	0	0	0	0	0	0	0	0.3509229820149006	0	0.0038912352299150573	0.36644046884639114	0	0	0	0	0	0	0	0	0.004175959758933232	4.745408816969582e-4	0.0011863522042423955	0	0	0	0	0	2.847245290181749e-4
41	0	0	0	0	0	0	0	0	0	0.0011167881173744312	0	0	0.0025686126699611916	0	0	0	0	0	0	0	0	0	0	0.006226093754362454	0	0	0	0	0	0	0	0.10469888600385292	0	0	0	0	0	0	0	2.791970293436078e-4	0	0	0	0	0	0	0	0	0	0	0	0	0	0	0	0	0	0	0	0	0	0	0	0	0	0	0	0	0	0	0	0	0	0	0.42694809727224503	0	0.002903649105173521	0.43242035904737974	0.0019264595024708936	0	0	0	0	0	0	0.011921713152972052	0.008152553256833348	2.791970293436078e-4	5.583940586872156e-4	0	0	0	0	0	0
42	0	0	0	0	0	0.06837907576823833	0	0	0	0.011054421768707483	0	0	0	4.1050903119868636e-4	0	0	0	0	0	0	0	0	0	0.004984752521698334	0	0	0	0	0	0.0015833919774806474	0	0.6816795683790757	0	0	0	0	0	0	0	0	0	0	0	0	0	0	0	0	0	0	0	0	0	0	0	0	0	0	0	0	0	0	0	0	0	0	0	0	0	0	0	0	0	0	0	0	0.0017300023457658925	0.002902885292047854	0.0035479709125029323	0	0	0	0	0	0	0	0	0.2233169129720854	4.1050903119868636e-4	0	0	0	0	0	0
43	0	0	0	0	3.2464520916427046e-4	7.884240793989426e-4	0	0	0	0	0	0	2.3188943511733606e-4	0	0	0	0	0	0	0	0	0	0	0.5274557091178926	0	0	0	0	0	0	0	0.004127631945088582	0	0	0.006075503200074205	0	0	0	0.024904925331601893	5.565346442816065e-4	0.0012985808366570819	0	0	0	0.06905667377794268	0	0	0	0	0	0	0	0	0	0	0	0	0	0	0	0	0	0	0	0	0	0	0	0	0	0	0	0	0	0.006400148409238475	0	0.3136072720526853	0	0	0	0	0	0	0.021194694369724515	0	0.009600222613857713	0.014377144977274835	0	0	0	0	0	0	0	0
44	0	0	0	0	0	0	0	0	0	0	0	0	0	0	0	0	0	0	0	0	0	0	0	0.003281219841729396	0	0	0	0	0	0.009940165991121405	0	0.014572476355915846	0	0	0	0	0	0	0	0.1514186450492183	0	0	0	0	0	0	0	0	0	0	0	0	0	0	0	0	0	0	0	0	0	0	0	0	0	0	0	0	0	0	0	0	0	0	0.006272920285659139	0	0.8009071607797722	0	0	0	0	0	0	0	0	0.01360741169658367	0	0	0	0	0	0	0	0	0
45	0	0	0	0	0	0	0	0	0	0.0014112515235101674	0	0	0	0.001122586439155815	0	0	0	0	0	0	0	0	0	0.008114696260183463	0	0	0	0	0	0.0049714542305471805	0	0.01693501828212201	0	0	0	0	0	0	0	0.08541279107062673	0	0	0	0	0	0	0	0	0	0	0	0	0	0	0	0	0	0	0	0	0	0	0	0	0	0	0	0	0	0	0	0	0	0	0.0060298928731798065	0	0.8590031432420296	0	0.002694207453973956	0	0	0	0	0	0	0.005356341009686317	0.007729809481044326	6.094040669702996e-4	0	0	0	6.094040669702996e-4	0	0	0
46	0	0	0.00914898651313195	0	0	0	0	0	0	0.012698162315640034	0	0	0	0	0	0	0	0	0	0	0	0	0	0.3133527880747693	0	0	0	0	0	0	0	0.6564397823172174	0	0	0	0	0	0	0	0	0	0	0	0	0	0	0	0	0	0	0	0	0	0	0	0	0	0	0	0	0	0	0	0	0	0	0	0	0	0	0	0	0	0	0	0	0.007413833898572443	0	0	0	0	0	0	0	0	0	0	0	9.464468806688225e-4	0	0	0	0	0	0
47	0	0	0.00902290946902358	0	0	0	0	0	0	0.012108811592258411	0	0	0	0	0	0	0	0	0	0	0	0	0	0.41065977929091335	5.702210445107839e-4	0	0	0	0	8.721027739576695e-4	0	0.5667661758293362	0	0	0	0	0	0	0	0	0	0	0	0	0	0	0	0	0	0	0	0	0	0	0	0	0	0	0	0	0	0	0	0	0	0	0	0	0	0	0	0	0	0	0	0	0	0	0	0	0	0	0	0	0	0	0	0	0	0	0	0	0	0	0
48	0	0	0	0	0	0	0	0	0	0.08563020868432285	0	0	0	0	4.043399150886178e-4	0	0	0	6.738998584810297e-5	0	0	0	0	0.6172922703686232	0.001168093088033785	8.086798301772356e-4	0	0	0	0	0	0.022126378686793808	0	0.001168093088033785	0	6.738998584810297e-5	0	0	0	3.594132578565492e-4	1.797066289282746e-4	0	0	0	0	0	0	0	0	0	0	0	0	5.840465440168925e-4	0	0	6.96363187097064e-4	0	0	0	0	0	0	0	0	0	0	0	0	0	0	0	0	0	0	0	0.0016398229889705057	0.0013702630455780939	0.0028753060628523936	0.005728148797088752	0	0	0	0	0	0	0	0	0.24736617471977	0	5.166565581687895e-4	0	0	0	0.009951254576903205
49	0	0	0	0	0	0	0	0	0	0	0	0	0	0	0	0	0	0	0	0	0	0	0	0.19068301822517458	0	0	0	0	0	0	0	0.003832396525293817	0	0	0	0	0	0	0	0	0	0	0	0	0	0	0	0	0	0	0	0	0	0	0	0	0	0	0	0	0	0	0	0	0	0	0	0	0	0	0	0	0	0	0	0	0	9.368080395162664e-4	0.0030659172202350538	0.444132175097939	0	0	0	0	0	0	0	0	0	0	0	0.35734968489184127	0	0	0
51	2.0874845810797988e-4	0	0	0	1.1386279533162539e-4	0	0	0	0	1.328399278868963e-4	0	0	0	0.001328399278868963	0	0	0	0	0	0	0	0	0	0.6133978555840213	0.0017838504601954644	9.678337603188158e-4	0	0	0	0	0	0.03951038998007401	0	0	0.007875510010437422	0	0	0	0	0	0.0032640667995065945	0	0	0	0	0	0	0	0	0	0	0	1.707941929974381e-4	0	2.656798557737926e-4	0	0	0	0	0	0	0	1.1386279533162539e-4	0	0	0	0	0	0	0	0	0	0	0	0.12875984438751303	0	0	0.0012335136160926085	0.0014612392067558592	0.19851978366068887	0	0	0	0	0	0	0	0	5.313597115475852e-4	0	0	3.226112534396053e-4	0	0	3.79542651105418e-5
52	0.0012629200039881684	2.658778955764565e-4	0	0	0	0	0	4.98521054205856e-4	0	0	0	0	0	0.0016617368473528533	0	0	0	0	0	0	0	0	0	0.6069992356010502	0.0017282063212469673	9.638073714646548e-4	0	0	0	0	0	0.051214729635414936	0	0	0.013260660041875769	1.9940842168234238e-4	0	0	0	0	0.0027584831666057365	0	0	0	0	0	0	0	0	0	0	0	0	0	5.649905280999701e-4	0	0	0	0	0	0	0	0	0	0	0	0	0	0	2.658778955764565e-4	0	0	0	0	0.1037256140117651	0	0	0.0033567084316527634	0.0011964505300940543	0.2006381069493835	0	0	0	0	0	0	0	0	0	2.3264315862939945e-4	0	5.649905280999701e-4	0	4.3205158031174183e-4	0.008208980025923095
53	0	0	0	0	2.906765496693554e-4	0	0	0	0	0	0	0	0	0.0023617469660635127	0	0	0	0	0	0	0	0	0	0.009047307608458687	0	0	0	0	0	0	0	0.007848266841072597	0	7.266913741733886e-4	0	0	0	0	0	0	0	0	0	0	0	0	0	0	0	0	0	0	0	0	0	0	0	0	0	0	0	0	0	0	0	0	0	0	0	0	0	5.08683961921372e-4	0	0	0.5864399389579246	0	0	0.002870430927984885	0.004541821088583678	0.00443281738245767	0	0	0	0	0	0	0	0	0	0	0	0.004505486519875009	0	0.3764261318218153	0
54	0	0	0	0	0	0	0	0	0	0	0	0	0	0.5679915209326974	0	0	0	0	0	0	0	0	0	0.40554672319378204	1.413177883766119e-4	3.179650238473768e-4	0	0	0	0	0	0.015721603956898075	0	0	2.4730612965907084e-4	0	0	0	0	0	0	0	0	0	0	0	0	0	0	0	0	0	0	0	0	0	0	0	0	0	0	0	0	0	0	0	0	0	0	0	0	0	0	0	0.004698816463522346	0	0	0	0.0033209680268503797	0	0	0	0.001483836777954425	0	0	0	0	1.413177883766119e-4	0	0	0	3.8862391803568273e-4	0	0	0
55	0	0	0	0	0	0	0	0	0	0.002297592997811816	0	0	0	0.07428884026258206	0	0	0	0	0	0	0	0	0	0.017833698030634573	0	0	0	0	0	0	0	0.875054704595186	0	0	7.658643326039387e-4	0	0	0	0	0	0	0	0	0	0.008096280087527353	0	0	0	0	0	0	0	0	0.00262582056892779	0.0020787746170678337	0	0	3.2822757111597374e-4	0.0025164113785557988	0	0	0	0	0.00262582056892779	0	0	0	0	0	0.00437636761487965	0	0	0	0	0	0	0	0	0.007111597374179431	0	0	0	0	0	0	0	0	0	0	0	0	0	0	0	0
56	0	0	0	0	0	0	0	0	6.14313504658544e-4	0.0016381693457561176	0	0	0	0.22524828504146616	0	0	0	1.0238558410975735e-4	0	0	0	0	0	0.009521859322207433	0	0	0	0	0	0	0	0.7322616975529845	0	0	0	0	0	0	0	0	0	0	0	0	0.010699293539469643	0	0	0	0	0	0	0	0	0.0033275314835671138	7.678918808231801e-4	0	0.0011774342172622095	0	0.001382205385481724	0	0	3.583495443841507e-4	0	0	0	0	0	6.14313504658544e-4	0.0016381693457561176	0.0028667963550732057	0	0	0	0.001382205385481724	0	0	0	0	0.0025596396027439336	0.0015869765537012389	0	0	0	0	0	0	0	0	0	0.0015869765537012389	0	6.655062967134228e-4	0	0	0
57	0	0	0	0	0	0	0	0	0	0	0	0	0	0.5336590662323561	0	0	0	0	0	0	0	0	0	0.4208784280760744	6.654758152078737e-4	2.9771286469825923e-4	0	0	0	0	0	0.03691639522258415	0	0	0	0	0	0	0	0	1.0507512871703268e-4	0	0	0	2.626878217925817e-4	0	0	0	0	0	0	0	0	0	0	0	0	0	0	0	0	0	0	0	0	0	0	0	0	0	0	0	0	0	0.0026619032608314946	0	0.0012433890231515533	0	0.002469265524850268	0	0	0	0	0	0	0	0	0	0	0	0	6.304507723021961e-4	0	2.1015025743406537e-4	0
58	0	0	0	0	0	0	0	0	0	0	0	0	0	0.001007780062079252	0	0	0	0	0	0	0	0	0	0.544443100737695	3.6280082234853067e-4	0	0	0	0	0	0	0.13109203047526907	0	0	0	0	0	0	0	0	0	0	0	0	0	0	0	0	0	0	0	0	0	0	0	0	0	0	0	0	0	0	0	0	0	0	0	0	0	0	0	0	0	0	0.20961825291248437	0.02805659692828637	0	0	0	0	0	0	0	0	0.08473414761962349	0	0	0	0	0	0	4.0311202483170073e-4	0	2.821784173821905e-4	0
59	0	0	0	0	0	9.378463637138716e-4	0	0	6.820700827009975e-4	0.022934606530821043	0	0	0	0.0010231051240514964	0	0	0	0	0	0	0	0	0	0.2629380168812345	0	0	0	0	0	0.032568846448972635	0	0.5691022252536448	0	0.0017051752067524938	0	0	0	0	0	0	0	0	0	0	0	0	0	0	0	2.557762810128741e-4	0	0	0	0.002813539091141615	0.001364140165401995	0	0	8.525876033762469e-4	0.0029840566118168642	5.968113223633728e-4	0	0	0	0	0	0	0	0	0	0.003069315372154489	0	0	7.673288430386223e-4	0	0	0.022252536448120044	0	0.001108363884389121	0.0010231051240514964	0.003069315372154489	0	0	0	0	0.06795123198908688	0	0	0	0	0	0	0	0	0	0
60	0	0	0	5.772243753607652e-4	0.061020862538138036	3.6282675022676674e-4	0	0	0	0	0	0	9.565432505978395e-4	9.895275006184547e-4	4.4528737527830463e-4	0	0	0	0	0	0	0	0	0.33795662571122287	1.6492125010307578e-4	3.463346252164591e-4	0	0	0	0.0011049723756906078	0	0.00578873587861796	0	0	0	0	0	0	0	0.02841593139275996	0.026337923641461203	0.005277480003298425	0	0	0.013507050383441906	0	0	0	0	4.947637503092273e-5	0	0	0	0	1.1544487507215305e-4	0	0	0	0	0	0	0	0	0	0	0	0	0	0	0	0	0	0	0	0.0024078502515049063	0	0	0	0.5112228910695144	0.0022429290014018308	0	0	0	0	0	0	0	0	0	0	0	3.9581100024738185e-4	0	3.13350375195844e-4	0
61	0	0	0	0	0.07792773182411841	0	0	0	0	0	0	0	0	0	0	0	0	0	0	0	0	0	0	0.2322594688724423	0	2.1767522855898998e-4	0	0	0	0	0	0.00457117979973879	0	0	0	0	0	0	0	0.00783630822812364	0.007727470613844145	0	0	0	0.007945145842403134	0	0	0	0	0	0	0	0	0	0	0	0	0	0	0	0	0	0	0	0	0	0	0	0	0	0	0	0	0	0	0	0	0	0.6615150195907705	0	0	0	0	0	0	0	0	0	0	0	0	0	0	0	0
62	0	0	0	0	0	3.470013301717657e-4	0	0	0	0	0	0	0	0	9.253368804580418e-4	0	0	0	0	0	0	0	0	0.28095541032907295	0	2.8916777514313805e-4	0	0	0	0	0	0.020646579145220056	0	0	0.05997339656468683	0	0	0	0	0	0	0	0	0	0.18003585680411774	0	0	0	0	0	0	0	0	0	0	0	0	0	0	0	0	0	0	0	0	0	0	0	0	0	0	0	0	0	0.04499450581227228	0.011913712335897287	0	0	0.2578219883176219	0	0	0	0	0	0.055751547047597015	0	0	0.08634549765774102	0	0	0	0	0	0	0
63	0	0	0	0	0	0.005690396005109744	0	0	0	0.014980838462431773	0	0	0	2.6129369411218207e-4	0	0	0	0	0	0	0	4.354894901869702e-4	0	0.8096039948902567	0.0019742190221809313	4.354894901869702e-4	0	0	0	0	0	0.040994077342933456	0	0.0014806642666356986	0	0	0	0	0	0	0	0	0	0	0.002467773777726164	0	0	0	0	2.6129369411218207e-4	0.0011032400418069912	0	0	0.002874230635234003	0.0014516316339565672	0	0	0	0	5.225873882243641e-4	0	0	0	9.000116130530717e-4	6.387179189408895e-4	0	0	0	0	0.0020032516548600626	8.129137150156776e-4	0	0	8.129137150156776e-4	0.008593659273022877	0	0	0	0.0046742538613401465	0	0	0	0	0	0.005777493903147138	0	0	0.06343630240390198	0.012832423644176054	0	0	8.129137150156776e-4	0	0	0.014167924747416096
64	0	0	0	0	1.6845415239485654e-4	0.005390532876635409	0	0	0	0	0	0	0	0	0	0	0	0	0	0	0	0	0	0.26514683586950416	3.930596889213319e-4	2.807569206580942e-4	0	0	0	3.930596889213319e-4	0	0.029479476669099895	0	0.0015160873715537088	0	0	0	0	0	0	4.4921107305295077e-4	0	0	0	0.11325734179347521	0	0	0	0	0	0	0	0	0	0	0	0	0	0	0	0	0	0	0	0	0	0	0	0	0	0	0	0	0	0.2184288842719973	0.06294570161154472	0	0.034420798472682354	0.006401257791004548	0.002582963670054467	0	0	0	0	0.25301813689707453	0.00437980796226627	0	0.0013476332191588523	0	0	0	0	0	0	0
65	0	0	0	0	0	9.534469178792024e-4	0	0	0	0	0	0	0	0	0	0	0	0	0	0	0	0	0	0.17597313766944409	0	2.0727106910417445e-4	0	0	0	0	0	0.014301703768188036	0.001119263773162542	0	0	0	0	0	0	0	0	0	0	0	0.4010280645027567	0	0	0	0	0	0	0	0	0	0	0	0	0	0	0	0	0	0	0	0	0	0	0	0	0	0	0	0	0	0.19715624093189071	0	0	0.186295236910832	0.01102682087634208	0.006259586286946068	0	0	0	0	0	0	0	0.005223230941425196	0	0	0	0	0	4.5599635202918376e-4	0
66	0	0	0	0	0	0	0	0	5.381341421652561e-4	0	0	0	0	7.338192847708038e-4	0	0	0	0	0	0	0	0	0	0.6504084927351891	0.0012719534269360598	6.848979991194168e-4	0	0	0	0	0	0.3230272491561078	0	0.0010273469986791252	0	0	0	0	0	0	0	0	0	0	0.0012719534269360598	0	0	0	0	0	0	0	6.848979991194168e-4	0	6.848979991194168e-4	0	0	0	0	0	0	0	0	0	0	7.827405704221907e-4	0	0	0	0	0	0	0	0	0	0	0	0	0.01350227483978279	0.0033755687099456975	0	0	0	0	0	0	0	0.0010273469986791252	0	0	0	0	9.784257130277384e-4	0	0
67	2.467003823855927e-4	0	0	0	0	0	0	0	0	0.01517207351671395	0	0	0	0	0	0	0	0	0	0	0	0	0	0.5609966695448378	0.0016035524855063526	0	0	0	0	0	2.467003823855927e-4	0.41346984087825334	0	0	0	0	0	0	0	0	0	0	0	0	0	0	0	0	0	0	0	0	0	6.167509559639817e-4	0	0	0	0	0	0	0	0	0	0	0	0	0	0	0	0.0016035524855063526	0	0	0	0	0	0	0	0	0.0060441593684470215	0	0	0	0	0	0	0	0	0	0	0	0	0	0	0	0
68	0	0	0	0	0	0	0	0	0	0.0821831869510665	0	0	0	0	0	0	0	0	0	0	0	0	0	0.21941656210790464	0	0	0	0	0	0	0	0.6922051442910916	0	0	0	0	0	0	0	0	0	0	0	0	8.626097867001255e-4	0	0	0	0	0	0	0	0	0	0	0	0	0	0	0	0	0	0	0	0	0	0	0	0	0	0	0	0	0	0	0	0	0	0.00533249686323714	0	0	0	0	0	0	0	0	0	0	0	0	0	0	0	0
69	1.9088340841414065e-4	0	0	0	0	0	0	0	0	0.005230205390547454	0	0	0	0.0015270672673131252	0	0	0	0	0	0	0	0	0	0.49950370313812326	0.0010307704054363595	9.925937237535314e-4	0	0	0	0	0	0.4711002519660991	0	0	0	0	0	0	0	0	3.05413453462625e-4	0	0	0	0.001985187447507063	0	0	0	0	0	0	0	0	0	0	0	0	0	0	0	0	0	0	0	0	0	0	0	0	0	0	0	0	0	0	0	0.003817668168282813	0	0.012407421546919142	0	0	0	0	0	0	6.1082690692525e-4	0	7.253569519737345e-4	0	0	0	5.726502252424219e-4	0	0	0
70	0	0	0	0	0	0	0	0	0	0	0	0	0	0	0	0	0	0	0	0	0	0	0	0.9848750844024308	0.002835921674544227	0.0011478730587440918	0	0	0	0	0	0.006414584740040513	0	2.700877785280216e-4	0	0	0	0	0	0	0	0	0	0	0	0	0	0	0	0	0	0	0	0	0	0	0	0	0	0	0	0	0	0	0	0	0	0	0	0	0	0	0	0	0	0	0	0	0.004456448345712356	0	0	0	0	0	0	0	0	0	0	0	0	0	0	0	0
71	0	0	0	0	0	0	0	0	0	0	0	0	0	0	2.675108118953141e-4	0	0	0	0	0	0	0	0	0.4718890721833341	3.120959472111998e-4	0	0	0	0	0	0	0.3759418609835481	0	0	0	0	0	0	0	0	0	0	0	0	3.5668108252708545e-4	0	0	0	0	0	0	0	0	0	0	0	0	0	0	0	0	0	0	0	0	0	0	0	0	0	0	0	0	0	0	0	0	0.15123277899148424	0	0	0	0	0	0	0	0	0	0	0	0	0	0	0	0	0
72	0	0	0	0	1.9880056989496703e-4	0	0	0	0	0	0	0	0	0	0.0013584705609489415	0	0	0	0	0	0	0	0	0.315629038136576	3.6446771147410624e-4	3.3133428315827837e-4	0	0	0	0.001259070276001458	0	0.016036579304860674	0	0	0	0	0	0	0	0	0.07385441171598026	0	0	0	0.001259070276001458	0	0	0	0	0	0	0	0	1.9880056989496703e-4	0	0	0	0	0	0	0	0	0	0	0	0	0	0	0	0	0	0	0	0	0.00367781054305689	0	0	0	0.5846062092044664	0	0	0	0	0	0	0	0	4.970014247374176e-4	7.289354229482125e-4	0	0	0	0	0	0
73	3.2622879512831667e-4	0	0	0	0	0	0	0	0	0	0	0	0	0	0	0	0	0	0	0	0	0	0	0	0	0	0	0	0	0	0	0.0025010874293170944	0	0	0	0	0	0	0	0	0	0	0	0	0	0	0	0	0	0	0	0	0	0	0	0	0	0	0	0	0	0	0	0	0	0	0	0	0	0	0	0	0	0	0	0	0	0	0.9971726837755546	0	0	0	0	0	0	0	0	0	0	0	0	0	0	0	0
74	0	0	0	0	0	0	0	0	0	0	0	0	0	0	0	0	0	0	0	0	0	0	0	0.6346769033909149	0	0	0	0	0	0	0	0.3569565431369654	0	0	0	0	0	0	0	0	0	0	0	0	0	0	0	0	0	0	0	0	0	0	0	0	0	0	0	0	0	0	0	0	0	0	0	0	0	0	0	0	0	0	0	0	0	0	0.006151877553029184	0.0022146759190905065	0	0	0	0	0	0	0	0	0	0	0	0	0	0	0
75	0	0	0	0	0.10194779898714453	0	0	0	0	0	0	0	0	0.46244643552785353	0	0	0	0	0	0	0	0	0	0.0798208024931827	0	0	0	0	0	0	0	0.0037008180755746006	0	0	0	0	0	0	0	0	0	0	0	0	0	0	0	0	0	0	0	0	0	0	0	0	0	0	0	0	0	0	0	0	0	0	0	0	0	0	0	0	0	0	0.02847682119205298	0	0	0.01679002726918582	0.30592130892091934	8.959875340864823e-4	0	0	0	0	0	0	0	0	0	0	0	0	0	0	0
76	0	0	0	0	0	0	0	0	0	0	0	0	0	0	0	0	0	0	0	0	0	0	0	0.002201389152465176	0	0	0	0	0	0.05784339773029187	0	0.9306941966827342	0	3.795498538733063e-4	0	0	0	0	0	0	0	0	0	0	0	0	0	0	7.590997077466125e-5	0	0	0	0	0	0	0	0	0	0	0	0	0	0	0	0	0	0	0	0	0	0	0	0	0	0	0	0	0	0.005731202793486924	0.003074353816373781	0	0	0	0	0	0	0	0	0	0	0	0	0	0	0
