Genus	10776.Healthy	10850.Healthy	10543.Healthy	10246.Healthy	10156.Gastrectomy	10684.Healthy	10463.Healthy	10100.Healthy	10342.Gastrectomy	10357.Healthy	10234.Gastrectomy	10537.Healthy	10304.Healthy	10701.Healthy	10197.Healthy	10486.Healthy	10132.Healthy	10680.Gastrectomy	10036.Healthy	10487.Healthy	10166.Gastrectomy	10317.Healthy	10183.Healthy	10791.Gastrectomy	10319.Gastrectomy	10208.Healthy	10554.Gastrectomy	10465.Healthy	10784.Healthy	10341.Healthy	10114.Healthy	10558.Gastrectomy	10215.Healthy	10794.Healthy	10423.Gastrectomy	10207.Healthy	10112.Gastrectomy	10205.Gastrectomy	10354.Healthy	10741.Healthy	10632.Healthy	10107.Healthy	10696.Gastrectomy	10538.Gastrectomy	10623.Gastrectomy	10360.Gastrectomy	10258.Healthy	10673.Gastrectomy	10192.Gastrectomy	10657.Healthy	10064.Gastrectomy	10433.Gastrectomy	10025.Healthy	10037.Healthy	10257.Gastrectomy	10060.Healthy	10297.Gastrectomy	10378.Healthy	10244.Healthy	10291.Gastrectomy	10647.Healthy	10501.Gastrectomy	10250.Healthy	10519.Healthy	10540.Gastrectomy	10733.Healthy	10219.Healthy	10563.Gastrectomy	10369.Gastrectomy	10355.Gastrectomy	10058.Healthy	10176.Gastrectomy	10048.Healthy	10451.Gastrectomy	10751.Gastrectomy	10105.Healthy	10703.Gastrectomy	10599.Gastrectomy	10080.Healthy	10807.Healthy	10395.Gastrectomy	10742.Gastrectomy	10321.Gastrectomy	10302.Healthy	10810.Gastrectomy	10167.Gastrectomy	10659.Healthy	10231.Healthy	10690.Gastrectomy	10457.Gastrectomy	10698.Healthy	10782.Gastrectomy	10340.Healthy	10189.Gastrectomy	10226.Healthy	10106.Healthy
k__Archaea|p__Euryarchaeota|c__Methanobacteria|o__Methanobacteriales|f__Methanobacteriaceae|g__Methanobrevibacter	0	0	0	0	0	0.16243	0	0	0.69675	0	0	0	0	0	0	0	0	0.20749	0	0	0	0	0	0.08287	0	0	0	0	0	0	0	0	0	0	0	0.03261	0	0	0	0	0	0	0	0	0	0	0	0.02308	0	0	0.14813	0	0	0	0	0	1.9331	0	0	0	0	0	0	0.01023	0.02876	0	0	0	0	0	0	0	0	0	0	0.19237	0	0	0	0	0	0	0	0	0	0.0011	0	0	0	0	0.00618	0	0	0	0.01274	0
k__Archaea|p__Euryarchaeota|c__Methanobacteria|o__Methanobacteriales|f__Methanobacteriaceae|g__Methanosphaera	0	0	0	0	0	0	0	0	0	0	0	0	0	0	0	0	0	0	0	0	0	0	0	0	0	0	0	0	0	0	0	0	0	0	0	0.00137	0	0	0	0	0	0	0	0	0	0	0	0	0	0	0.05274	0	0	0	0	0	0.08249	0	0	0	0	0	0	0	0	0	0	0	0	0	0	0	0	0	0	0	0	0	0	0	0	0	0	0	0	0	0	0	0	0	0	0	0	0	0	0
k__Bacteria|p__Actinobacteria|c__Actinobacteria|o__Actinomycetales|f__Actinomycetaceae|g__Actinomyces	0.00338	0	0.01233	0	0.00213	0	0.00373	0.00708	0.01542	0	0	0.13015	0	0	0	3.2e-4	0.74072	0.00339	0.00192	2.5e-4	0	0	0.00166	0	0.07977	0.12141	0.01814	0	0.00777	0	0	0	0	0	0.05764	0	0	0.04466	9.2e-4	0	0	0.00561	0.00206	0	0	0	0	0	0	0.011269999999999999	0	0	7.3e-4	0.00424	0	0.00468	0	0	0.00208	0.00131	0	0	0.09898	0	0.00535	0.31958	5.3e-4	0	0	0.007	0	0.00217	0.02581	0.00257	0	0	6e-4	0.00365	0.020759999999999997	0	0	0	0	0	0.00585	0.01175	0.12331	0	0.0017	0.00329	0.02047	0	0	0	0	0
k__Bacteria|p__Actinobacteria|c__Actinobacteria|o__Actinomycetales|f__Corynebacteriaceae|g__Corynebacterium	0	0	0	0	0	0	0	0	0	0	0	0.00661	0	0	0	0	0.06776	0	0	9.9e-4	0	0	0	0	0	0	0	0	0	0	0	0	0	0	0	0	0	0	0	0	0	0	0	0	0	0	0	0	0	0	0	0	0	0	0	0.00216	0	0	0	0	0	0	0	0	0	0	0	0	0	0	0	0.0025	0	0	0	0	0	0	0.00233	0	0	0	0	0	0	0	0	0	0	0	0	0	0	0	0	0
k__Bacteria|p__Actinobacteria|c__Actinobacteria|o__Actinomycetales|f__Micrococcaceae|g__Rothia	0.03801	0.00322	0.00525	0	0.00318	0.02548	0.00694	0	0.03558	0.01223	0.07394999999999999	0.23181000000000002	0.00351	0	0	0	0.46077	0.01494	0	0.00876	0	0.04657	0.01888	0	0.21364	0.1485	0	0	0.00138	0.00388	0	0.01141	0.00289	0	0.07862999999999999	0.09593	0	0.05574	0.01645	0	0.00552	0.00563	0.01443	0.01054	0.05593	0.01007	0.00131	0.01263	0.0068000000000000005	0.16611	0.01774	0	0	0	0.00727	0.03557	0	0.0095	0.04294	0.02907	0.18425	0	0.25155	0	0.09007	0	0.03835	0.00601	0.00901	0.02186	0.00681	0.13229	0.027589999999999996	0	0.03116	0.01261	0.0034200000000000003	0.02074	0.05249	0.00282	0.1845	0.53707	0.02728	0	0.00481	0.1876	0.02519	0	0.03375	0.00533	1.07584	0.01967	0	0	0.01896	0.02397
k__Bacteria|p__Actinobacteria|c__Actinobacteria|o__Actinomycetales|f__Propionibacteriaceae|g__Propionibacterium	0	0	0	0	0	0	0	0	0	0	0	0	0	0	0	0	0.00876	0	0	0	0	0	0	0	0	0	0	0	0	0	0	0	0	0	0	0	0	0	0	0	0	0	0	0	0	0	0	0	0	0	0	0	0	0	0	0	0	0	0	0	0	0	0	0	0	0	0	0	0	0	0	0	0	0	0	0	0	0	0	0	0	0	0	0	0	0	0	0	0	0	0	0	0	0	0	0
k__Bacteria|p__Actinobacteria|c__Actinobacteria|o__Bifidobacteriales|f__Bifidobacteriaceae|g__Alloscardovia	0	0	0	0	0	0	2e-4	0	0	0.00406	0	0	0	0	0	0	0	0	0	0	0	0	0	0	0	0	0	0	0	0	0	0	0	0	0	0	0.16553	0.30682	0	0	0	0	0.03019	0	0.00531	0.01744	0	4.8e-4	0	0	0	0.02087	0	0	0	0	0.00133	0	0	0	0.09042	0.13014	0	0	0	0	0	0	0	0	0	0	0	0	0	0	0.00381	0.00336	0	0.00164	0	0.12971	0	0	0	0	6.19611	0.00353	0	0	0.02654	0	0	0	0	0
k__Bacteria|p__Actinobacteria|c__Actinobacteria|o__Bifidobacteriales|f__Bifidobacteriaceae|g__Bifidobacterium	17.69791	0.029779999999999997	0.03111	5.46134	0.05554	0.14368999999999998	10.90063	0.37914	2.61996	10.42047	0.89974	7.07654	40.56641	0.05774	0.01022	0.04468	0.031599999999999996	0	16.33399	7.280130000000001	0.30563999999999997	0	0	0.02033	0	2.08198	0.87624	0.32557	0	4.57482	6.41425	0.32359	0.14781	0	0.28922	0.03883	1.6995	0.19687	4.32002	7.7e-4	4.59903	0.31223	0.94397	1.0711	0.21696000000000001	0.39665999999999996	3.0359499999999997	18.72064	4.08073	2.12736	0.35536	1.27358	2.88667	0.0058200000000000005	6.17476	65.43378	1.50945	16.2506	1.46818	3.28623	4.20516	0.00264	1.79234	1.96282	0.03088	2.62207	3.90598	0.7746599999999999	0.04997	0.04445	3.92677	0.46254	18.79006	6.33302	0.09017	3.79387	0.24746	6.21225	56.29131	0.9635600000000001	0.17987	0.84026	0.11016	12.6173	0.29281999999999997	0.41369	10.277050000000001	2.9987999999999997	0.018179999999999998	0.5390900000000001	1.11328	0.13237	9.209859999999999	0.27191	2.88706	5.4563299999999995
k__Bacteria|p__Actinobacteria|c__Actinobacteria|o__Bifidobacteriales|f__Bifidobacteriaceae|g__Parascardovia	0	0	0	0	0	0	0.00205	0	0	0	0	0.00163	0	0	0	0	0	0	0	0	0	0	0	0	0	0	5.6e-4	0	0	0	0	0	0	0	0	0	0	0	0	0	0	0	0	0	0	0	0	0	0	0	0	0	0	0	0	0	0	0	0	0	0	0	0	0	0	0	0	0	0	0	0	0	0	0.0265	0	0	0	0	0.0013	0	0	0	0	0	0	0.05565	0	0	0	0	0	0	0	0	0	0
k__Bacteria|p__Actinobacteria|c__Actinobacteria|o__Bifidobacteriales|f__Bifidobacteriaceae|g__Scardovia	0.00499	0	0	0	0.02445	0	0	0	0	0	0.00441	0.01214	0	0	0	0	0	0	0	0	0	0	0	0	0	0	0.01527	0	0	0	0	0	0	0	0	0	0.18484	0	0	0	0.01001	0	0	0	0.00444	0	0	0.00844	0	0	0	7.1e-4	0	0	0	0	0	0	0	0.0054	0	0	0	0	0	0	0	0	0	0	0	0	0	0	0	0	0	0.01172	0.01242	0	0	0.01165	0	0	0	0.23054	0.00427	0.02517	0	0	0	0	0	0.010499999999999999	0	0
k__Bacteria|p__Actinobacteria|c__Actinobacteria|o__Coriobacteriales|f__Coriobacteriaceae|g__Adlercreutzia	0.11679	0	0.14106	0	0	0.02183	0.22276	0	0.09159	0.95372	0	0	0.00778	0.20715	0	0	0	0	0	0.42549	0.04338	0.07442	0	0.01996	0	0.10312	0	0.06342	0	0	0	0.00837	0.00556	0.00276	0	0	0.01999	0.04222	0	0	0	0	0.02912	0.01748	0	0.00476	0	0.1382	0.08795	0	0	0	0	0	0	0	0	0.00596	0.10386	0	0.11519	0.08117	0	0.12102	0	0	0	0.0128	0.00156	0.08782	0.02021	0.08213	0.1498	0	0	0.19733	0.01555	0.0026	0	0	0	0.05142	0	0.11082	0.00248	0	0	0	0	0.01093	0.02285	0.00291	0	0.0494	0.04229	0
k__Bacteria|p__Actinobacteria|c__Actinobacteria|o__Coriobacteriales|f__Coriobacteriaceae|g__Atopobium	0.00284	0.00385	0	0	0.00919	0	0.00154	0.00381	0.00288	0.00137	0.00308	0.12689	0	0	0	0	0.1563	0	0	0	0	0	0	2.9e-4	0.01253	0.0094	0.01632	0	0.00321	0	0	0.02934	0	0	0.00647	0.00174	0.00613	0.00491	0.017320000000000002	0	0	0.0028	0.00845	0	0.00626	0.02024	0	0.00494	0	0.01301	3.9e-4	0	6.7e-4	0	0	0.00176	0	0	0.00396	0.00485	0.00384	0	0.00123	0	0.01426	0.058320000000000004	0	0.0073	0	0.01556	0	0.06909	0.00434	0.00589	0.01233	0	0.00476	0.00365	0.00639	0.01304	0	0.08143	0	0	0.00715	0.01521	0.03082	0	0.00775	0.01234	0	0	0	0	0	0
k__Bacteria|p__Actinobacteria|c__Actinobacteria|o__Coriobacteriales|f__Coriobacteriaceae|g__Collinsella	1.53017	0.16288999999999998	0.59917	0	0.38939999999999997	0.09386	1.0238	0.70135	1.31431	0	0.25524	0.56272	0	0	2e-4	0	0.68868	0.14104	0.11479	0.74842	0.09591	0.1666	0	0.05917	0.494	0.56305	1.29102	0.98328	0	0.74412	0	0.10098	0.08725	0	0.15968	0.0458	0.08216	0.2624	0	2.75932	0.43921	0.7225	0.31349000000000005	0.26623	2.44544	0.31422	1.04225	2.92915	0.07196	0	0.1231	0.20838	1.97521	0	0.62994000000000006	0	0.8414699999999999	2.47896	2.6421799999999998	0.81317	0.75682	0.00141	0.17804	0.9437	0.05138	2.33352	1.48641	0.4498	0.05345	0.26977	2.70791	0.63964	3.06177	2.35828	0.15797999999999998	0.53417	0.04728	0.35141	0	0	0.25036	0.07088	0.34346	1.42037	0.0594	2.00554	0.63714	0.59026	0.55668	0.22166	2.82394	0.12889	1.4757	0.07325	0.33551	0
k__Bacteria|p__Actinobacteria|c__Actinobacteria|o__Coriobacteriales|f__Coriobacteriaceae|g__Coriobacteriaceae_noname	0.00533	0	0	0	0	0	0	0	0.31565	0	0	0	0	0	0	0	0	0	0	0	0	0	0	0	0	0	0	0	0	0	0	0	0	0	0	0	0	0	0	0	0	0	0	0	0	0	0	0	0	0	0	0	0	0	0	0	0	0	0	0	0	0	0	0	0	0	0	0	0	0	0	0	0	0	0	0	0	0	0	0	0	0	0	0	0	0	0	0	0	0	0	0	0	0	0	0
k__Bacteria|p__Actinobacteria|c__Actinobacteria|o__Coriobacteriales|f__Coriobacteriaceae|g__Cryptobacterium	0	0	0	0	0	0	0	0	0	0	0	0	0	0	0	0	0	0	0	0	0	0	0	0	0	0	0	0	0	0	0	0	0	0	0	0	0	0	0	0	0	0	0	0	0	0	0	0.00494	0	0	0	0	0	0	0	0	0	0	0	0	0	0	0	0	0	0	0	0	0	0	0	0	0	0	0	0	0	0	0	0	0	0	0	0	0	0	0.01554	0	0	0	0	0	0	0	0	0
k__Bacteria|p__Actinobacteria|c__Actinobacteria|o__Coriobacteriales|f__Coriobacteriaceae|g__Eggerthella	0	0	0.08237	0.27943	0	0	0.15622	0.00719	0.0095	0.2098	0	0	0.07393	0.13078	0.11798	0.2727	0.14488	0.00268	1.40121	0.046979999999999994	0	0.05619	1.78548	0	0	0.00202	0	0.019	0.023	0.01477	1.3705	0.00599	0	0.06964000000000001	0.02108	0	0.11224	0.04123	1.44106	0	0.01169	0.01969	0.00222	0.00896	0	0.010830000000000001	0.29713	0.04644	0	0.12662	0.04598	0	0.15683	0.99892	0.16562000000000002	0.39776	0	0.12068000000000001	0.012650000000000002	0	0.12199	0	0.20688	0.12999	0	0.57038	0.66881	0	0	0	0.01072	0.01763	0.15656	0.06412	0.00114	0.01732	0.0021	0.00562	0.12692	0.03947	0	0	0.04694	0.02783	0	0	0.046049999999999994	0.00987	0	0.02215	0	0	0.16279	0.01722	0	0.14391
k__Bacteria|p__Actinobacteria|c__Actinobacteria|o__Coriobacteriales|f__Coriobacteriaceae|g__Gordonibacter	0.00409	0	0	0	0	0	0.0051	0	0	0.03486	0	0	0	0	0	0	0	0	0.00809	0.02588	0	0.01963	0	0	0	0	0	3.7e-4	0	0	0	0	0	0	0	0	0.02048	0	0.02397	0	0.00412	0	0	0	0	0	0	0	0	0	0	0	0	0.01279	0	0	0	0	0	0	0	0	0.03546	0	0	0	0	0	0	0	0	0	0.02299	0.00273	0	0	0	0	0	0	0	0	0	0.00392	0	0	0	0	0	0	0	0	0	0.00532	0	0
k__Bacteria|p__Actinobacteria|c__Actinobacteria|o__Coriobacteriales|f__Coriobacteriaceae|g__Olsenella	0	0	0	0	0	0	0.00148	0	0.00461	0	0	0.01236	0	0	0	0	0	0	0	0.01952	0	0	0	0	0	0.00124	0.00285	0	0	4e-4	0	0	0	0	0	0	0.00264	0	0	0	0.00369	0	0	0	0	0	0	0	0	0	0	0	0	0	0	0	0	0	0	0	0	0	0	0	0	0.03367	0	0	0	0	0.00121	0	0	0	0	0	0	0.00264	0	0	0	0.00546	0	0	0	0.00755	2.1e-4	0.00753	0	0	7.5e-4	0	0	0	0	0
k__Bacteria|p__Actinobacteria|c__Actinobacteria|o__Coriobacteriales|f__Coriobacteriaceae|g__Slackia	0.18301	0	0	0	0	0	0	0	0	0	0	0.00227	0	0	0	0	0	0	0	0	0	0	0	0	0	0	0	0	0	0	0	0	0	0	0	0	0.0401	0	0.009	0	0	0	0	0	0	0	0	0	0	0	0	0	0	0	0	0	0.16763	0	0	0	0	0	0	0	0	0.02737	0	0	0	0	0	0.00244	0	0	0.00449	0	0.01233	0.00729	2.1e-4	0	0	0.00457	0	0	0	0	6.9e-4	0	0	0	0	0.00599	0	0	0	0
k__Bacteria|p__Bacteroidetes|c__Bacteroidia|o__Bacteroidales|f__Bacteroidaceae|g__Bacteroides	33.90846	30.19573	54.43652	52.49421	1.28862	13.56767	13.87809	46.993370000000006	10.24821	18.66378	7.30482	1.8005	19.46548	41.20957	23.778290000000002	56.768319999999996	34.68675	8.39113	24.25388	27.79565	3.33008	35.55706	47.09475	33.265550000000005	0.51438	11.58644	9.72538	52.53581	55.655770000000004	20.24232	36.80268	18.35829	19.21391	69.64076	4.57989	3.1856299999999997	31.81634	16.44605	23.95152	21.152359999999998	13.10841	22.93076	10.03023	14.14762	2.8065100000000003	1.05698	39.850410000000004	8.00974	34.98836	32.25696	39.25163	13.095600000000001	5.94349	34.46039	37.61695	4.9099699999999995	6.86108	24.16017	37.472120000000004	15.48622	18.52489	36.34313	24.17933	8.6121	8.75397	39.772220000000004	48.15372	21.27429	10.60048	9.032	3.40295	6.82584	13.20628	40.91075	39.90983	9.61513	27.67265	13.21767	0.05131	26.967879999999997	69.68092	25.38831	12.91828	8.06584	18.363	3.42868	4.62936	4.41302	1.22119	46.75989	6.5419	23.79812	5.18602	21.33256	10.28421	49.844899999999996
k__Bacteria|p__Bacteroidetes|c__Bacteroidia|o__Bacteroidales|f__Porphyromonadaceae|g__Barnesiella	0.14485	0	0.91757	0	0	2.24603	0	0.01223	0.00735	0.80363	0	0	0.03008	0	0.00233	0	0	2.00843	0	0.67416	0.00809	0.09337	0	0	0.00469	0.367	2.5212	0	0	0	0	1.91027	1.33909	0	0	0.00762	0.29355	0	0	0	1.59126	0	1.37865	0	0.1326	0	0	0	2.60629	0	2.92336	5.38879	0.63699	0	0	0	0.04082	0	0	0.12829	2.23435	2.17511	0	0.3779	0.04285	0	0	1.15445	0	0.17562	0.00566	0.01481	0	0	0	1.1989	0	0.98985	0	0	0	0	0	0.02595	2.45657	0.00403	0	0	0.47081	0	0	0.52697	0	5.17499	0.1912	1.22182
k__Bacteria|p__Bacteroidetes|c__Bacteroidia|o__Bacteroidales|f__Porphyromonadaceae|g__Butyricimonas	0	0	0	0	0	0.05804	0	0	0	0	0	0	0	0	0	0	0	0	0	0	0	0	0	0	0	0	0	0	0	0	0	0	0	0	0	0	0	0	0	0	0	0	0.08617	0	0	0	0	0	0.01728	0	0	0	0	0	0	0	0	0	0	0	0	0.01191	0	0	0	0	0	0	0	0.00384	0	0	0	0	0	0	0	0	0	0	0	0	0	0	0	0	0	0	0	0	0	0	0	0.14763	0	0
k__Bacteria|p__Bacteroidetes|c__Bacteroidia|o__Bacteroidales|f__Porphyromonadaceae|g__Coprobacter	1.59107	0	0.09828	0.16958	0	0.05378	0	0.0072	0.00329	0	0	0	0.02834	0	0	0.86289	0	0.06337	0	0	0	0	0	0.0151	0	0	0.15177	1.7778	0	0	0	0	0	0	0	0	0	0.02947	0	0	0.03746	0	0	0	0.01796	0	0	0	0.0413	0	0	0	0	0	0	0	0.01996	0	0	7.6e-4	0	0.00109	0.19416	0.17404	0	0	0	0	0	0.14328	0	0	0	0	0	0	0	0	0	0	0	1.56522	0	0	0	0	0	0	0	0	0	0.00194	1.3223800000000001	0	0.01211	0
k__Bacteria|p__Bacteroidetes|c__Bacteroidia|o__Bacteroidales|f__Porphyromonadaceae|g__Dysgonomonas	0	0	0	0	0	0	0	0	0	0	0	0	0	0	0	0	0	0	0	0	0	0	0	0	0	0	0	0	0	0	0	0	0	0	0	0	0	0	0	0	0	0	0	0	0	0	0	0	0	0	0	0	0	0	0	0	0	0	0	0	0	0	0	0	0	0	0	0	0	0	0	0	0	0	0	0	0	0	0.10188	0	0	0	0	0	0	0	0	0	0	0	0	0	0	0	0	0
k__Bacteria|p__Bacteroidetes|c__Bacteroidia|o__Bacteroidales|f__Porphyromonadaceae|g__Odoribacter	0.2103	0	0.18209	0.00535	0.10186	0.81909	0	0	0.16975	0	0	0	0	0	0	0	0	0.4757	0	0	0.19385	0.17188	0	0.98766	0.13717	0.10959	0.45960999999999996	1.08476	0.2407	0.43737	0	0.41341	0.77919	1.6298	0	0.42793	0.51313	0.74734	0	0	0.34865	0	0.21919	1.1426	0	0.01813	1.46136	0.10872	0.42539	0	0	0	0.0143	0	0	0	4.36889	0.00868	0	0.01434	0	0.42739	0.17643	0.39443	0.04409	0	0	0.6741	1.24384	0.14043	0	0.25648	0.09325	0.583	1.13589	0.41505	0.36172	0.09185	0	0	0	0.20201	1.09671	0.23442	0.58593	0.01256	0	0.91098	0.0952	0	0.07046	0.25491	0	1.943	0.18751	0.00981
k__Bacteria|p__Bacteroidetes|c__Bacteroidia|o__Bacteroidales|f__Porphyromonadaceae|g__Parabacteroides	2.7572	3.30278	3.75277	4.99408	0.86853	1.06158	1.55665	2.33947	0.36414	0.9326599999999999	2.43082	0.27299	1.0936	19.87126	0.04668	0.47563	3.31881	0.8434	5.46234	5.17181	2.44428	3.10158	0	9.08398	1.92134	5.79937	0.96626	6.45524	14.96839	1.29473	0.13522	1.86526	1.2756399999999999	2.63475	0.86749	1.02787	9.13814	6.110869999999999	0	4.46511	4.0041	0.76295	0.98649	11.50464	0.12683	0.65487	33.61031	0.5145	11.60054	4.32478	3.82382	9.50565	0.79197	24.31457	7.192959999999999	1.03911	3.93209	1.99852	5.07863	1.10243	2.01229	8.617130000000001	2.09757	2.8923200000000002	1.98327	6.32568	4.33623	2.48772	2.81823	2.42142	8.60143	0.60268	0.73759	2.33114	8.22417	1.72584	1.6917	1.7726799999999998	0.0043300000000000005	0	0.70259	4.17173	1.95852	1.20444	4.28638	1.05822	3.29977	6.7208	0.67826	15.235299999999999	1.6642000000000001	1.13941	2.25819	4.76695	0.67752	2.9234
k__Bacteria|p__Bacteroidetes|c__Bacteroidia|o__Bacteroidales|f__Porphyromonadaceae|g__Porphyromonas	0	0	0	0	0	0	0	0.00102	0	0	0.01826	0	0	0	0	0	0	0	0	0	0	0	0	0	0	0	0	0	0	0	0	0	0	0	0	0	0	0	0	0	0	0	0	0	0	0	0	0	0	0	0	0	0	0	0	0	0	0	0	0	0	0	0	0	0	0	0	0	0	0	0	0	0	0	0	0	0	0	0	0	0	0	0	0	0.01187	0	0	0	0	0	0	0	0	0	0	0
k__Bacteria|p__Bacteroidetes|c__Bacteroidia|o__Bacteroidales|f__Prevotellaceae|g__Alloprevotella	0	0	0	0	0	0	0	0	0	0	0	0.00411	0	0	0	0	0	0	0	0	0	0	0	0	0	0	0	0	0	0	0	0	0	0	0	0	0	0	0	0	0	0	0	0	0	0	0	0	0	0	0	0	0	0	0	0	0	0	0	0	0	0	0	0	0	0	0	0	0	0	0	0	0	0	0	0	0	0	0	0	0	0	0	0	0	0	0	0	0	0	0	0	0.004	0	0	0
k__Bacteria|p__Bacteroidetes|c__Bacteroidia|o__Bacteroidales|f__Prevotellaceae|g__Paraprevotella	0	2.91565	0	1.0558	0.23381000000000002	1.09613	0	1.03257	0.78922	0	0	0	0	0	0	0	0	0	0	1.78575	0.56117	0	0	0	0.04699	0	0.15822	0	0	0	0	1.24048	1.27927	4.65737	0	0.22293999999999997	1.5420800000000001	1.53427	0	0.10696	0	0	1.23278	0	0.36448	0	0	0	0	0	0	0	0.64864	0	0	0	0.32982	0	0	0	0	0	0	0.6271399999999999	0	0	0	0	3.4609500000000004	1.3857300000000001	0	0.67811	0	0	0	1.56421	0	0	0	0	0.23492	0	0.48289000000000004	0	0.014209999999999999	0.34498	0	0.7730699999999999	0.08323	0	0	0	1.2977800000000002	0	0	0
k__Bacteria|p__Bacteroidetes|c__Bacteroidia|o__Bacteroidales|f__Prevotellaceae|g__Prevotella	0.00485	0	0	0	32.31932	38.20209	0	0.030959999999999998	16.27699	21.83804	34.717279999999995	0.0662	0	0	0.024130000000000002	0	2.9e-4	20.59011	0	1.09609	63.72737	0.00552	0	6.91943	14.814169999999999	0.00395	0.00881	0	0	0	0	0.20557999999999998	0.00319	0	40.67186	47.54786	0	27.23979	0	2.35964	37.09727	1.95069	31.4967	5.21107	42.2009	46.96768	0	3.60452	0	0	0.09139	13.80621	0	0	0	0	8.12942	0	3.13868	0	0	0	0.03916	42.66824	9.98888	0	0.02132	0.35817	46.00164	36.51409	3.44117	18.91999	0.0013599999999999999	0	0.09294999999999999	41.11232	0.0032300000000000002	0.0027	0	0	0	0.01193	27.30135	44.92167	43.02193	20.11673	3.5e-4	29.6994	27.23529	0.005	5.87331	0.04462	5.13159	0	36.26273	0
k__Bacteria|p__Bacteroidetes|c__Bacteroidia|o__Bacteroidales|f__Rikenellaceae|g__Alistipes	0.09027	0.0606	1.46269	0.24636	0.33304	1.7765600000000001	0.45916	0.00733	1.60817	1.60008	0.31827	0	0	0.59924	0.00702	8.99823	0	3.5150900000000003	0.35477000000000003	8.94038	0.26408	2.36688	0	14.33356	0.05028	1.7081	2.5931300000000004	3.9044800000000004	0.20912	1.4282899999999998	4.10585	3.51639	1.23247	0.38027	0.10433	0.39575	10.54912	9.12767	3.0932399999999998	1.81252	5.690910000000001	0.00165	1.87753	2.00784	0.32375	0.31323999999999996	0.19816	1.40316	6.633179999999999	1.09301	4.14167	6.51111	1.0010999999999999	0	0.01251	0	8.80414	0.48094	0	3.53009	3.17833	10.43204	0	3.60305	1.43545	1.96144	0.22776	6.5385100000000005	4.07053	1.34577	0.22772	0.61526	0	4.8773800000000005	0	3.5437700000000003	3.98439	0.44499	0.45187	0	0	0.46987999999999996	0.52847	0.7635299999999999	3.26058	0.0327	0	1.21782	0.96258	8.21448	0.65578	2.37799	3.52686	16.88487	0.98505	1.06587
k__Bacteria|p__Candidatus_Saccharibacteria|c__Candidatus_Saccharibacteria_noname|o__Candidatus_Saccharibacteria_noname|f__Candidatus_Saccharibacteria_noname|g__Candidatus_Saccharibacteria_noname	0	0.00263	0	0	0	0	0	0.03163	0	0	0	0	0	0	0	0	0.00962	0	0	0	0	0	0	0	0	0	0	0	0.00345	0	0	0	0	0	0	0	0	0	0	0	0	0	0	0	0	0	0	0	0	0	0	0	0	0	0	0	0	0	0	0	0	0	0	0	0	0.00245	0	0	0	0	0	0	0	0	0.00351	0	0	0	0.02126	0	0	0	0	0	0	0	0	0	0	0	0	0	0	0	0	0
k__Bacteria|p__Deinococcus_Thermus|c__Deinococci|o__Thermales|f__Thermaceae|g__Meiothermus	0	0	0	0	0	0	0	0	0	0	0	0	0	0	0	0	0.04667	0	0	0	0	0	0	0	0	0	0	0	0	0	0	0	0	0	0	0	0	0	0.00844	0	0	0	0	0	0	0	0	0	0	0	0	0	0	0	0	0	0	0	0	0	0	0	0	0	0	0	0	0	0	0	0	0	0	0	0	0	0	0	0	0	0	0	0	0	0	0	0	0	0	0	0	0	0	0	0	0
k__Bacteria|p__Deinococcus_Thermus|c__Deinococci|o__Thermales|f__Thermaceae|g__Thermus	0	0	0	0	0	0	0	0	0	0	0	0	0	0	0	0	0.01236	0	0	0	0	0	0	0	0	0	0	0	0	0	0	0	0	0	0	0	0	0	0.00246	0	0	0	0	0	0	0	0	0	0	0	0	0	0	0	0	0	0	0	0	0	0	0	0	0	0	0	0	0	0	0	0	0	0	0	0	0	0	0	0	0	0	0	0	0	0	0	0	0	0	0	0	0	0	0	0	0
k__Bacteria|p__Firmicutes|c__Bacilli|o__Bacillales|f__Bacillaceae|g__Bacillus	0	0	0	0	0	0.00162	0	0	0	0.00189	0	0	0	0	0	0.0248	0	0	0	0	0.00245	0	0	0	0	0	0	0	0	0	0	0	0	0	0	0	0	0.01699	0	0	0	0	0.00438	0	0	0	0	0	0	0	0	0	0	0	0	0	0	0.00132	0.00376	0	0	0	0.01744	0	0	0	0	0	0	0	0	0	0.01802	0	0	0.01998	0	0	0	0	0	0	0	0	0	0	0	0	0	0	0	0	0	0	0	0.03998
k__Bacteria|p__Firmicutes|c__Bacilli|o__Bacillales|f__Bacillales_noname|g__Gemella	0.03829	0.00296	0.020589999999999997	0.00571	0.005549999999999999	0	0.00317	1.4e-4	0	0.00702	0.02035	0.08895	0	0	0	0	1.39716	0.00912	0.02616	0.009810000000000001	0	0	0.00249	0	0.13337	0.020610000000000003	0.00611	0	0	0	0.00387	0.00935	0	0	0.01986	0.04209	0	0	7.9e-4	0.14057	0	0.015639999999999998	0	4.9e-4	0.00441	0.0278	0.00632	0	7.5e-4	0.016069999999999997	0.0028399999999999996	0	0.01062	7e-4	0.00422	0.04657	0	0	0.01662	0.0018	0	0	0.00613	0	0.09292	0.11014	1.7e-4	0	0.020900000000000002	0.00272	0.060039999999999996	0.05361	0.01833	3.9e-4	0.06871000000000001	0	0.00715	0.00406	0.032170000000000004	0	0	0.31579	0.11231	0	0.01372	0.00314	5e-5	0	0.00241	0.01463	0.01314	0.00595	0	0	0	0.0328
k__Bacteria|p__Firmicutes|c__Bacilli|o__Bacillales|f__Staphylococcaceae|g__Staphylococcus	0	0	0	0	0	0	0	0	0	0	0	0	0	0	0	0	0	0	0	0	0	0	0	0	0	0	0	0	0	0	0	0	0	0	0	0	0	0	0	0	0	0	0	0	0	0	0	0	0	0	0	0	0	0	0	0	0	0	0	0	0	0	0	0	0	0	0	0	0	0	0	0	0	0	0	0	0	0	0	0	0	0	0	0	0	0	0	0	0	0	0	0	0	0	0	0
k__Bacteria|p__Firmicutes|c__Bacilli|o__Lactobacillales|f__Aerococcaceae|g__Abiotrophia	0.01114	0	0.01094	0	0.00318	0	0	0	0	5.4e-4	0	0	0	0	0	0	0.04033	0	0	0	0	0	0	0	0.00776	0	0	0	0	0	0	0	0	0	0	0	0	0	0	0	0	0	0	0	0	0	0	0	0	0	0	0	0	0	0	0.00766	0	0	0.07504	0	0	0	0	0	0.00838	0.0129	0	0	0	0	0	0	0	0	0.00536	0	0.00825	0	0.01578	0	0	0	0	0	0.00232	0	0	0	0.00148	0	0	0	0	0	0	0
k__Bacteria|p__Firmicutes|c__Bacilli|o__Lactobacillales|f__Carnobacteriaceae|g__Granulicatella	0.06943	0.02317	0.03621	0.00341	0.01221	0	0.006359999999999999	0.002	0.00349	0.023100000000000002	0.04043	0.1193	0.01874	0	0	0	0.21019	0.0368	0.0116	0.0772	0	0	0.01169	0	0.22314	0.06978000000000001	0.032170000000000004	0	0.0061	0.00786	0	0	0	0.00541	0.02892	0.03612	0	0.02994	0.07082	0.02916	0	0.01713	0.00093000000000000005	0.00231	0.00803	0.05874	0.00424	0.0173	0.0064	0.01327	0	0	0.01048	0.02461	0.01918	0.03912	0.00164	9.4e-4	0.06433	0.01797	0.01282	0.01994	0.0143	0	0.05906	0.04368	0	0.00375	0.06827	0.00817	0.013430000000000001	0.06787	0.00874	0	0.01016	0	0.00962	0.01165	0.0406	0.01281	0	0.24387000000000003	0.02915	0	0.04221	0.007169999999999999	0.00431	0.00553	0.00149	0.009770000000000001	0.04615999999999999	0.008749999999999999	0	0.00512	7.6e-4	0.038
k__Bacteria|p__Firmicutes|c__Bacilli|o__Lactobacillales|f__Enterococcaceae|g__Enterococcus	0	0	0	0.04631	0.03812	0	0	0	0	0	0.00431	0	0	0	0.11168	0	0	0	0	0.14895	0	0	0	0	0.01258	0	0.00383	0	0	0	0.06392	0	0	0	0.01511	0.007180000000000001	0.75713	0.10863	0	0	0	0.08054	0	0	0	0.04913	0	0	0	0.21503	0	0	0	0.02994	0	0.00164	1.03018	0	0	0	0.60361	0	0.00391	0	0	0	0	0	0	0	0	0	3.65029	0	0	0	0.01073	0.48341	0.18029	0	0	0	0	0.06729	0	0	0.00192	0.00107	0	0	0	0	0	0.02943	0	0
k__Bacteria|p__Firmicutes|c__Bacilli|o__Lactobacillales|f__Lactobacillaceae|g__Lactobacillus	0.01734	0	0	0.00105	0.12419	0	2.60216	0	0.38373	0.0038799999999999998	0.09920999999999999	2.31481	0	0	0	0	0	0.02696	0.00172	0.0675	0	0	0	2.71378	0.06375	0	34.14733	0	0	0	0	0.07516	0	0	0.06035	0.00752	0.6784	0.25952	0	0	0.0296	0.00452	0.49131	0	0.11071	0.0927	0	1.4074	0	2.93021	16.9439	4.2972	0	0.01351	0	0	0.99748	0	0	3.18513	0.00214	0	0.30765	0	0.98363	0	0	0.06919	0	0	0	0.62871	0.42608	4.41817	0	0	0	15.228879999999998	0.47315999999999997	0.01234	0	0	0	0	0.0068	1.25821	14.478340000000001	0.13939000000000001	0	0	0	1.5e-4	0	0	0	0
k__Bacteria|p__Firmicutes|c__Bacilli|o__Lactobacillales|f__Leuconostocaceae|g__Leuconostoc	0	0	0	0	0	0	0	0	0.01383	0	0	0	0	0	0	0	0	0	0	0	0	0	0	0	0	0	0	0	0	0	0	0	0	0	0	0	0	0	0	0	0	0	0	0	0	0	0	0	0	0	0	0	0	0	0	0	0.00562	0	0	0	0	0	0	0	0	0	0	0	0	0	0	0	0	0	0	0	0	0	0	0	0	0	0	0	0	0	0	0	0	0	0	0	0	0	0	0
k__Bacteria|p__Firmicutes|c__Bacilli|o__Lactobacillales|f__Leuconostocaceae|g__Weissella	0	0	0	0	0	0	0	0	0	0	0	0.0345	0	0	0	0	0	0	0	0	0	0	0	0	0	0	0	0	0	0	0	0	0	0	0	0	0	0	0	0	0	0	0	0	0	0	0	0	0	0	0	0	0	0	0	0	0	0	0	0	0	0	0	0	0	0	0	0	0	0	0	0	0	0	0	0	0	0	0	0	0	0	0	0	0	0.02792	0	0	0	0	0	0	0	0	0	0
k__Bacteria|p__Firmicutes|c__Bacilli|o__Lactobacillales|f__Streptococcaceae|g__Lactococcus	0	0	0	0	0	0	0	0	0	0	0	0	0.00898	0	0	0.00421	0	0	0	0	0	0	0	0	0	0	0	0	0	0	0	0	0	0	0.02109	0	0	0	0	0	0	0	0	0	0.01099	0	0	0	0	0	0	0	0.00245	0	0	0	0	0.01296	0	0	0.00257	0	0	0	0	0	0	0	0	0.00295	0	0	0	0	0	0	0	0	0	0	0	0	0	0	0	0	0	0.4039	0	0	0	0	0	0	0	0
k__Bacteria|p__Firmicutes|c__Bacilli|o__Lactobacillales|f__Streptococcaceae|g__Streptococcus	1.22137	0.05338	0.44686	0.0518	8.53434	0.024929999999999997	5.49651	0.06347	10.1639	2.2858	15.35262	29.84778	2.29957	0.04825	0.00834	8.1e-4	3.28445	5.26691	3.04717	6.83072	0.03569	0.10063000000000001	0.80976	0	39.80706	8.150920000000001	5.92008	0.17954	0.16789	0.5249	0.03406	2.98787	0.38029	0.7613800000000001	11.81897	9.57637	0.41771	6.49603	0.28833	0.9716199999999999	1.21676	1.6251499999999999	14.591	1.46452	3.4282299999999997	4.47062	0.10044	14.24656	0.9569300000000001	21.66528	0.836	0.72584	0.11581	0.5577	0.73031	1.7459200000000001	13.32353	0.59802	3.2841	15.89518	8.82655	3.1039600000000003	18.22215	0.14642	1.24544	0.46671999999999997	1.39937	6.3483600000000004	3.8851299999999998	6.00979	0.19256	7.63662	8.46716	4.62421	1.55696	0.74338	1.84608	4.4587	11.81156	0.7680199999999999	0.42016	9.62654	1.33325	0.5433	1.63083	19.43655	23.33999	0.38835	14.53501	0.94244000000000006	11.01454	3.7173599999999998	0.13301	1.00994	1.09477	6.48297
k__Bacteria|p__Firmicutes|c__Clostridia|o__Clostridiales|f__Clostridiaceae|g__Butyricicoccus	0	0	0	0	0	0	0	0	0	0	0	0.02975	0	0	0	0	0	0	0	0	0	0	0	0	0	0	0	0	0.34474	0	0.06629	0	0	0	0.01835	0	0	0	0	0	0	0	0	0	0	0	0	0	0	0	0	0	0	0	0	0	0	0	0.4704	0	0	0	0.02637	0	0	0	0	0	0	0	0	0	0	0	0	0	0	0	0	0	0.02614	0	0	0	0	0	0	0	0	0	0	0	0	0	0	0
k__Bacteria|p__Firmicutes|c__Clostridia|o__Clostridiales|f__Clostridiaceae|g__Clostridium	0.31253	0.20793	1.00186	2.74067	0.1821	0.04395	0.21747	3.49742	0.030780000000000002	0.01559	0.03241	0.045860000000000005	1.48084	1.70676	3.70319	0.19272	4.1129999999999995	0.69745	3.70288	0.11189	1.40648	0.87488	13.983740000000001	0.48506	0.34562	0.06331	0.02344	0.25562	7.801810000000001	0.09835	1.32206	0.6704100000000001	0.51556	3.38637	0.55853	0.03416	5.92458	1.34531	1.41768	0	0.23143999999999998	1.53647	0.06285	3.9430199999999997	0.08934	0.45314	0.03548	0.05173	0.08011	1.33369	1.2294	0.05740000000000001	0.08621999999999999	8.8516	2.33994	0.44257	1.3710300000000002	0.01459	4.6429599999999995	0.04419	1.2667	0.37142000000000003	0.19755	0.30104000000000003	6.59443	0.47724	3.53245	0.93533	2.7577	0.00175	0.13153	0.1608	0.20490999999999998	0.49271000000000004	4.26358	0.07808999999999999	0.43575	0.06703	0.68331	3.53402	0.00136	0.36229	2.51659	0.04909	0.19429	0.37423	0	0.71139	0.69503	2.66729	0.09671	9.80503	3.7955	0.91081	0.0014	0.46814
k__Bacteria|p__Firmicutes|c__Clostridia|o__Clostridiales|f__Clostridiales_Family_XI_Incertae_Sedis|g__Anaerococcus	0	0	0	0	0	0	0	0.002	0	0	0	0	0	0	0.0014	0	0	0	0	0	0	0	0	0	0	0	0	0	0	0	0	0	0	0	0	0	0	0	0	0	0	0	0	0	0	0	0	0	0	0	0	0	0	0	0	0	0	0	0	0	0	0	0.01723	0	0	0	0	0	0	0	0	0	0	0	0	0	0	0	0	0	0	0	0	0	0	0	0	0	0	0	0	0	0	0	0	0
k__Bacteria|p__Firmicutes|c__Clostridia|o__Clostridiales|f__Clostridiales_Family_XI_Incertae_Sedis|g__Finegoldia	0	0	0	0	0	0	0	3.6e-4	0	0	0	0.00127	0	0	0.06535	0	0.00296	0	0	0	0	0	0	0	0	0	0	0	0	0	0	0	0	0	0	0	0	0	0	0	0	0	0	0	0	0	0	0	0	0	0	0	0	0	0	0	0	0	0	0	0	0	0.03608	0	0	0	0	0	0	0	0	0	0	0	0	0	0	0	0	0	0	0	0	0	0	0	0	0	0	0	0	0	0	0	0	0
k__Bacteria|p__Firmicutes|c__Clostridia|o__Clostridiales|f__Clostridiales_Family_XI_Incertae_Sedis|g__Parvimonas	0.01392	0	0.00352	0	0	0	0.00369	0.00392	0	0.00863	0.01644	0.0027	0	0	0	0	0.19812	0	0.00794	0	0	0	0	0	0	0.011540000000000002	0	0	0	0	0	0	0	0	0	0	0	0	0.23897	0	0	0	0	0	0	0	2.9e-4	0	0	0	0	0	0.00493	0.00275	0	0.014199999999999999	0	0	0	0.00174	0	0	0.00586	0	0.00325	0.15136000000000002	0	0	0	0	0.0033	0	0	0	1.5e-4	0	0	0.02129	0.0025700000000000002	0	0	0.019719999999999998	0	0	0	0.0067	0	0	0	0	0	0	0	0	0	0
k__Bacteria|p__Firmicutes|c__Clostridia|o__Clostridiales|f__Clostridiales_Family_XI_Incertae_Sedis|g__Peptoniphilus	0	0	0	0	0	0	0	0.00636	0	0	0	0	0	0	0	0	0	0	0	0	0	0	0	0	0	0	0	0	0	0	0	0	0	0	0	0	0	0	0	0	0	0	0	0	0	0	0	0	0	0	0	0	0	0	0	0	0	0	0	0	0	0	0.00493	0	0	0	0	0	0	0	0	0	0	0	0	0	0	0	0.00234	0	0	0	0	0	0	0	0	0	0	0	0	0	0	0	0	0
k__Bacteria|p__Firmicutes|c__Clostridia|o__Clostridiales|f__Clostridiales_noname|g__Clostridiales_noname	0.01431	0	0.011	0	3.2e-4	0	0.00767	0	0	0	3.9e-4	0	0	0.00191	0	0.00225	0	0.01367	0.00155	0.01962	0	0	0.03215	6.6e-4	6.2e-4	0	0	0.02672	0.0666	0.00107	0.00498	2.4e-4	0	0.01405	0.00232	0	0.03518	0.20567	0.07566	0	0.00846	0	0	0.00546	0	6.6e-4	0	0.00128	0	0.02198	0.02826	0	0	0.17534	0.00539	0.02367	0.07013	0	0.01975	0	0.04904	0.02661	0.00908	0	0	0.0137	0.03362	0.00684	0	0	0	0	0	0.00754	0.00622	0	0.00477	0	0	0	0	0.02523	0	0	0.00137	0	0	1.3e-4	0	0.05789	0	0	0	0	0	0
k__Bacteria|p__Firmicutes|c__Clostridia|o__Clostridiales|f__Clostridiales_noname|g__Flavonifractor	0.13473	0.02441	0.01364	0.04358	0	0	0	1.7e-4	0	0	0	0.00808	0	0.15006	0	0.16023	0.01273	0	0.05945	0.14516	4.4e-4	0.00671	0.31254	0.03536	0	0.00862	0	0.01398	0.30531	0	0.13904	0.02714	3.7e-4	0.24742	0.00504	0.00133	0.18485	0.0156	0.05317	0	0.01885	0	0.04048	0.0314	0	0.0064	0.02322	0	0.01744	0.01192	0.0354	0	0.00183	0.5084	0.06766	0.00223	0.00799	0	0.08134	0.00369	0.05329	0.00119	0.07095	0.02372	0.00317	0.08793	0.13749	0	0.02759	0.00212	2.7e-4	0.00261	0	0.03135	0.00447	0	0	0	0	0	0	0	0	0.00633	6.1e-4	0	0.0225	0.04896	3e-4	0.06127	0.0288	0.00533	0.19359	0.00164	0	0.00819
k__Bacteria|p__Firmicutes|c__Clostridia|o__Clostridiales|f__Clostridiales_noname|g__Pseudoflavonifractor	0	0	0	0	0	0	0	0	0	0	0	0	0	0	0	0.0152	0	0	0	0	0	0.00211	0	0	0	0	0	0.0245	0	0	0	0	0	0	0	0	0	0.0143	0	0	0	0	9.5e-4	0.03483	0	0	0	0	0.00751	0.00499	0	0	0	0	0	0	0.00373	0	0	0	3.9e-4	0	0	0	0.00128	0	0	0	0	0	0	0	0	0	0	0	0	0	0	0	0	0	0	0	0	0	0	0	0	0	0	0	0	0.0021	0	0
k__Bacteria|p__Firmicutes|c__Clostridia|o__Clostridiales|f__Eubacteriaceae|g__Anaerofustis	0	0	0	0	0	0	0	0	0	0	0	0	0	0	0	0	0	0	0	0	0	0	0	0	0	0	0	0	0	0	0	0	0	0	0	0	0	0	0	0	0	0	0	0	0	0	0	0	0	0	3.3e-4	0	0	0	0	0	0	0	0	0	0	0	0	0	0	0	0	0	0	0	0	0	0	0	0	0	0	0	0	0	0	0	0	0	0	0	0	0	0	0	0	0	0	0	0	0
k__Bacteria|p__Firmicutes|c__Clostridia|o__Clostridiales|f__Eubacteriaceae|g__Eubacterium	9.1455	0.0237	12.426730000000001	0	1.2540799999999999	11.55481	15.27912	0.01236	23.91127	18.52553	4.47344	7.11105	6.1628799999999995	0.8924	0.01241	4.67971	0.42011	20.77483	0.94257	0.26802	7.50682	20.279580000000003	0.00388	3.20091	3.52414	5.73832	8.71964	0.72437	0.00447	27.39508	0.04894	1.39401	6.890140000000001	0.00746	2.6777	14.44786	0.9201	1.60229	1.6733500000000001	7.152270000000001	11.371120000000001	0.015790000000000002	5.9180600000000005	26.54882	4.8129	0.99019	1.77545	1.1254	17.48612	0.18101	2.9213	5.17088	22.10343	7.16583	11.32742	0.20931	4.92614	14.82251	1.33514	2.99951	5.4766	5.52667	0.6821299999999999	8.10061	1.02926	7.29752	4.76906	6.53515	0.64112	5.87006	9.26242	11.72533	7.70383	1.02125	8.70989	3.85953	0.19573	12.376430000000001	3.16865	5.29659	5.85773	2.52505	0.5275000000000001	1.2292399999999999	3.27807	1.88244	0.00279	0.80416	9.77567	0.5407299999999999	8.28439	13.97328	16.43076	12.55792	19.03592	7.99688
k__Bacteria|p__Firmicutes|c__Clostridia|o__Clostridiales|f__Eubacteriaceae|g__Pseudoramibacter	0	0	0	0	0	0	0	0	0	0	0	0	0	0	0	0	0	0	0	0	0	0	0	0	0	0	0	0	0	0	0	0	0	0	0	0	0	0	0	0	0	0	0	0	0	0	0	0	0	0	0	0	0	0	0	0	0	0	0	0	0	0	0	0	0	0	0	0	0	0	0	0	0	0	0	0	0	0	0.00234	0	0	0	0	0	0	0	0	0	0	0	0	0	0	0	0	0
k__Bacteria|p__Firmicutes|c__Clostridia|o__Clostridiales|f__Lachnospiraceae|g__Anaerostipes	0.07073	0.04177	0.018979999999999997	1.21483	0	0.01672	0.33326	0	0	0.31668	0.01067	0	0.23768999999999998	0.05859	0.00632	0.03913	0.021329999999999998	0.03315	0.79295	0.06003	0	0.15154	0.14032	0	0	0.04743	0.06076	0.00703	0.00574	0.00715	0.0348	0.0031	0.00309	0	0.0411	0.00438	1.9736	0.12755	0	0	0.00628	0.02345	0	0.01752	0.01067	0	0.00268	0.00206	0.01957	0.13969	0.0162	0	0.01974	0	0.01725	0.16141	0	0.00282	0.00724	0	3.7e-4	0	0.05783	7.3e-4	0.00293	0.01227	0.48903	0.0082	4.9e-4	0.0358	0.00447	0	0.0442	0	0.00246	0.01749	0	0.05791	0	0	0.04218	0.02183	0	0.2025	0.01183	0	0.00165	0	0.01072	0.00504	0.01437	0.02097	0.26725	0.00938	0.23144	0.4866
k__Bacteria|p__Firmicutes|c__Clostridia|o__Clostridiales|f__Lachnospiraceae|g__Blautia	3.4645799999999998	9.28747	2.48965	5.64817	0.8227	0.52868	1.38877	2.26158	1.3726	3.2061699999999997	0.6268199999999999	3.38827	9.11361	3.45926	0.55903	2.27705	15.86083	0.98997	12.14119	4.16207	0.1403	0.95146	5.38254	0.5792299999999999	1.04863	0.72924	1.75953	2.89274	5.20724	1.73772	7.8347299999999995	0.41298	1.1897	8.35919	0.69706	0.20622000000000001	1.56529	3.02148	7.73348	3.34999	0.41244000000000003	4.997039999999999	0.80034	1.27271	1.38254	0.39314000000000004	0.8714	1.44402	0.55693	8.79443	2.63178	2.2871200000000003	3.03568	3.95279	0.8758	0.95219	0.55593	3.66359	7.62255	3.31252	3.80287	0.58806	6.16924	0.37773999999999996	0.85866	13.77647	3.9347700000000003	1.18587	0.2623	0.95272	5.10129	1.429	2.92648	1.09746	1.25266	0.46907	0.15752	1.11015	7.33511	1.17572	1.26623	0.16443	0.42922000000000005	1.83315	0.36608	2.19315	22.86478	0.43890999999999997	0.48197	0.30984999999999996	2.4730499999999997	0.40087999999999996	0.38471	0.87202	0.80701	1.7312100000000001
k__Bacteria|p__Firmicutes|c__Clostridia|o__Clostridiales|f__Lachnospiraceae|g__Butyrivibrio	0	0	0	0	0	0	0	0	0	0	0	0	0	0	0	0	0	0	0	0	0	0	0	0	0	0	0	0	0	0	0	0	0	0	0	0	0	0	0	0	0	0	0	0	0	0	0	0	0	0	0	0	0	0	0	0	0	0	0	0	0	0	0	0	0	0	0	0	0	0	0	0	0	0	0	0	0	0	0	0	0	0	0	0	0	0	0	0	0	0	0	0	0	0	0	0
k__Bacteria|p__Firmicutes|c__Clostridia|o__Clostridiales|f__Lachnospiraceae|g__Coprococcus	3.13588	0	0.58405	0	0.60236	0.29074	1.0412400000000002	0	0.8962300000000001	0.27999	0.41223	0.17097	0	0	0	0.61228	0	1.13243	0	2.5251200000000003	2.6983099999999998	0.2179	0	0.16942000000000002	1.1657600000000001	0.16097	1.80096	0.6794100000000001	0	0.5116499999999999	0	0.3815	0.72974000000000006	0.09012	0	0.62035	0.79158	0.11985	0	1.39711	0.23387	0.05619	0.37095	0.27304	0.64768	1.73474	0	1.2139	0.30537	0.23491	0.41551	0.53617	0.20167	0	0	0	0.11385	0.43117	0	2.62876	0	0.04115	0.53519	0.16062	0.04925	2.03855	0.46227	1.20355	4.8237	5.54615	1.32986	3.2584999999999997	2.52372	0.87587	0	1.00742	0.02122	0.25383	0	0	0.03732	0.077	0.36139	0.6701699999999999	0.29711	1.55566	0	0.42451	0.69907	0	0.26449	0.06537	0.98785	0.31903000000000004	0.43796	0
k__Bacteria|p__Firmicutes|c__Clostridia|o__Clostridiales|f__Lachnospiraceae|g__Dorea	0.59314	0.16478	0.9004	0	0.72418	0.36053	3.94822	0.03992	0.62192	2.51323	1.2154	0.0715	0	0.82773	0	0.9129200000000001	0.00741	0.35334999999999994	0	3.27419	0.36192	0.13234	0	0.32522	1.91278	0.97983	2.2721999999999998	0.28451	0	0.27884	1.73915	0.07353	0.40770999999999996	0.31571	0	0.33432	0.04509	0.34279000000000004	0.01815	0.46812	0.19904	0.04384	0.22138	0.72021	2.71855	0.62209	2.06975	1.01617	0.14432	0.00905	0.2471	0.12843	3.82979	0.00877	0.22364	0.01304	0.64966	0.99027	0.82245	1.07449	0.95432	0.18480000000000002	1.27203	0.9560500000000001	0.12148	4.1387	0.09264	0.46081	0.53881	0.21858	3.73203	1.16957	0.43474	0.32258	0.02937	0.46773	0.05452	1.8900000000000001	0	0.80424	0.04369	0.45792	1.69071	0.30683	0.44042	2.41982	0	0.07811	0.5210600000000001	0.1033	1.1510500000000001	0.5971099999999999	2.15856	0.20162000000000002	0.4538	1.16046
k__Bacteria|p__Firmicutes|c__Clostridia|o__Clostridiales|f__Lachnospiraceae|g__Lachnoanaerobaculum	0	0	0	0	0	0	0	0	0	0	0	0	0	0	0	0	0.00104	0	0	0	0	0	0	0	0	0	0	0	0	0	0	0	0	0	0	0	0	0	0	0	0	0	0	0	0	0.00597	0	0	0	0	0	0	0	0	0	0	0	0	0	0	0	0	0	0	0	0	0	0	0	0	0	0	0	0	0	0	0	0	0	0	0	0.00398	0	0	0	0	0	0	0	0	0	0	0	0	0	0
k__Bacteria|p__Firmicutes|c__Clostridia|o__Clostridiales|f__Lachnospiraceae|g__Lachnospiraceae_noname	1.27997	1.8347600000000002	1.00037	0.74915	0.006529999999999999	0.07283	0.41936	0.52989	0.15122	0.8190000000000001	0.69831	0.29809	0.1576	0.4	0.00771	0.3169	0.58068	0.97402	4.48343	2.43944	0.08438	0.9619800000000001	1.3988200000000002	0.52006	0.62253	0.74938	0.27558	2.21819	0.3235	0.75524	1.13859	0.25096999999999997	1.9592100000000001	0.47582	0.16197	0.49500999999999995	0.10166	0.78027	3.3021499999999997	0.12014	0.31349	3.53274	0.38539999999999996	0.51374	0.15586	0.02751	0.40916	0.0562	0.22826000000000002	0.4311	0.48223	0.24475	0.36471000000000003	1.53187	0.21644	0.15331	0.25658	0.82106	0.48684	0.40445000000000003	0.89405	0.66117	0.40226	0.62034	0.05186	1.26828	1.28587	0.42334	0.14892	0.52226	1.4171799999999999	0.26894999999999997	0.77387	0.42448	0.25815	0.59719	0.14876999999999999	0.20651	0.0037199999999999998	0	0.6585300000000001	0.11132	0.06285	1.45372	0.81071	0.1236	0.04544	0.12922	0.025769999999999998	0.24343	0.16911	0.38833	0.25608	0.6431199999999999	1.16166	0.40298
k__Bacteria|p__Firmicutes|c__Clostridia|o__Clostridiales|f__Lachnospiraceae|g__Oribacterium	0	0	0	0	0.00503	0	0	0	0	0	0	0	0	0	0	0	0.11057	0.00811	0	0	0	0	0	0	0.02341	6.8e-4	0	0	0	0	0	0.00631	0	0	0.01908	0.00521	0	0	0	0	0	0.00856	0	0	2.2e-4	0.00514	0	0	0	0	0	0	0	0	0	0.0023	0.00228	0	0	0.0019	0.0135	0	0	0	0.00899	0.00685	0.00392	2.7e-4	0.00486	6.1e-4	0	0.00909	0	0.00152	0	0	0.0102	0	0.0162	0	0	0.14783	0.00202	0	0.00349	0	0.00115	0	0	0	0.01149	0	0	0	0	0
k__Bacteria|p__Firmicutes|c__Clostridia|o__Clostridiales|f__Lachnospiraceae|g__Roseburia	0.6306099999999999	0.57339	0.06632	0	1.71482	1.5456400000000001	3.49026	2.57175	3.44848	1.19601	0.89291	0.08411	0	0.5951	0.00631	3.4219	0.08990999999999999	1.39316	16.746299999999998	0.30003	0.6374	0.08123	0	1.64892	3.6876900000000004	23.88636	3.1617699999999997	0.44767999999999997	1.52591	1.49142	1.00641	2.63779	7.08561	0	7.54075	1.41574	0.51853	6.55494	0.36398	0.77888	2.02758	0.42151	2.71983	1.02342	1.34521	0.60211	0.38145	0.5581900000000001	3.06408	0.04157	0.93648	0.94211	3.62393	0.01807	9.66546	2.70651	4.3959399999999995	2.11267	4.52258	3.5114900000000002	11.436509999999998	5.89551	6.79374	2.16945	2.81312	2.3782200000000002	0.32851	2.7411000000000003	4.11803	8.41973	2.27774	6.54294	0.49821	1.88161	5.29165	4.03429	3.0996500000000005	1.53362	1.71582	2.75909	2.14427	0.38364	0.30211	2.7256	0.67378	5.65541	0	1.2195500000000001	4.68657	2.82851	15.853950000000001	2.60708	1.1617899999999999	2.14473	6.79741	0.76338
k__Bacteria|p__Firmicutes|c__Clostridia|o__Clostridiales|f__Lachnospiraceae|g__Shuttleworthia	0	0	0	0	0	0	0	0	0	0	0	6.8e-4	0	0	0	0	0	0	0	0	0	0	0	0	0	0	0	0	0	0	0	0	0	0	0	0	0	0	0	0	0	0	0	0	0	0	0	0	0	0	0	0	0	0	0	0	0	0	0	0	0	0	0	0	0	0	0	0	0	0	0	0	0	0	0	0	0	0	0	0	0	0	0	0	0	0	0	0	0	0	0	0	0	0	0	0
k__Bacteria|p__Firmicutes|c__Clostridia|o__Clostridiales|f__Lachnospiraceae|g__Stomatobaculum	0	0	0	0	0.00336	0	0	0	0	0	0	0	0	0	0	0	0.02766	0	0	0	0	0	0	0	0.00385	0	0	0	0	0	0	0.00853	0	0	0.01517	0	0	0	0	0	0	0	0	0	0	0.04984	0	0	0	0.00682	0	0	0	0	0	0	0	0	0	0	0	0	0	0	0.00178	0	0	0	0	0	0	0	0	0	0.00641	0	0	0	5.7e-4	0	0	0.06458	0	0	0.00681	0	0.00436	0	0	8e-4	0	0	0	0	0	0
k__Bacteria|p__Firmicutes|c__Clostridia|o__Clostridiales|f__Oscillospiraceae|g__Oscillibacter	0.27005	0.01514	0.16072	0	0.02977	0.04211	0.366	0.00105	0.13539	0.09345	0.00401	0.0302	0.14639	1.68875	0	0.51432	0	0.02362	0.61843	1.66768	0.5209	0.55921	0	0.68257	0.02918	0.09315	0.07043	1.03743	0.10595	0.11466	0.47166	0.36726	0.07919	2.7443	0	0.19329	0.90011	1.18887	1.00577	0.03181	0.46448	0	0.13967	1.50893	0	0.02553	0.39475	0.02798	0.27284	0.22101	0.15241	0.00574	0.22077	0.87233	1.75481	0.10982	1.11272	0.04578	1.24109	0.08431	1.22713	0.07824	0.59002	1.1074600000000001	0.01378	0.27034	0.53938	0.0371	0.10861	0.01829	0.07976	0.02067	0.09692	0.77733	0	0.13304	0.09092	0.01098	0	0.53413	0.00645	0	0.20603	0.14457	0.01866	0.00543	0	0.64535	0.20047	0	0.30361	0.09534	0.56233	0.30528	0.03638	0.19239
k__Bacteria|p__Firmicutes|c__Clostridia|o__Clostridiales|f__Peptostreptococcaceae|g__Filifactor	0	0	0	0	0	0	0	0	0	0	0	0	0	0	0	0	0	0	0	0	0	0	0	0	0	0	0	0	0	0	0	0	0	0	0	0	0	0	0	0	0	0	0	0	0	0	0	0	0	0	0	0	0	0	0	0	0	0	0	0	0	0	0	0	0	0	0	0	0	0	0	0	0	0	0	0	0	0	0	0	0	0.04899	0	0	0	0	0	0	0	0	0	0	0	0	0	0
k__Bacteria|p__Firmicutes|c__Clostridia|o__Clostridiales|f__Peptostreptococcaceae|g__Peptostreptococcaceae_noname	0.1257	0.05204	0.05358	0.1061	0.00337	0.01059	0.35704	0.06352	0.03312	0.03911	0	0.2645	0.1807	0	0.13758	0.01258	0.06357	0	0	0	0	0.02755	0.03307	0	0	0.00977	0.01414	0	0.05178	0	0.01877	0.13141	0.0863	0	0.11897	0.01373	0	0.13799	0.15816	0	0	0.14762	0.0142	0	0	0.04993	0	0.03713	0.0603	0	0	0	1.07623	0.00916	0	0.09079	0	0.05147	0.01367	0.039400000000000004	0.014360000000000001	0	0.00811	0.04236	0	0	0.06112	0.0115	0	0.11591	0	0	0.02234	0.01724	0	0.04576	0	0	0.08142	1.9e-4	0.15417999999999998	0.02212	0.04414	0	0	4.8196	0	0	0.03364	0.02043	0.03569	0	0	0.00704	0.02798	0
k__Bacteria|p__Firmicutes|c__Clostridia|o__Clostridiales|f__Peptostreptococcaceae|g__Peptostreptococcus	0.03044	0	0.0252	0	0.0014700000000000002	0	0	0.00795	0	0	0.0118	0	0.00126	0	0	0	0.12586999999999998	0.00886	0	0	0	0	0.00848	0	0.00903	0.01879	0.01914	0	0	0	0	0	0	0.00414	0	0	0	0	0.32453	0	0	8.5e-4	0	0	0	0.00436	0.00756	0	0	0	0	0	0	0	0	0	0	0	0	0	0	0	0	0	0.04988	0.16924999999999998	0.00441	0	0	0	7.700000000000001e-4	0.28812	0	0	0.00109	0	0	0.03648	0	0	0	0	0	0	0	0	0	0	0.00446	0	0	0	0	0	0	0
k__Bacteria|p__Firmicutes|c__Clostridia|o__Clostridiales|f__Ruminococcaceae|g__Anaerotruncus	0	0	0.030699999999999998	0	0	0	0.00862	0	0.00483	0.01767	0	0	0	0	0	0.013250000000000001	0	0.03288	0	0.82778	0	0	0	0.05564	0.01269	0	0.01076	0.040679999999999994	0	0.012	0	0	0	0.20958	0	0	0	0.05296	0.00284	0	0.09723	0	0.01481	0.0109	0	0.039169999999999996	0	0	0.02053	0	0.11538999999999999	2.6e-4	5e-4	0	0.00842	0	0.07930999999999999	0	0.0248	0.00222	0	0.044180000000000004	0	0.00855	0	0	0.048389999999999996	0.07896	0.03541	0.00146	0	0	0	0.02356	0	0	0.05921	0	0	0	0	0	0	0	0.01611	0	0	0.00806	0.00649	0	0	1.6e-4	0	0.10136999999999999	0.01064	0
k__Bacteria|p__Firmicutes|c__Clostridia|o__Clostridiales|f__Ruminococcaceae|g__Faecalibacterium	3.5735	0.00477	1.81708	0	1.13865	4.63632	12.75332	0.07696	6.0342	6.98241	0.67835	1.90104	0	3.11113	0.01427	13.40482	1.33986	5.50951	0.13141	4.52512	5.83693	21.16589	0	2.10968	2.55788	10.74677	4.65963	7.91101	5.46678	9.11606	10.4529	1.25631	3.52649	0	0.28189	6.05374	9.79628	5.09202	2.62389	5.99666	3.87158	0.00243	6.36942	1.7844	3.95018	2.73564	0.04707	1.81609	4.21705	4.71657	1.85135	5.51782	10.24489	2.79898	5.20132	10.768980000000001	6.13236	11.03242	3.35012	6.8767	12.79099	3.67393	10.12455	9.76923	0.64963	2.34927	12.81418	1.98786	3.99548	4.07059	1.97017	4.34576	10.18577	5.34907	0.72577	6.11003	1.23642	2.95163	2.05897	1.68555	3.86225	0.31053	5.09542	4.37635	1.07086	2.68497	3.89902	1.43122	5.51821	0.9057	16.42381	4.56027	7.54569	2.82586	3.68751	7.09929
k__Bacteria|p__Firmicutes|c__Clostridia|o__Clostridiales|f__Ruminococcaceae|g__Ruminococcaceae_noname	4.5e-4	0	0.09172	0	0	0	0	0	0	0	0	0	0.00841	0	0	0	0	0	1.03881	0	0.00269	0.00784	0	0	0	0.00394	0.01523	0.0092	0.00153	0	0	0.14254	0	3e-4	0	1.5e-4	0	0.00647	0	0.09277	0.47646	0	0	0.28514	0.00711	0.00324	0	0	0	0	0	0	0.00376	0	0	0	0.00233	0.01459	0.05101	0.01272	0	0	0	0	0	0	0	0	0	0	0	0	0	0.02867	0	0	0	0	0	0	0.03987	0	0	0	0.00318	0	0	0	0	0	3.9e-4	0	0	0	0.00193	0
k__Bacteria|p__Firmicutes|c__Clostridia|o__Clostridiales|f__Ruminococcaceae|g__Ruminococcus	4.04795	0	6.61472	0	0	2.7789200000000003	7.48709	0	5.9217699999999995	4.5859	0.53723	0.04526	8.07881	1.40923	0.00341	1.20401	0	0.35647	0	2.46113	0.22146	4.91278	0	0.6790700000000001	0.97832	0.52928	4.13671	1.08364	0	1.54889	0	0.28363	1.3265200000000001	0	0.56449	0.30119999999999997	4.54602	0	0.89246	0	0.09548000000000001	0.93003	0.52626	5.79338	2.99466	0	0.68259	1.3098400000000001	0.01814	0	0	0	14.57477	0	2.58132	2.4807	0.07595	11.093779999999999	4.27239	7.85576	3.2854400000000004	0.8001400000000001	7.23297	0.441	0	3.10666	1.93846	5.8360199999999995	0.02293	1.5464099999999998	0.26378999999999997	5.3585899999999995	9.41875	7.6499999999999995	0	4.25325	1.0046700000000002	0.55706	0	0	0	0	0.27719	0.6864100000000001	0.06558	3.5062699999999998	0	0.28065	0.65215	0.9422300000000001	2.7506600000000003	0.9797800000000001	2.7081399999999998	2.0249	3.55354	3.19719
k__Bacteria|p__Firmicutes|c__Clostridia|o__Clostridiales|f__Ruminococcaceae|g__Subdoligranulum	5.05069	0.1628	0.53735	0.1057	2.93174	4.52911	7.60203	0.06781	0.72369000000000006	1.3641699999999999	2.26561	0.12608	0.04291	8.79062	0.00402	4.34018	1.61534	18.70362	4.20486	3.0157	4.03618	5.47874	2.76692	3.99985	0.32253	2.65307	5.22314	3.90983	0.26226	12.23998	1.54761	1.45172	2.11514	2.1434100000000003	0.01038	1.81342	5.37918	4.41549	2.99838	8.14893	2.31563	0.00407	5.03252	11.13076	6.65061	0.5455	0.16661	12.60607	5.0627	4.56774	3.15995	6.17642	11.53515	1.47175	7.12591	0.46287	13.98249	1.51217	1.76507	17.01052	4.98304	11.2558	15.48633	6.11319	2.7134	2.88014	2.12999	11.92542	1.53911	5.73513	0.28841	5.28021	1.77079	9.789990000000001	0.27941	7.17725	2.58059	2.03848	0.00459	2.04449	0.42746	0.02196	1.10674	12.21742	2.99441	1.02894	0	2.73158	2.28572	0.57453	1.04994	0.99877	2.01878	5.3012	1.04884	1.21182
k__Bacteria|p__Firmicutes|c__Erysipelotrichia|o__Erysipelotrichales|f__Erysipelotrichaceae|g__Bulleidia	0.00573	0	0	0	0	0	0	0.00226	0	0	0	0.00207	0	0	0	0	0	0	6.3e-4	0	0	0	0	0	0	0	0	0	0	0	0	0	0	0	0	0	0	0	0	0	0	0	0	0	0	0	0	0	0	0	0	0	0	0	0	0.00253	0	0	0	0	0	0	0	0	0	0	0	0	0	0	0	0	0	0	0	0	0	0.03092	0	0	0	0	0	0	0	0	0	0	0	0	0	0	0	0	0	0
k__Bacteria|p__Firmicutes|c__Erysipelotrichia|o__Erysipelotrichales|f__Erysipelotrichaceae|g__Catenibacterium	0	0	0	0	0	0	0	0	1.3751	0	0.54952	0	0	0	0	0	0	0	0	3.8239899999999998	0	0	0	0	1.4572	0.86818	0	0	0	0	0	0.0259	0	0	0	0	0	0	0	2.28669	0	0	0	0.69385	0	1.05352	0	1.68032	0	0	0	1.34592	0	0	0	0	0.79535	0	0	0	0	0	0	0	0.00101	0	0	0	0	0	0	0	1.658	0	0	0	0.00165	0	0	0	0	0	0.53231	0	0	1.14902	0	0	0.74854	0	0.98798	0	0	0	0	0
k__Bacteria|p__Firmicutes|c__Erysipelotrichia|o__Erysipelotrichales|f__Erysipelotrichaceae|g__Coprobacillus	0.01821	0.02341	0.23862	2.95519	0	0	0.43691	0.19752	0	0	0	0.29873	1.32606	0.01352	0.11406	0.03776	0.27726	0	0.93867	0.44958	0	0.28985	1.11054	0	0	0	0	0	0.14053	0.00478	0.83146	0	0	0.1484	0.03015	0	2.26937	0.16212	0.34867	0	0.00691	0.24721	0.0014	0.11067	0	0	0	0	0.01029	0.20179	0.11472	0	0.03024	1.78412	0	0.91209	0	0	1.07997	0	0.38928	0	0.21115	0.03148	0.07934	0.04288	0.05513	0	0	0	0.00522	0.05461	0	0	0.00917	0	0	0	0.5256	0.23033	0.08944	0	0	0	0	0	0.03598	0.00182	0	0.01885	0.02391	0	0	0.07356	0	0
k__Bacteria|p__Firmicutes|c__Erysipelotrichia|o__Erysipelotrichales|f__Erysipelotrichaceae|g__Eggerthia	0	0	0	0	0	0	0	0	0	0	0	0	0	0	0	0	0	0	0	0	0	0	0	0	0	0	0	0	0	0	0	0	0	0	0	0	0	0	0	0	0	0	0	0	0	0	0	0	0	0	0	0	0	0	0	0	0	0	0	0	0	0	0	0	0	0	0	0	0	0	0	0	0	0	0	0	0	0	0	0	0	0.00461	0	0	0	0	0	0	0	0	0	0	0	0	0	0
k__Bacteria|p__Firmicutes|c__Erysipelotrichia|o__Erysipelotrichales|f__Erysipelotrichaceae|g__Erysipelotrichaceae_noname	0.6333	0.024560000000000002	0.25024	0.98697	0.54136	0.37056	0.12775	0.0374	6.3e-4	0.10067	0.1239	0.16536	0.10721	3.3409500000000003	0.17135	0.01675	0.13656	1.04913	0.09366000000000001	3.44885	0.66539	0.37538	0.56227	0.22186	1.33942	0.02778	2.0424800000000003	0	0.04725	0.03023	0.23585	0.1023	0	0.1555	0.0463	0.6204	2.47111	0.78005	0.10383	2.46376	0	0.10789	1.04213	0.20457999999999998	2.06153	0.09219	0.00181	0.01837	6.1e-4	0.49818	0.06093	4.78128	0.00553	0.13357000000000002	0.00463	0.18678	0.28135	0.02638	0.70528	2.90819	0.05529	0.54364	0.22279	0.00442	0.46545	0.00382	0.29168	2.1879500000000003	0	0.61606	0.59328	0.00992	7.88492	0	0	0.0023100000000000004	0.09305	0.00374	0.63054	0.16556	0	0.00901	0	0	0.42743	6.71961	0.00437	1.67629	0.49649	0.00807	0.9319	1.62659	0	0.11943000000000001	0.00227	0
k__Bacteria|p__Firmicutes|c__Erysipelotrichia|o__Erysipelotrichales|f__Erysipelotrichaceae|g__Holdemania	0	0	0.042890000000000005	0	0	0.00921	0	0	0.00763	0.03779	0	0	0	0	0	0	0	0.01538	0.07302	0	0.01888	0	0	0.03856	0	0.01711	0.01075	0.09136	0	0.04513	0	0	0.01981	0	0	0.01978	0.04876	0.0685	0	0	0.04378	0	0	0.07035	0	0.00144	0	0.01713	0.05042	0.01955	0.09587	0	0.02085	0.2072	0	0	0.10364	0	0.11043	0.02942	0	0.03333	0	0.03699	0.01139	0.13979	0.35898	0.01351	0.00367	0.006189999999999999	0	0	2.2e-4	0.07226	0	0.06422	0.00984	0	0	0	0	0	0.02881	0.00402	0	0	0	0.08423	0.01389	0.04082	0	0.00708	0	0.01942	0.02457	0.02471
k__Bacteria|p__Firmicutes|c__Erysipelotrichia|o__Erysipelotrichales|f__Erysipelotrichaceae|g__Solobacterium	0.01357	0.00731	0.00624	0	0.01042	0	0	0.00209	0	0.00469	0	0.00519	0.00192	0	0	0	0.07539	0.00897	0	0.00997	0	0	0.03677	0	0.01487	0.00866	0.01056	0	0.00294	3.9e-4	0	0	0.00101	0	0.01386	0.00208	0	0	0	8.7e-4	0	0.00702	0	0.00478	0.00202	0.00526	0	1.7e-4	0	0	0	0	0.00229	0.00713	0.00261	0.0229	0	0	0.01473	0.00135	0	4.6e-4	0	0	0.0271	0.06369	0	0	0	0.00575	0.00247	0.01459	0.00107	0.00516	0.01693	0	0.00247	0.00453	0.01909	0	0	0.02247	0.01314	0	0	0	0.00397	0	0.00391	0.02253	0.00797	0	0	0	0	0
k__Bacteria|p__Firmicutes|c__Erysipelotrichia|o__Erysipelotrichales|f__Erysipelotrichaceae|g__Turicibacter	0.5073300000000001	0.90942	0.023080000000000003	0	0	0.004790000000000001	0.04027	0.06934	0	0	0	0.09097	8.5e-4	0	0.81629	0	0	0	0	0	0	0	0	0	0	0	0.07010999999999999	0	0	3.8e-4	0.00725	0	0.11875	0	0	0	0	0.03825	3.26173	0	0	0	0	0	0	0	0	0	0.00182	0	0	0	0	0	0.15657	0.013739999999999999	0	0	0	0	0	0	0	0.01883	0	0	1.6e-4	0	0	0	0	0	0	0	0	0.00482	0	0	0.00318	0	0.03777	3.9911399999999997	0	0	0	0	0	0	0	0	0	0	0	0	0	0
k__Bacteria|p__Firmicutes|c__Negativicutes|o__Selenomonadales|f__Acidaminococcaceae|g__Acidaminococcus	0.02167	0.18808	0	0	0	0	0	0	0.99609	0	0.08618999999999999	0	3.21563	6.85899	0	0	1.22274	0	0	0	0.11786	0	0	0.28182999999999997	0.00381	2.01808	0	0	3.86488	0.09068	9.696629999999999	0.60356	0	0.91837	0	0	0	0.00539	0.09428	0.13957	0.00521	0	0.23672	0	0.00572	0.62819	7.1785000000000005	0	0	0	4.13897	0	0.98505	0.21892999999999999	0.08526	0	0.37959000000000004	0	0	0.6101	0	0	0	1.5631599999999999	0	0	0	0	0	0	1.7445199999999998	0	0	0.00349	0	0	0	0	0.062439999999999996	0	1.7023599999999999	0	0	0	0.01909	0	0.78922	0	0.05582	5.883190000000001	0.14694	0.07957	0	0	0	0
k__Bacteria|p__Firmicutes|c__Negativicutes|o__Selenomonadales|f__Acidaminococcaceae|g__Phascolarctobacterium	0	0	0	0	0	0	0	0	2.20406	0	7.34406	0	2.47308	0	0	0	1.62594	0	0	1.66431	0.02766	1.20436	0	7.62229	6.07556	0	0	3.09185	0	0	0	0.86867	2.41759	0	0	4.89129	0	0	0	4.63993	4.42561	0.56365	0	3.0063	7.16952	0.4143	0	0.61574	2.69083	2.41991	2.18873	0	0	6.32827	0	0	7.28243	3.22273	9.7947	1.31311	0	2.34923	0	0	1.69892	0	0	1.82766	5.30542	0	7.95755	2.46876	0	0	0	4.15672	0	1.95274	0	0	2.95374	0	0	0	6.10124	0.68048	0.45046	7.63721	4.28137	0	7.03061	0	0	0	2.66245	4.20476
k__Bacteria|p__Firmicutes|c__Negativicutes|o__Selenomonadales|f__Veillonellaceae|g__Anaeroglobus	0	0	0	0	0	0	0	0	0	0	0	0	0	0	0	0	0	0	0	0	0	0	0	0	0	0.00103	0	0	0	0	0	0	0	0	0	0	0	0	0	0	0	0	0	0	0	0	0	0	0	0	0	0	0	0	0	0	0	0	0	0	0	0	0	0	0	0	0	0	0	0	0	0	0	0	0	0	0	0	4.9e-4	0	0	0	0	0	0	0	0	0	0	0.11359	0	0	0	0	0	0
k__Bacteria|p__Firmicutes|c__Negativicutes|o__Selenomonadales|f__Veillonellaceae|g__Dialister	0	0	0	0	3.59988	6.58539	0	0	0	1.27096	0	0.05256	0	0	0	0	0	1.50315	0	0	0	0	0	0	0	0.01236	0.01004	0	2.47183	0	7.00019	0.06048	0	0	0	0	0	0	0.69545	0	0	0	2.34705	0	0	0	0.08028	0	0	0	0	13.80195	0	0	2.65836	3.12161	0	0	0	0	0.29789	0	0	0	1.9e-4	2.93665	0	0.00176	0	0.00164	0	0.00133	0.40067	0	0	0	0.01166	0	0	0.00524	0	5.5e-4	6.50268	0	0	0	2.5e-4	0	0	5.59046	0	0.00594	28.06732	0.00105	0	0
k__Bacteria|p__Firmicutes|c__Negativicutes|o__Selenomonadales|f__Veillonellaceae|g__Megamonas	0	37.787240000000004	0	0	0	0	0	5.46854	3.25759	0	0	0	0	0	0	0	20.6746	0	0	0	4.07678	0	0	0	0	0	1.5632499999999998	0	0	11.239289999999999	0	0	0	0	0	0	0	0	0	4.99981	0	35.428779999999996	0	3.1222000000000003	0	0	0	0	0	0	0	0	12.07452	0	0	0	0	0	0	0	0	0	0	0	0	0	0.00233	0	0	0.70331	35.17155	0	0	0	0.5508	0	0	0	0	0	0	0	0	0	0	0	0	0.85803	0	0	0	0	3.22859	0	5.32888	0
k__Bacteria|p__Firmicutes|c__Negativicutes|o__Selenomonadales|f__Veillonellaceae|g__Megasphaera	0	0.06864	0	0	0.0424	0	0.01002	0	1.50539	0	4.41726	0.30259	0	0	0	0	0.00919	0	0	0	0	0	0	0	0.00144	0.27943	0.00132	0	0	0	3.75184	0.02407	0.02324	0	0.14194	0.00794	0	0.47342	0	0	1.01811	0	0.03776	0	0.02762	3.6844799999999998	5.01789	4.95819	0	1.2837	0.64898	0	1.31613	0.45368000000000003	0	0.01165	0	0	0	0.01706	0.44394	0.02244	0.00115	2.52097	0.00268	0.02827	0	0	0.00907	0.03167	0.21809	0.10066	0.02239	0	0.18769	0	0.02188	0.38054	4.3e-4	1.27121	0.03897	0.26033	0	0	0.27436	0.02309	1.38838	0	0.39071	0.03375	0	0.12671	0	0	0	0.0152
k__Bacteria|p__Firmicutes|c__Negativicutes|o__Selenomonadales|f__Veillonellaceae|g__Mitsuokella	0	0	0	0	0	0	0.00508	0	0	0	0	0	0	0	0	0	0	0	0	0.01761	0	0	0	0	0.158	0	0	0	0	0	0	0	0	0	0	0.37170000000000003	0	0	0.00897	0	0	0	0	0	0	0.9097700000000001	0.00463	0	0	0	0	0	0	0	0	0	0	0	0	0.30428	0	0	0	0	0	0	0.0039	0	0	0.00348	0	0	0	0	0	1.2012999999999998	0	0	0	0	0	0	0	0	0	0	0.83033	0	0.20048	0	0	0	0	0	0	0
k__Bacteria|p__Firmicutes|c__Negativicutes|o__Selenomonadales|f__Veillonellaceae|g__Selenomonas	0	0	0	0	0	0	0	0	0	0	0	0.00813	0	0	0	0	0	0	0	0	0	0	0	0	0	0	0	0	0	0	0	0	0	0	0	0	0	0	0	0	0	0	0	0	0	0	0	0	0	0	0	0	0	0	0	0	0	0	0	0	0	0	0	0	0	0	0	0	0	0	0	0	0	0	0	0	0	0	0	0	0	0.00406	0	0	0	0	0	0	0	0	0	0	0	0	0	0
k__Bacteria|p__Firmicutes|c__Negativicutes|o__Selenomonadales|f__Veillonellaceae|g__Veillonella	0.12521000000000002	0.01691	0.06736	0.5540499999999999	1.6989100000000001	0.11855	5.43518	0.00809	0.15127	0.26569	1.5089299999999999	31.405499999999996	0.07606	0.00412	0.06709999999999999	0.016739999999999998	0.92081	1.5017200000000002	0.0035	0	0	0	5.36291	0.55947	1.7921099999999999	8.90778	1.0658400000000001	0.05385	0.16963	0.26302000000000003	0.02645	3.38952	0.6940500000000001	0.12087	18.0258	0.85794	0.05493	1.71378	0.05268	0.59871	0.1129	2.93288	6.041440000000001	0.039830000000000004	1.10087	2.29164	0.14103	5.42467	0.78483	5.29316	3.11237	1.44531	0.06868	0.060649999999999996	0.16240000000000002	0.9785499999999999	0.82013	0.11205	0.023469999999999998	1.58752	5.8601600000000005	0.27888	0.87156	0.01747	3.71887	0.16079000000000002	0.45264	0.19902	1.30273	5.22294	0.01125	4.06768	1.37816	0.07304000000000001	2.46352	0.10846	2.0554	1.30008	1.80796	5.44332	1.56134	2.5056399999999996	0.87128	0.01569	2.5183600000000004	0.87281	4.51969	0.01539	3.71609	2.86511	0.56846	6.70038	0.13721	1.41016	0.7341500000000001	0.14135999999999999
k__Bacteria|p__Fusobacteria|c__Fusobacteriia|o__Fusobacteriales|f__Fusobacteriaceae|g__Fusobacterium	3.46548	3.82938	4.77127	13.74786	0	0	0	29.89478	0	0	0.03214	0.09383	0.00909	0	9.94713	0	0.31366	0	0	0	0	0	1.82012	0	0	0.12533	0.00261	0	0	0	0.03948	0.01168	0.00926	0.56886	0.05897	0	0	0.00291	0.09951	5.48531	0	15.28385	0	0	0	0.01762	0.01109	0	0.0164	0	0	0	0	0.38588	0.00348	0	0	0	0.56022	2.8e-4	0	0	0.00216	0	0.63815	0.00346	0	0	0	0.01022	1.8126300000000002	0.05033	0	0	1.0265600000000001	0	0.005180000000000001	0	2.59426	1.68571	0	0.02286	0	0	0	0.00892	0	0.13272	0	0.020970000000000003	0	0.00521	0	0.01565	0	0.00107
k__Bacteria|p__Fusobacteria|c__Fusobacteriia|o__Fusobacteriales|f__Leptotrichiaceae|g__Leptotrichia	0	0	0	0	0	0	0	0	0	0	6e-4	0.05777	0	0	0	0	0	0	0	0	0	0	0	0	0	0.00222	0	0	0	0	0	0	0	0	0	0	0	0	0	0	0	0	0	0	0	0.00677	0	0	0	0	1.5e-4	0	0	0	0	0	0	0	0	0	0	0	0	0	0	0	0	0	3.4e-4	0	0	0.00856	0	0	0	0	0	0	0	0	0	0	0	0	0	0	0	0	0	0	0	0	0	0	0	0
k__Bacteria|p__Proteobacteria|c__Betaproteobacteria|o__Burkholderiales|f__Burkholderiales_noname|g__Burkholderiales_noname	0.28306	2e-4	0	0	0	0	0	0	0	0.01887	0.03625	0	0	0	0	0	0	3.9e-4	0	0	0	0.00218	0	0.01739	8.7e-4	0.00633	0.19093	2.9e-4	0	0	0.07118	0	0	0	0.00919	0	0.01665	0	0	0	0	0	0	0	0	0	0.00802	0	0.06296	0.05477	1.4e-4	0	0.01035	0	0	0	0	0	0	0.0061	0.01306	0	0	0	0	0	0	0	0	0	0	0	0	0.22661	0	0.00114	0.00273	0	0	0	0	0	0	0	0	0	0	0	0.01585	0	0	0	0	0.00188	0	0
k__Bacteria|p__Proteobacteria|c__Betaproteobacteria|o__Burkholderiales|f__Oxalobacteraceae|g__Oxalobacter	0	0	0	0	0	0	0	0	4.1e-4	0	0	0	0	0	0	0	0	0	0	0	0	0	0	0	0	0	0	0	0	0	0	0	0	0	0	0.00217	0	0	0	0	0	0	0.01221	0	0	0	0	0	0	0	0	0	0	0	0	0	0.03125	0	0	0	0	0	0	0	0	0	0	0.01837	0	0.00254	0	0	0	0	0	0.01369	0	0	0	0	0	0	0	0	0.00212	0	0	0	0	0	0	0	0	0.26949	0	0
k__Bacteria|p__Proteobacteria|c__Betaproteobacteria|o__Burkholderiales|f__Sutterellaceae|g__Parasutterella	0.14423	0	0	0	0	0	0	0	0	0.13068	0.06096	0	6.4e-4	0	0	0	0	0.00721	0	0	0	0.01691	0	0.04521	0.01836	0.00214	0.06242	0	0	0	0.03324	0	0.00243	0	0.01031	0.00685	0.04659	0	0	0	0.04084	0	0.00141	7.3e-4	0	0	0.04774	0	0.05892	0.46751	0.094	0	0.01333	0	0	0	0.04038	0	0	0.02122	0.06317	0	0	0	0	0	0	0	0	0	6.1e-4	0	0	0.29976	0	0	0	0	0	0	0	9e-4	0	0	0	0	0	0.00113	0.02682	0.38698	0	0	0	0.07204	0.00184	0
k__Bacteria|p__Proteobacteria|c__Betaproteobacteria|o__Burkholderiales|f__Sutterellaceae|g__Sutterella	0	2.94789	3.68562	0.66072	0.3798	1.03024	0	2.3641900000000002	0.47549	0	2.35696	0	3.17809	3.9768	0.81172	0	0.38966	0.13145	0	0.43983	0.076550000000000007	0	6.94474	2.79497	1.47935	1.91603	0	0	0	1.22138	0	1.92309	0.03851	0	0.87277	0.21162	0	0.55824	0	0	0	0.7890699999999999	0.44376	0	0.00407	2.07029	0.39786	0	0	0	0	0.67707	0	0	0	0	0.96361	2.91821	0.93703	0.50523	0	0	0	1.40408	0.01139	0	0	1.28691	0.54128	0.20659	2.92362	0.3873	2.07461	0	1.1795	1.16624	2.24607	0.33308	0	1.59076	0.68379	2.09468	1.57928	1.55553	0	0.00738	0.35169	0.85022	0.6887	0	3.18961	0.40896	0	1.52009	0.41919	0
k__Bacteria|p__Proteobacteria|c__Betaproteobacteria|o__Neisseriales|f__Neisseriaceae|g__Eikenella	0	0	0	0	0	0	0	0	0	0	0	0.01406	0	0	0	0	0	0	0	0	0	0	0	0	0	0.00529	0	0	0	0	0	0	0	0	0	0	0	0	0	0	0	0	0	0	0	0	0	0	0	0	0	0	0	0	0	0	0	0	0	0	0	0	0	0	0	0	0	0	0	0	0	0.00126	0	0	0	0	0	0	0	0	0	0	0	0	0	0	0	0	0	0	0	0	0	0	0	0
k__Bacteria|p__Proteobacteria|c__Betaproteobacteria|o__Neisseriales|f__Neisseriaceae|g__Neisseria	0	0	0.00437	0	0	0	0	0	0	0.006	0	0	0	0	0	0	0.05396	0	0	0	0	0	0	0	0	0	0.00588	0	0	0	0	0	0	0.01968	0	0	0	0	0	0	0	0	0	0	0	0	0	0	0	0	0	0	0	0	0	0	0	0	0	0	0	0	0	0	0.00158	0	0	0	0	0	0	0.1084	0	0	0.12509	0	0.00264	0	0	0	0	0	0	0	0.00451	0	0	0	0	0	0	0	0	0	0	0
k__Bacteria|p__Proteobacteria|c__Deltaproteobacteria|o__Desulfovibrionales|f__Desulfovibrionaceae|g__Bilophila	0.89957	0.0231	0.35003	0.22189	0.01529	0.33022	0.19782	0.00799	0.00921	0	0.16579	0.00501	0.01493	0.59008	0	0	0.21266	0.14412999999999998	1.13931	0	0.069	0.13279	0	0.15051	0.06489	0.031	0.22298	0.8949600000000001	0	0.25687	1.38419	0.08032	0	0	0	0.02358	0.64666	0.2922	0	0.03635	0.29675999999999997	0.0213	0.05868	0.050969999999999994	0.10441	0.11739	0	0	0.5006200000000001	0.5909	0	0.00467	0.14348	1.23448	0.82156	0	0.38426	0.09107	0	0.15897999999999998	0.39932	0	0.44560000000000005	0.17443999999999998	0.03746	0.9045500000000001	0.5845199999999999	0.08587	0.0033	0.05597	0.64201	0.12456	0.04575	0.6457600000000001	0.33449999999999996	0.20158	0.12296	0.02847	0	0	0	0.3196	0.08866	0	0.5028699999999999	0.01225	0	0.59721	0.03966	0.45072	0	0.03034	0	0.33436	0.01106	0.31599
k__Bacteria|p__Proteobacteria|c__Deltaproteobacteria|o__Desulfovibrionales|f__Desulfovibrionaceae|g__Desulfovibrio	0.00147	0	0	0	0	0	0	0	0	0	0	0	0	0	0	0	0	0	0	0.39614	0.05333	0.00137	0	0	0.10213	0.08263	0	0.00624	0	0	0	0.03822	0	0	0	0.14735	0	0	0	0	0	0	0	0	0	0.07019	0	0	0	0	0.24244	0	0	0	0	0	0.79924	0	0	0.08745	0	0	0	0	0.03875	0	0.00221	0.01195	0	0.03272	0.16959	0	0	0	0	0	0	0	0	0	0	0	0	0	0	0.02753	0	0.10324	0	0	0	0	0	0.02176	0.00387	0
k__Bacteria|p__Proteobacteria|c__Epsilonproteobacteria|o__Campylobacterales|f__Campylobacteraceae|g__Campylobacter	0	0	0	0	0	0	0	0	0	0	0	0.16083	0	0	0	0	0	0	0	0	0	0	0	0	0	0.007980000000000001	0	0	0	0	0	0	0	0	0.02812	0.00937	0	0	0	0	0	0.01281	0.00308	0	0	0	0	0	0	4e-4	0	0	0	0	0.00224	0	0	0	0	0	0.01117	0	0.0099	0	0.00135	0	0	0	0	8.2e-4	0	0.03074	0	0	0.007	0	2.9e-4	0	7e-4	0.00373	0	0.19663	0	0	0	0	0.01691	0	0	0	0.00389	0	0	0	0	0
k__Bacteria|p__Proteobacteria|c__Epsilonproteobacteria|o__Campylobacterales|f__Helicobacteraceae|g__Helicobacter	0	0	0	0	0	0	0	0	0	0	0	0	0	0	0	0	0	0	0	0	0.0508	0	0	0	0	0	0	0	0	0	0	0	0	0	0	0	0	0	0	0	0	0	0	0	0	0	0	0	0	0	0	0	0	0	0	0	0	0	0	0	0	0	0	0	0	0	0	0	0	0	0	0	0	0	0	0	0	0	0	0	0	0	0	0	0	0	0	0	0	0	0	0	0	0	0	0
k__Bacteria|p__Proteobacteria|c__Gammaproteobacteria|o__Aeromonadales|f__Aeromonadaceae|g__Aeromonas	0	0	0	0	0	0	0	0	0	0	0	0	0	0	0	0	0	0	0	0	0	0	0	0	0	0	0	0	0	0	0	0	0	0	0	0	0	0	0	0	0	0	0	0	0	0	0	0	0	0	0	0	0	0	0	0	0	0	0	0	0	0	0	0	0	0	0	0	0	0	0	0	0	0	0	0	0.02634	0.00281	0	0	0	20.56532	0	0	0	0	0	0	0	0	0	0	0	0	0	0
k__Bacteria|p__Proteobacteria|c__Gammaproteobacteria|o__Aeromonadales|f__Succinivibrionaceae|g__Succinatimonas	0	0	0	0	0	0	0	0	0	0	0.01453	0	0	0	0	0	0	0	0	0	0	0	0	0	0	0	0	0	0	0	0	0	0	0	0	0.00503	0	0	0	0	0	0	0.04879	0	0	0	0	0	0	0	0	0	0	0	0	0	0.01513	0	0	0	0	0	0	0	0	0	0	0	0	0	0	0	0	0	0	0	0	0	0	0	0	0	0	0	0	0	0	0.0853	0	0	0	0	0	0	0	0
k__Bacteria|p__Proteobacteria|c__Gammaproteobacteria|o__Enterobacteriales|f__Enterobacteriaceae|g__Citrobacter	0	0	0	0	0	0	0	0	0	2.6e-4	0	0.01311	0	0	0.10402	0	0	0	0	0	0	0	0	0	0	0.47382	0	0	0	0	0	0	0.01451	0	0.04257	0.00364	0.01736	0	0	0	0.16	0	0	0	0	0.01355	0	0	0	0	0	0	0	0	0	0	0	0.00171	0	0	0.16351	2.64333	0.00447	0	0	0	0	0	0	0.00333	0	0	0	0	0	0	0	0	0	0	1.06642	9.13559	0	0	0	0	0.53941	0	0	0	1.89997	0	0	0	0	0
k__Bacteria|p__Proteobacteria|c__Gammaproteobacteria|o__Enterobacteriales|f__Enterobacteriaceae|g__Enterobacter	0	0.01454	0	0	0	0	0.4425	0.00363	0	0.00226	0	0.25088	0	0	0	0.21716	0	0.00897	0	0	0	0	0	0	0	0.02003	0.11801	0	0	0	0	0	0	0.00553	0.12401	0.04836	0	0.03919	0	10.68665	0.5046999999999999	0	0	0	0.06459999999999999	0	0	0	0	0	0	0	0	0	0	0	0.01624	0.04409	0	0	0.0186	2.05503	0.17118	0	0	0	0	0	0.0925	0.0031	0	10.14705	0.00917	0	0	0	0.05053	0	0	0	0.26929	0	0	0.55714	0	0	0	0	0	2.79486	0.00165	0	0	0.01782	0.00164	0.41331
k__Bacteria|p__Proteobacteria|c__Gammaproteobacteria|o__Enterobacteriales|f__Enterobacteriaceae|g__Escherichia	0.37158	4.7996	0.03822	4.76419	39.82914	0.00348	0.06863	0.65628	0.05874	0.01284	0	0.08525	0.06709	0	59.30973	0.03718	2.56151	0.00329	1.86182	0.012920000000000001	0	0.35152	10.14996	0.0166	11.40967	0.08341000000000001	0.08363999999999999	0	0.5	0.00285	2.11821	0.01157	33.102959999999996	0.018349999999999998	0.06178	0.85901	0	0.01511	38.44842	2.2458400000000003	2.63955	0.00359	1.34314	0.06795999999999999	11.73058	0.7927	0.023829999999999997	14.5764	0.1703	0.34136	0.01457	0	0.00312	1.16674	2.04587	0.87674	0.07224	0	0.15481	2.09728	0.12731	0.35373	0.25298	0.4958	40.77182	0.4601	3.76113	3.48979	0.00597	0.01792	0.17915	0.60012	0.01711	0.06793	0.19285	0	10.81655	9.847760000000001	3.89335	20.0371	1.04233	0.13103	25.01922	1.85503	0.25276	12.95551	0	29.67458	17.41676	0.30616	0.01172	17.13081	0	5.53584	0.02298	0.04259
k__Bacteria|p__Proteobacteria|c__Gammaproteobacteria|o__Enterobacteriales|f__Enterobacteriaceae|g__Klebsiella	0	0.03233	0	0.07268	0	0	0.21702	0	0	0	1.73837	0.10425999999999999	0	0	0.0184	0.04717	0	2.5632900000000003	0	0	0	0	0.05932	3.63945	0	0.8099799999999999	0	0	0.00864	2.09898	0	49.19892	11.10396	0	0.00679	0.64526	0	0.00392	0	0	0.02564	0	0	0	0.09106	10.08303	0	0	0.01665	0	0.70819	0.41028	0	0	0	0	0.12819	0	0.00645	0	0.95962	0.52723	0.00797	0	0	0	0.01413	0	0.02829	0	0	0	0	0	19.99547	0	0.40481	19.42969	2.60488	22.81904	0.6022	3.3399799999999997	5.97726	0	4.9721	2.32325	0	0	0.26724	0	4.9191	6.401	0	7.012910000000001	0	0.00204
k__Bacteria|p__Proteobacteria|c__Gammaproteobacteria|o__Enterobacteriales|f__Enterobacteriaceae|g__Morganella	0	0	0	0	0	0	0	0	0	0	0	0	0	0	0	0	0	0	0	0	0	0	0	0	0	0	0	0	0	0	0	0	0	0	0	0	0	0	0	0	0	0	0	0	0	0	0	0.00542	0	0	0	0	0	0	0	0	0	0	0	0	0	0	0	0	0	0	0	0	0	0	0	0	0	0	0	0	0	0	0	0	0	0	0	0	0	0	0	0	0	0	0	0	0	0	0	0
k__Bacteria|p__Proteobacteria|c__Gammaproteobacteria|o__Enterobacteriales|f__Enterobacteriaceae|g__Pantoea	0	0	0	0	0	0	0	0	0	0	0	0	0	0	0.00734	0	0	0	0	0	0	0	0	0	0	0	0	0	0	0	0	0	0.02457	0	0	0	0	0	0	0	0	0	0	0	0	0	0	0	0	0	0	0	0	0	0	0.00845	0	0	0	0	0	0	0	0	0	0	0	0	0	0	0	0	0	0	0	0	0	0	0	0.03522	0	0	0.03625	0	0	0	0	0	0	0	0	0	0	0.02104	0	0
k__Bacteria|p__Proteobacteria|c__Gammaproteobacteria|o__Enterobacteriales|f__Enterobacteriaceae|g__Raoultella	0	0.01844	0	0	0	0	0	0	0	0	0	0.22767	0	0	0	0	0	0	0	0	0	0	0	0	0	0	0.60281	0	0	0	0	0	0	0	0.04889	0	0	0	0	0	0.02847	0	0	0	0	0.01877	0	0	0.00132	0	0	0	0	0	0	0	0	0	0	0	0	0.50152	0.02699	0	0	0	0	0	0.02434	0.0107	0	0	0	0	0	0	0	0	0	0	1.00471	0	0	0	0	0	0	0	0	0	0	0	0	0	0	0
k__Bacteria|p__Proteobacteria|c__Gammaproteobacteria|o__Enterobacteriales|f__Enterobacteriaceae|g__Serratia	0	0	0	0	0	0	0	0	0	0	0	0	0	0	0	0	0	0	0	0	0	0	0	0	0	0	0	0	0	0	0	0	0	0	0	0	0	0	0	0	0	0	0	0	0	0	0	0	0	0	0	0	0	0	0	0	0	0	0	0	0	0	0	0	0	0	0	0	0	0	0	0	0	0	0	0	0	0	0	0	0	0	0	0	0	0	0	0	0	0	0	0	0	0	0	0
k__Bacteria|p__Proteobacteria|c__Gammaproteobacteria|o__Pasteurellales|f__Pasteurellaceae|g__Actinobacillus	0	0	0	0	0	0	0	0	0	0	0	0.01038	0	0	0	0	0	0	0	0	0	0	0	0	0	0	0	0	0	0	0	0	0	0	0	0	0	0	0	0	0	0.00503	0	0	0	0	0	0	0	0	0	0	0	0	0	0	0	0.00789	0	0	0	0	0	0	0	0	0	0	0	0	0	0	0	0	0.00535	0	0	0	0.0017	0	0	0.00497	0	0	0	0	0	0	0	0	0	0	0.01628	0	0	0.01664
k__Bacteria|p__Proteobacteria|c__Gammaproteobacteria|o__Pasteurellales|f__Pasteurellaceae|g__Aggregatibacter	0	0	0	0	0	0	0	0	0	0	0	0.01806	0	0	0	0	0	0.00289	0	0	0	0	0	0	0.00292	0	0	0	0	0	0	0	0	0	0	0	0	0	0	0	0	0	0	0	0	0	0	0	0	0	0	0	0	0	0	0	0	0	0	0	0	0	0	0	0	0	0	0	0	8.9e-4	0	0	0	0	0	0	0	0	0	0	0	0	0	0	0	0	0	0	0	0	0	0.00108	0	0	0	0
k__Bacteria|p__Proteobacteria|c__Gammaproteobacteria|o__Pasteurellales|f__Pasteurellaceae|g__Haemophilus	0	0.02465	0	0.05945	0.09236000000000001	0.20308	1.91054	0.51803	1.4304299999999999	0.36626000000000003	0.09998	10.24387	0.31354	0	0	0.00584	0.0958	0.34661	0	0.03261	0	0	0.15537	0.16616	1.25926	6.22747	0.45647	0	0.01732	0.003	0	3.2e-4	0.37607	0.26111	7.89697	2.24559	0	1.70091	0	0.86347	0.11068	4.40154	1.71822	0.02918	0.39753000000000005	0.076550000000000007	0.01922	0.04496	1.1141	3.08601	0	0	0.09556	0.21127	0.08952	0.37291	0.29984	0.82659	0.94362	0.31238	3.77645	0.00463	0.17731	0.1084	0.36135999999999996	0.07703	1.60338	0	1.31391	0.95158	0	3.69611	1.03317	0.01302	1.74369	0.09651	0.03181	0.03303	2.69701	0.09561	2.72666	8.157	0.05615	0.02789	0.28299	0	0.98879	0	0.05755	0.0233	0.25694	0.23749	0.26299	0.2176	0.23244	2.82
k__Bacteria|p__Proteobacteria|c__Gammaproteobacteria|o__Pseudomonadales|f__Pseudomonadaceae|g__Pseudomonas	0	0	0	0	0	0	0	0	0	0	0	0.01331	0	0	0	0	0	0	0	0	0	0	0	0	0	0.00235	0	0	0	0	0	0.10539	0	0	0	0	0	0	0	0	0	0	0	0	0	0	0	0	0	0	0	0	0	0	0	0	0	0	0	0	0	0	0.02869	0	0	0.0108	0	0	0	0	0	0	0	0	0	0	0	0	0	0	0	0.03914	0	0	0	0	0	0	0	0	0	0	0	0	0.0165	0
k__Bacteria|p__Spirochaetes|c__Spirochaetia|o__Spirochaetales|f__Brachyspiraceae|g__Brachyspira	0	0	0.0048	0	0	0	0	0	0	0	0	0	0	0	0	0	0	0	0	0	0.02818	0.01067	0	0	0	0	0	0	0	0	0	0	0	0	0	0.00329	0	0	0	0	0	0	0	0	0	0	0	0	0.03572	0	0	0.00521	0	0	0	0	0	0	0	0	0	0	0	0	1.32646	0	0	0	0	0	0.08076	0	0	0	0	0	0	0	0	0	0	0	0	0	0	0	0	0	0	0.00696	0	0	0.1084	0	0.01928	0
k__Bacteria|p__Synergistetes|c__Synergistia|o__Synergistales|f__Synergistaceae|g__Fretibacterium	0	0	0	0	0	0	0	0	0	0	0	0	0	0	0	0	0	0	0	0	0	0	0	0	0	0	0	0	0	0	0	0	0	0	0	0	0	0	0	0	0	0	0	0	0	0	0	0	0	0	0	0	0	0	0	0	0	0	0	0	0	0	0	0	0	0	0	0	0	0	0	0	0	0	0	0	0	0	0	0	0	0.00405	0	0	0	0	0	0	0	0	0	0	0	0	0	0
k__Bacteria|p__Synergistetes|c__Synergistia|o__Synergistales|f__Synergistaceae|g__Pyramidobacter	0	0	0	0	0	0	0	0	0	0.02256	0	0	0	0	0	0	0	0.00984	0	0.12357	0	0	0	0	0	0	0	0	0	0	0	0	0	0	0	0	0	0	0	0	0	0	0	0	0	4.4e-4	0	0	0	0	0	0	0	0	0	0	0	0	0	0	0	0.00894	0	0	0	0	0	0.13251	0	0	0	0	0	0	0	0	0	0	0	0	0	0	0	0	0.00284	0	0	0	0	0.00352	0	0	0	0	0	0
k__Bacteria|p__Verrucomicrobia|c__Verrucomicrobiae|o__Verrucomicrobiales|f__Verrucomicrobiaceae|g__Akkermansia	0	0	0.4157	0	0	0.4162	0.03114	0	0	0	5.18115	0	0	0	0	0.04683	0	0.05954	0	2.37759	0	0	0	1.5127	0	0.02534	2.19026	6.75261	0	0.12041	0	2.88382	0	0	0.0024	4.1e-4	0	0	0	0	0	0	0.25658	0.11805	0	0	0	0.18275	0.97889	0	2.13992	0.01934	0	0	0.00102	1.2324	0.06117	0.00678	0.06573	0.42893	0.02005	0	0	0.76848	0	0	0	16.60665	0	0	0	0.18375	0.00344	2.26113	0	0.04663	6.98521	0	0	0	0	0.53347	0	0	0.044	0.02755	0	0.00789	0	0.16505	0	0	0	2.40136	0.0109	0
k__Viruses|p__Viruses_noname|c__Viruses_noname|o__Caudovirales|f__Siphoviridae|g__C2likevirus	0	0	0	0	0	0	0	0	0	0	0	0	0	0	0	0	0	0	0	0	0	0	0	0	0	0	0	0	0	0	0	0.00276	0	0	0	0	3.69701	0	0	0	0	0	0	0	0	0	0	0	0	0	0	0	0	0	0	0	0	0	0	0	0	0	0	0	0	0	0	0	0	0	0	0	0	0	0	0	0	0	0	0	0	0	0	0	0	0	0	0	0	0	0	0	0	0	0	0
k__Viruses|p__Viruses_noname|c__Viruses_noname|o__Caudovirales|f__Siphoviridae|g__Siphoviridae_noname	0	0	0	0	0	0	0	0	0	0	0	0.01792	0	0	0	0	0.0941	0	0	0	0	0	0	0	0	0	0	0	0	0	0	0	0	0	0.0083	0	0	0	0	0	0	0	0	0	0	0	0	0	0	0.06467	0.02304	0	0	0	0	0	0	0	0	0	0	0	0	0	0	0	0.02558	0	0	0	0	0	0	0	0	0	0	0	0	0	0	0.00878	0	0	0	0	0.04457	0.02094	0	0	0	0	0	0	0	0
k__Viruses|p__Viruses_noname|c__Viruses_noname|o__Caudovirales|f__Siphoviridae|g__Tunalikevirus	0	0	0	0	0	0	0	0	0	0	0	0	0	0	0	0	0	0	0	0	0	0	0	0.3101	0	0	0	0	0	0	0	0	0	0	0	0	0	0	0	0	0	0	0	0	0	14.83679	0	0	0	0	0	0	0	0	0	0	0	0	0	0	0	0	0	0	0	0	0	0	0	0	0	0	0	0	0	0	0	0	0	0	0	0	0	0	0	0	0	0	0	0	0	0	0	0	0	0
k__Viruses|p__Viruses_noname|c__Viruses_noname|o__Viruses_noname|f__Retroviridae|g__Gammaretrovirus	0	0	0	0	0.0048	0	0	0	0	0	0	0	0	0	0	0	0	0	0	0	0	0	0	0	0	0	0	0	0	0	0	0	0	0	0	0	0	0	0	0	0	0	0	0	0	0	0	0	0	0	0	0	0	0	0	0	0	0	0	0	0	0	0	0	0	0	0	0	0	0	0	0	0	0	0	0	0	0	0.00228	0	0	0	0	0	0	0	0.00151	0	0	0	0	0	0	0	0	0
Unclassified	0.03667	0	0.00264	0	0.01429	0.012070000000000001	0	0	0.10413	0	0.42633	0	0	0	0	0.00252	0	0.04239	0	0.24561	0.05752	0	0	0.62953	0.02773	0.05371	0.06584	0.19877	0	0.01823	0	0	0.05408	0	0	0.12398	0.00834	0	0	0	0.23968	0	0	0.24496	0.00425	0.00255	0.59279	0	0.42017000000000004	0	0.04069	1.59425	0.09605	0	0	0	0.18018	0.00636	0	0.22837	0.07686	0.1761	0	0	8.1e-4	0.0129	0	0.60159	0.06017	0.00625	0.0026	0.07443	0	0	0	0	0	0	0	0	0	0.12858	0.06467	0.07411	0.22469	0.00236	0	0.10117	0.07569	0	0	0.06425	0	0.98447	0.08533	0
