Sample	d__Bacteria;p__Actinobacteriota;c__Actinomycetia;o__Actinomycetales;f__Actinomycetaceae;g__Actinomyces	d__Bacteria;p__Actinobacteriota;c__Actinomycetia;o__Actinomycetales;f__Bifidobacteriaceae;g__Bifidobacterium	d__Bacteria;p__Actinobacteriota;c__Actinomycetia;o__Actinomycetales;f__Bifidobacteriaceae;g__Parascardovia	d__Bacteria;p__Actinobacteriota;c__Actinomycetia;o__Actinomycetales;f__Micrococcaceae;g__Rothia	d__Bacteria;p__Actinobacteriota;c__Coriobacteriia;o__Coriobacteriales;f__;g__	d__Bacteria;p__Actinobacteriota;c__Coriobacteriia;o__Coriobacteriales;f__Coriobacteriaceae;g__Collinsella	d__Bacteria;p__Actinobacteriota;c__Coriobacteriia;o__Coriobacteriales;f__Eggerthellaceae;g__Adlercreutzia	d__Bacteria;p__Actinobacteriota;c__Coriobacteriia;o__Coriobacteriales;f__Eggerthellaceae;g__Eggerthella	d__Bacteria;p__Actinobacteriota;c__Coriobacteriia;o__Coriobacteriales;f__Eggerthellaceae;g__Slackia	d__Bacteria;p__Bacteroidetes;c__Bacteroidia;o__Bacteroidales;f__S24-7;g__	d__Bacteria;p__Bacteroidota;c__Bacteroidia;o__Bacteroidales;f__;g__	d__Bacteria;p__Bacteroidota;c__Bacteroidia;o__Bacteroidales;f__Bacteroidaceae;g__Bacteroides	d__Bacteria;p__Bacteroidota;c__Bacteroidia;o__Bacteroidales;f__Bacteroidaceae;g__Paraprevotella	d__Bacteria;p__Bacteroidota;c__Bacteroidia;o__Bacteroidales;f__Bacteroidaceae;g__Prevotella	d__Bacteria;p__Bacteroidota;c__Bacteroidia;o__Bacteroidales;f__Bacteroidaceae;g__Prevotellamassilia	d__Bacteria;p__Bacteroidota;c__Bacteroidia;o__Bacteroidales;f__Coprobacteraceae;g__Coprobacter	d__Bacteria;p__Bacteroidota;c__Bacteroidia;o__Bacteroidales;f__Marinifilaceae;g__Butyricimonas	d__Bacteria;p__Bacteroidota;c__Bacteroidia;o__Bacteroidales;f__Marinifilaceae;g__Odoribacter	d__Bacteria;p__Bacteroidota;c__Bacteroidia;o__Bacteroidales;f__Porphyromonadaceae;g__Porphyromonas	d__Bacteria;p__Bacteroidota;c__Bacteroidia;o__Bacteroidales;f__Rikenellaceae;g__	d__Bacteria;p__Bacteroidota;c__Bacteroidia;o__Bacteroidales;f__Tannerellaceae;g__Parabacteroides	d__Bacteria;p__Bacteroidota;c__Bacteroidia;o__Chitinophagales;f__Saprospiraceae;g__Lewinella_A	d__Bacteria;p__Bacteroidota;c__Bacteroidia;o__Flavobacteriales;f__Flavobacteriaceae;g__	d__Bacteria;p__Campylobacterota;c__Campylobacteria;o__Campylobacterales;f__Arcobacteraceae;g__Aliarcobacter	d__Bacteria;p__Desulfobacterota_I;c__Desulfovibrionia;o__Desulfovibrionales;f__Desulfovibrionaceae;g__Bilophila	d__Bacteria;p__Desulfobacterota_I;c__Desulfovibrionia;o__Desulfovibrionales;f__Desulfovibrionaceae;g__Desulfovibrio	d__Bacteria;p__Firmicutes;c__Bacilli;o__;f__;g__	d__Bacteria;p__Firmicutes;c__Bacilli;o__Bacillales_A;f__Planococcaceae;g__	d__Bacteria;p__Firmicutes;c__Bacilli;o__Erysipelotrichales;f__Coprobacillaceae;g__Catenibacterium	d__Bacteria;p__Firmicutes;c__Bacilli;o__Erysipelotrichales;f__Coprobacillaceae;g__Stoquefichus	d__Bacteria;p__Firmicutes;c__Bacilli;o__Erysipelotrichales;f__Erysipelotrichaceae;g__Clostridium_AQ	d__Bacteria;p__Firmicutes;c__Bacilli;o__Haloplasmatales_A;f__Turicibacteraceae;g__Turicibacter	d__Bacteria;p__Firmicutes;c__Bacilli;o__Lactobacillales;f__Enterococcaceae;g__Enterococcus	d__Bacteria;p__Firmicutes;c__Bacilli;o__Lactobacillales;f__Lactobacillaceae;g__Lactobacillus	d__Bacteria;p__Firmicutes;c__Bacilli;o__Lactobacillales;f__Streptococcaceae;g__Lactococcus	d__Bacteria;p__Firmicutes;c__Bacilli;o__Lactobacillales;f__Streptococcaceae;g__Streptococcus	d__Bacteria;p__Firmicutes;c__Bacilli;o__Staphylococcales;f__Gemellaceae;g__Gemella	d__Bacteria;p__Firmicutes;c__Erysipelotrichia;o__Erysipelotrichales;f__[Coprobacillaceae];g__	d__Bacteria;p__Firmicutes;c__Erysipelotrichia;o__Erysipelotrichales;f__Erysipelotrichaceae;g__cc_115	d__Bacteria;p__Firmicutes;c__RF3;o__;f__;g__	d__Bacteria;p__Firmicutes_A;c__Clostridia;o__Christensenellales;f__Christensenellaceae;g__Christensenella	d__Bacteria;p__Firmicutes_A;c__Clostridia;o__Clostridiales;f__;g__	d__Bacteria;p__Firmicutes_A;c__Clostridia;o__Clostridiales;f__Clostridiaceae;g__Clostridium	d__Bacteria;p__Firmicutes_A;c__Clostridia;o__Eubacteriales;f__Eubacteriaceae;g__	d__Bacteria;p__Firmicutes_A;c__Clostridia;o__Eubacteriales;f__Eubacteriaceae;g__Eubacterium	d__Bacteria;p__Firmicutes_A;c__Clostridia;o__Lachnospirales;f__Lachnospiraceae;g__	d__Bacteria;p__Firmicutes_A;c__Clostridia;o__Lachnospirales;f__Lachnospiraceae;g__Anaerostipes	d__Bacteria;p__Firmicutes_A;c__Clostridia;o__Lachnospirales;f__Lachnospiraceae;g__Blautia_A	d__Bacteria;p__Firmicutes_A;c__Clostridia;o__Lachnospirales;f__Lachnospiraceae;g__Coprococcus	d__Bacteria;p__Firmicutes_A;c__Clostridia;o__Lachnospirales;f__Lachnospiraceae;g__Dorea	d__Bacteria;p__Firmicutes_A;c__Clostridia;o__Lachnospirales;f__Lachnospiraceae;g__Dorea_A	d__Bacteria;p__Firmicutes_A;c__Clostridia;o__Lachnospirales;f__Lachnospiraceae;g__Lachnospira	d__Bacteria;p__Firmicutes_A;c__Clostridia;o__Lachnospirales;f__Lachnospiraceae;g__Pseudobutyrivibrio	d__Bacteria;p__Firmicutes_A;c__Clostridia;o__Lachnospirales;f__Lachnospiraceae;g__Roseburia	d__Bacteria;p__Firmicutes_A;c__Clostridia;o__Lachnospirales;f__Lachnospiraceae;g__Ruminococcus_B	d__Bacteria;p__Firmicutes_A;c__Clostridia;o__Oscillospirales;f__Oscillospiraceae;g__Flavonifractor	d__Bacteria;p__Firmicutes_A;c__Clostridia;o__Oscillospirales;f__Ruminococcaceae;g__	d__Bacteria;p__Firmicutes_A;c__Clostridia;o__Oscillospirales;f__Ruminococcaceae;g__Anaerotruncus	d__Bacteria;p__Firmicutes_A;c__Clostridia;o__Oscillospirales;f__Ruminococcaceae;g__Faecalibacterium	d__Bacteria;p__Firmicutes_A;c__Clostridia;o__Oscillospirales;f__Ruminococcaceae;g__Ruminococcus	d__Bacteria;p__Firmicutes_A;c__Clostridia;o__Peptostreptococcales;f__Peptostreptococcaceae;g__	d__Bacteria;p__Firmicutes_A;c__Clostridia;o__Peptostreptococcales;f__Peptostreptococcaceae;g__Clostridioides	d__Bacteria;p__Firmicutes_A;c__Clostridia_A;o__Christensenellales;f__;g__	d__Bacteria;p__Firmicutes_B;c__Desulfitobacteriia;o__Desulfitobacteriales;f__Desulfitobacteriaceae;g__	d__Bacteria;p__Firmicutes_B;c__Peptococcia;o__Peptococcales;f__Peptococcaceae;g__Peptococcus	d__Bacteria;p__Firmicutes_C;c__Negativicutes;o__Acidaminococcales;f__Acidaminococcaceae;g__Acidaminococcus	d__Bacteria;p__Firmicutes_C;c__Negativicutes;o__Acidaminococcales;f__Acidaminococcaceae;g__Phascolarctobacterium_A	d__Bacteria;p__Firmicutes_C;c__Negativicutes;o__Selenomonadales;f__Selenomonadaceae;g__Megamonas	d__Bacteria;p__Firmicutes_C;c__Negativicutes;o__Veillonellales;f__Dialisteraceae;g__Dialister	d__Bacteria;p__Firmicutes_C;c__Negativicutes;o__Veillonellales;f__Veillonellaceae;g__	d__Bacteria;p__Firmicutes_C;c__Negativicutes;o__Veillonellales;f__Veillonellaceae;g__Veillonella	d__Bacteria;p__Fusobacteriota;c__Fusobacteriia;o__Fusobacteriales;f__Fusobacteriaceae;g__Fusobacterium	d__Bacteria;p__Proteobacteria;c__Alphaproteobacteria;o__Azospirillales;f__Azospirillaceae;g__Azospirillum	d__Bacteria;p__Proteobacteria;c__Alphaproteobacteria;o__RF32;f__;g__	d__Bacteria;p__Proteobacteria;c__Alphaproteobacteria;o__Rhodospirillales;f__Rhodospirillaceae;g__	d__Bacteria;p__Proteobacteria;c__Gammaproteobacteria;o__Burkholderiales;f__Burkholderiaceae;g__Sutterella	d__Bacteria;p__Proteobacteria;c__Gammaproteobacteria;o__Burkholderiales;f__Neisseriaceae;g__Neisseria	d__Bacteria;p__Proteobacteria;c__Gammaproteobacteria;o__Enterobacterales;f__Aeromonadaceae;g__Aeromonas	d__Bacteria;p__Proteobacteria;c__Gammaproteobacteria;o__Enterobacterales;f__Enterobacteriaceae;g__Enterobacter	d__Bacteria;p__Proteobacteria;c__Gammaproteobacteria;o__Enterobacterales;f__Enterobacteriaceae;g__Escherichia	d__Bacteria;p__Proteobacteria;c__Gammaproteobacteria;o__Enterobacterales;f__Enterobacteriaceae;g__Klebsiella	d__Bacteria;p__Proteobacteria;c__Gammaproteobacteria;o__Enterobacterales;f__Pasteurellaceae;g__Haemophilus	d__Bacteria;p__Tenericutes;c__Mollicutes;o__RF39;f__;g__	d__Bacteria;p__Verrucomicrobiota;c__Verrucomicrobiae;o__Pedosphaerales;f__Pedosphaeraceae;g__Pedosphaera	d__Bacteria;p__Verrucomicrobiota;c__Verrucomicrobiae;o__Verrucomicrobiales;f__Akkermansiaceae;g__Akkermansia	Unclassified
CRC.222	0	0.002688172	0.002688172	0	0.094086022	0.001344086	0	0.001344086	0	0	0	0.373655914	0	0	0.002688172	0	0	0	0	0.025537634	0	0	0.001344086	0	0.004032258	0	0	0	0	0	0	0	0	0	0	0.001344086	0	0	0	0	0	0.009408602	0.00672043	0	0	0.120967742	0	0.061827957	0.002688172	0	0	0	0	0.005376344	0.001344086	0.005376344	0.010752688	0	0.010752688	0.002688172	0.005376344	0.052419355	0.001344086	0	0	0	0.002688172	0	0	0	0.009408602	0.004032258	0	0	0	0	0	0.010752688	0.009408602	0.13575268799999998	0.009408602	0	0	0	0	0
CRC.57	0	0	1.43349e-4	0	0.030103211	0.003870413	0.00100344	2.86697e-4	0	0.002866972	0	0.311066514	0	0.00100344	0	0	0	7.16743e-4	0	0.003010321	0.028956422	0	1.43349e-4	0.002150229	2.86697e-4	0	0	1.43349e-4	0	0	4.30046e-4	2.86697e-4	0	0	0	0.001576835	0	0.001146789	0	0	0	0.008170872	0.00315367	1.43349e-4	0	0.057196101	0.001433486	0.079558486	0.00415711	0.007740826	1.43349e-4	0.020068807	0	0.022075688	0.014048165	0.039994266	0.035263761	0	0.134891055	0.051462156	0.017918578	0.066513761	1.43349e-4	4.30046e-4	0	0	0.025229358	1.43349e-4	0	0.002580275	0	0	0	0	2.86697e-4	1.43349e-4	0	0	7.16743e-4	0.015481652	0	0	0	0	1.43349e-4	0
CRC.82	2.54194e-4	0.016268429	0	0	0.025292323	0.005210981999999999	0	0	0	5.08388e-4	1.27097e-4	0.394382308	2.54194e-4	0.001652262	3.81291e-4	8.8968e-4	0	0.001143874	0	0.010421962	0.009405186	0	0	0.001270971	0	0	0	0	0	0	0.006354855	0	0	0	0	0.001016777	0	0.001652262	0	0	0	0.005210981	0.00305033	3.81291e-4	0	0.050076258	5.08388e-4	0.05655821	0.009150991	0.001652262	0.005338078	0.030630402	0	0.028596848	0.006736146	0.03202847	0.034697509	0	0.138408744	0.025165226	2.54194e-4	0.032536858	0	0	0	0.018301983	0.001016777	0	0	0.011947128	0	0	0	0.00076258299999999995	6.35486e-4	0.00482969	0	0	0	1.27097e-4	0	5.08388e-4	0	0	0	2.54194e-4
CRC.220	0	0.015997218	3.47766e-4	0	0.42740393	0	0	0.003303773	0	0	0	0.0022604770000000003	0	0	0	0	0	0	0	0.001564945	5.21648e-4	0	6.95531e-4	0	0	0	0	0	0	0	0.00434707	0	0	3.47766e-4	0	0.0015649449999999999	0	5.21648e-4	0	0	0	0.006607547	0.001043297	0	0	0.07198748	3.47766e-4	0.207963832	0.011476265	0.001391062	0	0	0.00121718	8.69414e-4	0.054251435	0.00312989	0.00869414	0	8.69414e-4	0.029386194	0.005912015	0.128325509	1.73883e-4	0	0	0	0.001738828	0	0	0	0	0	0	0	0	0	0	0	0	0.004173187	0	0	0	0	0	0
CRC.90	0	0	0	0	0.058823529	0	0	0	0	0.037433155	0	0.4171123	0.010695187	0	0	0	0	0	0.005347594	0.005347594	0.010695187	0	0	0.005347594	0	0	0	0	0	0	0.005347594	0	0	0	0	0	0	0	0	0	0	0	0	0	0	0.069518717	0	0.064171123	0.010695187	0	0	0.010695187	0	0.005347594	0.016042781	0.005347594	0.037433155	0	0.064171123	0.139037433	0	0	0.005347594	0	0	0	0.016042781	0	0	0	0	0	0	0	0	0	0	0	0	0	0	0	0	0	0	0
CRC.180	5.69963e-4	8.54944e-4	0	0	0.091194072	0.002564833	0	0	0	0.003134796	0.003419778	0.446850955	0.002564833	0.007979481	5.69963e-4	0.00199487	5.69963e-4	8.54944e-4	2.84981e-4	0.002279852	0.007124537	8.54944e-4	0	2.84981e-4	0	0	0	0	0	0	0	0	0	0	0	2.84981e-4	0	2.84981e-4	0	0	0	0.012254203	0.001139926	0	0	0.056426332	0	0.080079795	0.013394129	0.004844685	0	0.01937874	2.84981e-4	0.012824166	0.036192647	0.021373611	0.03476774	0	0.066970647	0.038187518	0.001139926	0.015673981	0	5.69963e-4	0	0	0.001139926	0	5.69963e-4	0.001139926	0	0	0.001709889	2.84981e-4	0	0.001424907	0	0	0	0	0	0	0	0	0	0
CRC.151	0	0.015873016	0	0	0.023809524	0.095238095	0.015873016	0	0.007936508	0	0	0.007936508	0	0	0	0	0	0	0	0	0	0	0	0	0	0	0	0	0	0	0	0	0	0	0	0.023809524	0	0	0	0	0	0	0	0.007936508	0	0.047619048	0	0.388888889	0	0.03968254	0	0	0	0	0.023809524	0	0.023809524	0	0.087301587	0.03968254	0	0.015873016	0	0	0	0	0	0.103174603	0	0	0	0	0	0	0	0	0	0	0	0	0	0	0	0	0	0.031746032
CRC.143	0.002487562	0.002072968	0	0	0.045605307	0.008291874	4.14594e-4	0	0	0.004975124	0	0.018242123	0	0.016169154	4.14594e-4	0	0	0	0	0.004560531	4.14594e-4	0	0	0	0	0	0	4.14594e-4	0	0	8.29187e-4	0.004975124	0	0.001243781	0	0.010779436	0	0.002487562	4.14594e-4	4.14594e-4	0.001243781	0.070066335	0.014096186	0	0	0.069237148	8.29187e-4	0.031509121	0.010779436	0.009121061	0	0.008706468	0	0.004145937	0.011608624	0.049751244	0.190298507	0	0.072139303	0.14013267	0.080431177	0.021973466	0.001658375	0	0	0	0.00331675	0	0.0460199	0.031923715	4.14594e-4	0	8.29187e-4	0	0	0	0	0	0	0	4.14594e-4	0.001658375	0	0	0	8.29187e-4
CRC.235	0	0.032392484	0	7.86e-5	0.038131929	5.50358e-4	7.86e-5	0	0	5.50358e-4	1.57245e-4	0.314332888	0	0.001493828	0	0.001257961	0	0.001493828	0	0.008333989	0.009277459	0	3.93113e-4	5.50358e-4	0	0	0	7.86e-5	0	2.35868e-4	1.57245e-4	3.1449e-4	0	0.001729696	0	0.072332731	0	3.1449e-4	3.1449e-4	0	0	0.009356081	0.002830412	0	0	0.044343109	0.001965563	0.049689441	0.010142307	0.009277459	0	0.010456797	0	0.024137118	0.006368425	0.010299552	0.05307021	0	0.08192468	0.107241135	0.014152056	0.020677726	0	0	0	0.018712163	0.006368425	0	7.86e-5	0.006132558	0.004245617	0	1.57245e-4	0	8.64848e-4	0.001572451	0	1.57245e-4	0	0.005110442	7.86e-5	7.86225e-4	0	7.86e-5	0.002122808	0
CRC.238	0	0.083404015	2.82725e-4	0	0.02063896	0.005937235	0	0	8.48176e-4	0.001696353	8.48176e-4	8.48176e-4	2.82725e-4	0.308170766	0.027141645	0	0	0	0	0	0.001130902	0	0	0	0	0	0	0	0.013570823	0	0.002827255	0.015267176	0	5.65451e-4	0	0.005654509	0	5.65451e-4	0	0	0	0.004806333	0.001413627	0	0	0.055979644	0.005089059	0.090754877	0.005654509	0.007068137	0	5.65451e-4	0	0.052304213	0.012722646	0.001696353	0.013853548	0	0.119875601	0.022052587	0.001413627	0.01498445	0	0	0	2.82725e-4	0.002827255	0	2.82725e-4	0.020073509	0.005089059	5.65451e-4	0	0	0	5.65451e-4	0	0	0	0.030534351	0	0.004523608	0	5.65451e-4	0	0
CRC.104	2.39406e-4	0.012449126	0	0	0.021785971	0.005266938	0	0	0	0.0038305	0.028968159	0.322719655	0.003591094	0.043811348	0	0.003351688	9.57625e-4	0.001436438	0	7.18219e-4	0.0038305	2.39406e-4	2.39406e-4	0	0	0.002872875	0	0	0	0	0	9.57625e-4	0	0	0	0	0	2.39406e-4	0	0	0	0.049557098	0.002633469	0	0	0.101268853	7.18219e-4	0.092889634	0.006463969	0.003351688	2.39406e-4	0.015082595	0	0.011970314	0.007421594	0.030883409	0.068230788	0	0.07900407	0.028728753	0.007661001	0.018434283	7.18219e-4	0.001197031	0	0	0.001436438	0	0	2.39406e-4	0	0	0	0	0	7.18219e-4	0	0	0	0	0	0	2.39406e-4	2.39406e-4	0	0
CRC.160	0	0	0	0	0.081226828	0.008088979	0	0	3.37041e-4	0.001011122	6.74082e-4	0.056285811	0.002022245	0.008088979	0.028985507	0	0	0.001348163	0	0.001011122	0.01314459	0	3.37041e-4	0	0	0	0	3.37041e-4	0	0	0	6.74082e-4	0	0	0.001348163	0.001011123	0	3.37041e-4	0	0	0	0.026963263	0.0057296940000000005	0	0	0.139534884	0.002022245	0.158409168	0.079878665	0.022244692	3.37041e-4	0.004718571	0	0.02157061	0.025278059	0.007077856	0.062689585	0	0.135490394	0.025278059	0.004044489	0.063363667	0	0.001348163	3.37041e-4	0	0.002022245	0	6.74082e-4	6.74082e-4	6.74082e-4	0	0	0	0	0	0	0	0	3.37041e-4	0	0	0	0	0	0
CRC.97	0	0.005468964	0	0	0.073557561	0	0.002734482	0	0	0	0	0.21274268500000001	0	0	0	0.002461034	0	5.46896e-4	0	0.004101723	8.20345e-4	5.46896e-4	0	8.20345e-4	0	0	0	0	0	0	0	0.008750342	0	0	0	8.20345e-4	0	0	0	0	0	0.031719989	0.0071096530000000005	0	0	0.097621001	0.003554826	0.103363413	0.013398961	0.004922067	5.46896e-4	0.006836205	0	0.028712059	0.014766202	0.011484824	0.026524474	0	0.110199617	0.069455838	0.023516544	0.054689636	0	0.001367241	0	0	0	0	0.050587914	0.018321028	5.46896e-4	0	0.001093793	0	0	0.001914137	0	0	0	0	0	0	0	0	0	5.46896e-4
CRC.66	5.85938e-4	0	1.95313e-4	3.90625e-4	0.041992188	0.005273438	3.90625e-4	0	3.90625e-4	7.8125e-4	0	0.07285156300000001	0	0.00859375	0	0.005664063	5.85938e-4	0.001171875	0	0.006835938	0.013671875	0	3.90625e-4	1.95313e-4	3.90625e-4	0.002929688	0	7.8125e-4	0	0	0.0015625	0	0	0.2734375	0.002734375	0.06386718799999999	0	0.001171875	0	0	0	0.016796875	0.0125	0	0	0.081445313	0	0.106054688	0.01640625	0.007226563	0	0.012695313	0	0.003320313	0.009960938	0.0265625	0.047460938	7.8125e-4	0.042382813	0.056640625	0	0.022070313	0	0	0	0	0.011914063	0.001367188	0.003320313	0	0	0	1.95313e-4	0	1.95313e-4	0.001367188	0	0.002148438	0.002734375	0.001757813	7.8125e-4	1.95313e-4	0	0	1.95313e-4	0
CRC.96	0.001272912	0.059572301	2.54582e-4	0	0.11990835	0	0.002545825	0.00101833	0	0	0	0.078665988	0	0	0	0	0	0.002545825	0	2.54582e-4	0	2.54582e-4	0	0	0	0	0	0	0	0	0.002291242	0	0	0.011456212	0.00203666	0.035896130000000005	0	0.00712831	0	0	0	0.007892057	0.0020366589999999997	0	0	0.096741344	7.63747e-4	0.282331976	0.029786151	0.00814664	0	5.09165e-4	7.63747e-4	0.028004073	0.051171079	0.001782077	0.018839104	0	0.016038697	0.031313646	0.016038697	0.057790224	0	2.54582e-4	0	0	0	0	0.010947047	0.00407332	0.00101833	0	2.54582e-4	0	0	0.00610998	0	0	0	7.63747e-4	0	0	2.54582e-4	0	0	0
CRC.134	2.86451e-4	2.86451e-4	0	0	0.051274706	0.018046405	0.002291607	5.72902e-4	0	0.004010312	5.72902e-4	0.20366657100000002	0.013463191	0.015754798	0.00315096	0.00343741	0.001432254	5.72902e-4	0	0.005156116	0.014036093	0	0	0.001432254	0.00315096	0	0	0	0	0	8.59353e-4	0	0	0	0	5.72902e-4	0	0	0	0	0	0.019478659	0.006874821	0.001718705	0	0.100830708	0	0.060441134	0.02635348	0.007734174	2.86451e-4	0.00973933	0	0.047264394	0.040103122	0.011171584	0.031796047	5.72902e-4	0.048123747	0.126038384	0.004583214	0.056430822	0.026926382	0.005442567	0	0	8.59353e-4	0	0	0.00343741	0	0	0	0.005442567	0.001718705	0.006015468	0	0	0	8.59353e-4	0	0	2.86451e-4	0	0	8.59353e-4
CRC.207	8.21524e-4	0.013144383	0	0	0.066132676	0.043540768	6.16143e-4	0	0	6.16143e-4	4.10762e-4	0.12487163700000001	0	0.001232286	0	0.00636681	4.10762e-4	0.001437667	0	0.005339906	0.01047443	0	4.10762e-4	0.001232286	6.16143e-4	0	0	2.05381e-4	0	0	0	0	0	0	0.002464572	0.005339906	0	2.05381e-4	0	0	0	0.020538098	0.0032860959999999996	0.001848429	0	0.167180119	0.001232286	0.165742452	0.037173958	0.015198193	0.001232286	0.006982953	0	0.022797289	0.044978435	0.009652906	0.040049291	0	0.053399055	0.024029575	8.21524e-4	0.07948244	0.002259191	0	0	0	0.004929144	0	0	0.001026905	6.16143e-4	0	0	0	0.003902239	4.10762e-4	0	0	0	0.001848429	0	4.10762e-4	0	6.16143e-4	0	0
CRC.132	3.05717e-4	0	0	0	0.046774687	9.17151e-4	3.05717e-4	0	0	3.05717e-4	0.00397432	0.34974014000000003	0.04249465	0.003668603	3.05717e-4	0.001222868	0	0	0	0.007642923	0.009171507	0	0	0	0.004280037	0	0	0	0	0	0	6.11434e-4	0	0	0	0	0	0.001222868	3.05717e-4	0	0	0.018648731	0.00397432	0	0	0.05136044	9.17151e-4	0.045246102	0.005197187	0.00397432	0	0.033017426	0	0.00886579	0.020483033	0.026291654	0.072760624	0	0.095383675	0.066340569	0.014674411	0.018648731	9.17151e-4	3.05717e-4	0	0	0.00397432	0	0	0.022623051	0	0	0	0	6.11434e-4	0.00794864	0	0	0	0	0	0	0	0	3.05717e-4	0.001834301
CRC.190	6.73854e-4	0.318396226	0	0	0.042115903	0.009770889	0	0	0	0	0	0.011455525000000001	0	0.001684636	0	0.001010782	0	0.001684636	0	0.004380054	0.004043127	0.002021563	0	0.001010782	0	0	0	0	0.007412399	3.36927e-4	3.36927e-4	0	0	0	0	3.36927e-4	0	0	0	0	0	0.013477089	0.033692722	0	0	0.11893531	0	0.158355795	0.020889488	0.015161725	0	0.002358491	0	0.006401617	0.023247978	0.016509434	0.086253369	0	0.01583558	0.027291105	0.004716981	0.028301887	0.001347709	0	3.36927e-4	0	0	0	0	0.002358491	0	0	0	0	0.001010782	0.001347709	0	0	0	0.009770889	0	0	0.001347709	0.002695418	0.001010782	0
CRC.204	2.27376e-4	0.00113688	9.09504e-4	0	0.198726694	0.066848568	2.27376e-4	0.003638017	0	0	0	0.010231924	0	2.27376e-4	0	0	0	0	0	2.27376e-4	0.00113688	0	0	0	0	0	0	0	0	0	0	0	0	0	0.004092769	0.017280582	0	4.54752e-4	0	0	0	0.002046385	0.001364256	4.54752e-4	0	0.093451569	0	0.318326512	0.019554343	0.008412915	0	0.00113688	0	0.096180082	0.033424284	0.002046385	0.019099591	4.54752e-4	0.009095043	0.002273761	2.27376e-4	0.042064575	0	0	0	0	4.54752e-4	0	0	0	0.01159618	0	0	0	0	0	0	0.002728513	0.004774898	0.019781719	0.001364256	0	0	0	0	0
CRC.102	2.68312e-4	0	0	0	0.06841964	0.004829622	5.36625e-4	0	0.001073249	0.001341562	0.001073249	0.12744835	0	0.008317682	0	0.002683123	5.36625e-4	0.001878186	0	0.012878991	0.030050979	0	0	0.00348806	2.68312e-4	2.68312e-4	0	0	0	0	0.001073249	0	0	0	0	5.36625e-4	0	0	0	0	0	0.015830427	0.008317682	0	0	0.2178696	0	0.053125838	0.016098739	0.01502549	2.68312e-4	0.022538235	0	0.00348806	0.009659243	0.024684733	0.080762007	0	0.088543064	0.132009659	0.001341562	0.028172793	5.36625e-4	0	0	0	0.004829622	0	0	0	2.68312e-4	0	0	2.68312e-4	0.001073249	0.001609874	0	0	0	0	0	0	0	0	0	0
CRC.121	0	0.014140988	0	0	0.054664415	0.009075559	0	6.33179e-4	0	0.002532714	2.1106e-4	0.475306036	0	0.001477417	0	2.1106e-4	2.1106e-4	0.001899536	0	0.00443225	0.010764035	0	0.005276488	0.003165893	0	0	0	0	0	0	0	0	0	0	2.1106e-4	0.001055298	0	0.00443225	0	0	0	0.001266357	0.001266358	0	0	0.13613339	0	0.123680878	0.014563107	0.002110595	4.22119e-4	0	0	6.33179e-4	0.044955678	0.005276488	0.002532714	0	2.1106e-4	0.005909667	2.1106e-4	0.025749261	0	0	0	0	0.015196285	0	0	0	0	0	0	0	8.44238e-4	0.004010131	0	4.22119e-4	0	0.021739131000000002	0	0	0	0	4.22119e-4	2.1106e-4
CRC.144	0.001169933	8.7745e-4	0	0	0.072243346	0.008774495	0.002632349	0	0	0.001169933	0.002924832	0.011699327	0	0.003509798	0	5.84966e-4	0	0	0	5.84966e-4	5.84966e-4	5.84966e-4	5.84966e-4	0	0	0.001754899	0	0	0	0	5.84966e-4	0.004387248	0	0	0	0.002632349	0	0.001462416	0	2.92483e-4	0	0.03217315	0.011991809999999999	0	0	0.046504826	8.7745e-4	0.194793799	0.011114361	0.011114361	0	8.7745e-4	0	0.008774495	0.017841474	0.010529395	0.066101199	0	0.040947646	0.031588184	0.056741737	0.033343083	0	0	0	0	0	0	0	5.84966e-4	8.7745e-4	0	0	0	2.92483e-4	0	0	0.079555426	0.004679731	0.061713951	0.107633811	0	0	2.92483e-4	0	0.001462416
CRC.17	8.47027e-4	0	1.69405e-4	0.001016432	0.065221074	0.001016433	0.001185838	0.002371675	0	3.38811e-4	0.001524648	0.053870913	0	0.002710486	0	0	0	0	3.38811e-4	0.00440454	0.002371675	0	0.001016432	5.08216e-4	0.001524648	3.38811e-4	0	0	0	0.001694054	0.002032865	6.77622e-4	0	0	0	0.007792647000000001	3.38811e-4	0.008978486	0	1.69405e-4	0	0.001694054	0.001016432	0	0	0.063865831	0.005082162	0.242927325	0.180077926	0.004743351	0	0.007115026	0	0.087243774	0.039810266	0.001016432	0.056242589	0	0.012874809	0.062849399	0.01321362	0.014399458	0	0	0	0	0.033711672	0	0	3.38811e-4	1.69405e-4	6.77622e-4	0	0	1.69405e-4	0.002541081	0.001524648	0	0	0	0	6.77622e-4	0	0	0	0
CRC.50	0	2.50721e-4	1.2536e-4	0	0.067569262	1.2536e-4	0.001128244	0.006268021	0.002005767	0	0	0.013288204	0	0	0	0	0	5.01442e-4	0	0.001128244	0	0	7.52162e-4	0	0	0	0	0	0	0	0.016422214	3.76081e-4	1.2536e-4	0.281935565	0	0.001253604	0	0.004512975	0	0	0	0.001002883	0.020057666	0	0.001253604	0.065312774	1.2536e-4	0.090384856	0.009402031	0.07922778	1.2536e-4	1.2536e-4	0	0.002381848	0.057164347	0.010279554	0.126363294	0	0.025197443	0.021938072	1.2536e-4	0.03046258	0	0.004889056	0	0	0.006644102	0	0	0	0	0	0	0	0	1.2536e-4	0	1.2536e-4	1.2536e-4	0.021311269	0	0	0	0	6.26802e-4	0
CRC.9	2.11416e-4	1.05708e-4	0.001162791	8.45666e-4	0.092283298	0.058985201	4.22833e-4	0	0	0.001268499	1.05708e-4	0.032452431000000004	0	0.008985201	4.22833e-4	0	4.22833e-4	1.05708e-4	0	0.001585624	0.006236786	0	2.11416e-4	0	0	0.001374207	4.22833e-4	0	0	0	0.008562368	0.016384778	0.002536998	0.002536998	0	0.005073996	0.002536998	0.005708245	0	1.05708e-4	0	0.030021142	0.012367864000000001	2.11416e-4	0	0.105496829	0.005179704	0.181183932	0.01564482	0.024841438	0	0.002748414	2.11416e-4	0.005179704	0.037843552	0.012684989	0.069767442	0	0.026004228	0.034883721	0.068604651	0.058562368	1.05708e-4	0	0	0	5.28541e-4	0	0	6.34249e-4	2.11416e-4	3.17125e-4	0	0	0	2.11416e-4	0.002325581	8.45666e-4	3.17125e-4	0.043657506000000006	6.34249e-4	0	1.05708e-4	0	0	2.11416e-4
CRC.145	0	0.652048656	0	0	0.048975672	0	9.60307e-4	0	0	0	0	0.012163891999999999	0	0	0	0	0	0	0	3.20102e-4	0	0	0	0	0	0	0	0	0	0	0.003841229	0	0	3.20102e-4	0	0.0025608189999999998	0	0	0	0	0	0.009923175	0.008642766	0	0	0.046734955	0	0.06978233	0.008322663	0.006081946	0	6.40205e-4	0	0.009603073	0.018565941	0.007682458	0.012163892	0	0.026568502	0.016965429	0.004801536	0.024647887	6.40205e-4	0	0	0.001600512	6.40205e-4	0	0.001920615	9.60307e-4	0	0	0	0	0	0	0	0	0	0	0	0	0	0.00128041	0	0
CRC.199	0	0.081632653	0	0	0.020408163	0.006802721	0	0	0	0	0	0.027210884	0	0.081632653	0	0	0	0	0	0.006802721	0.06122449	0	0	0	0	0	0	0	0	0	0	0	0	0	0	0.142857143	0	0	0	0	0	0.020408163	0.020408163	0	0	0.095238095	0	0.081632653	0.020408163	0	0	0.027210884	0	0.013605442	0.006802721	0.06122449	0.034013605	0	0.074829932	0.027210884	0.034013605	0.034013605	0	0	0	0	0	0	0	0	0	0	0	0	0	0	0	0	0	0	0	0	0	0	0	0
CRC.136	0	0.03030303	0	0	0	0	0	0	0	0	0	0	0	0	0	0	0	0	0	0	0	0	0	0	0	0	0	0	0	0	0	0	0	0	0	0	0	0	0	0	0	0.181818182	0	0	0	0.060606061	0	0.333333333	0	0.121212121	0	0	0	0	0	0	0.060606061	0	0	0	0.090909091	0.121212121	0	0	0	0	0	0	0	0	0	0	0	0	0	0	0	0	0	0	0	0	0	0	0	0
CRC.6	0.001229148	7.02371e-4	3.51185e-4	8.77963e-4	0.098858648	8.77963e-4	0	0	0	0	0.001053556	0.008077261	0	0.00403863	3.51185e-4	1.75593e-4	0	0	0	0.002458297	8.77963e-4	0	0	5.26778e-4	0	0.002107112	3.51185e-4	0	0.001580334	0	0.007726076	0.002809482	0	0.279719052	0	0.196488148	3.51185e-4	0	0	8.77963e-4	0	0.016505707	0.007199298	0	0	0.046356453	8.77963e-4	0.115539947	0.013169447	0.015452151	1.75593e-4	3.51185e-4	0	0.001404741	0.009833187	0.008077261	0.031782265	0	0.048112379	0.021246708	0.007901668	0.035645303	1.75593e-4	0	0	0	8.77963e-4	0	0	0	5.26778e-4	0	0	0	0	1.75593e-4	0.001053556	0.001755926	3.51185e-4	3.51185e-4	3.51185e-4	0	0	0	0	1.75593e-4
CRC.225	0.001884207	0.007879411	0	0	0.101747174	0.030147311	0	0	0.001027749	1.71292e-4	1.71292e-4	0.043850634	8.56458e-4	8.56458e-4	0	0	0	0	0	0.00222679	8.56458e-4	0	5.13875e-4	6.85166e-4	0	0	0	0	0	0	0.002055498	0	0	0	0	0.005138746	0	0.001027749	0	0	1.71292e-4	0.009763618	0.002911956	0.001027749	0	0.102946214	0.002055498	0.315347722	0.014559781	0.014045906	0	0.003425831	1.71292e-4	0.005995204	0.040767386	0.025351148	0.036827681	0	0.05789654	0.051901336	0.002055498	0.10688592	0.001027749	0	0	0	1.71292e-4	0	0	6.85166e-4	0	0	0	0	0	5.13875e-4	0	0	0	0.001541624	0	0	0	0	0	0
CRC.110	0	0.032572655	0	0	0.066705676	0	1.95046e-4	7.80183e-4	0	0.002925688	0	0.16871464800000002	0	0.040959626	0	1.95046e-4	0	0	0	0.001170275	0.001950458	0	0	0	0	3.90092e-4	3.90092e-4	0	0	0	0	0	0.002145504	1.95046e-4	0	9.75229e-4	0	0.004486054	0	0	0	0.002925688	0.001950458	0	0	0.175931344	0	0.114881997	0.044275405	0.007411742	0	0.003120733	0	0.034913205	0.014823484	0.022235225	0.039009167	0	0.086405305	0.046420909	0.002730642	0.015993759	0	0	0	0	0	5.85138e-4	0.038619075	0.01638385	1.95046e-4	0	0	0	0	0.00234055	0	0	0	0	0	0	0	0	0	7.80183e-4
CRC.152	2.08377e-4	0.001667014	0	0	0.065847051	0.012919358	6.2513e-4	0	0.004167535	0.001458637	0.002500521	0.190664722	0.002500521	6.2513e-4	0	0	0.001041884	0.001458637	0	0.053344447	0.038758075	0	0.001458637	0.003542405	4.16753e-4	6.2513e-4	0	0	0	0.00833507	0.009168577	0	0	4.16753e-4	6.2513e-4	0.005417796	0	0.016878516	0	0	0	0.015003126	0.003959158	8.33507e-4	0	0.066680558	0.001667014	0.09731194	0.008751823	0.012294228	0.002917274	8.33507e-4	0	0.005209419	0.02563034	0.028130861	0.113356949	0	0.075015628	0.051052303	6.2513e-4	0.025838716	4.16753e-4	0	0	0	0.024588456	0	0	0	0	0	0	0	0.002292144	0.00125026	0	0	0	0.001667014	0	0	0	0	0	0
CRC.46	0	0.051996451	8.87311e-4	7.09849e-4	0.022715173	8.87311e-4	0	0	0	5.32387e-4	0.011357587	0.031765749999999995	0	0.001774623	0	1.77462e-4	0	8.87311e-4	0	0.002484472	0.001774623	1.77462e-4	7.09849e-4	0.001064774	5.32387e-4	0	0	0	0.003371783	0	0.045252884	8.87311e-4	0	0.008340728	0	0.008695652	3.54925e-4	8.87311e-4	0	0	0	0.085359361	0.035314996	0	0	0.026441881	0.001952085	0.090328305	0.0097604260000000009	0.003016859	0	8.87311e-4	0	0.025022183	0.007808341	0.018456078	0.22555457	0	0.021650399	0.163265306	0.031588287	0.027506655	0.001597161	0	0.00230701	1.77462e-4	0	0	0	5.32387e-4	5.32387e-4	5.32387e-4	0	0	7.09849e-4	0	0	0	0	3.54925e-4	0	3.54925e-4	0.006921029	0.002129547	0.005856256	0.001419698
CRC.157	0	0.036575229	0	0	0.068994181	0.00166251	0	0	0	0.003740648	4.15628e-4	0.152535329	0	0	0	0.002493766	4.15628e-4	4.15628e-4	0	0.010806318	0.00166251	0	0	8.31255e-4	0	0	0	0	0	0	0	0	0	0	0	0.001246883	0	0.003325021	0	0	0	0.01039069	0.00166251	0	0	0.075228595	0.004571904	0.30798005	0.012468828	0.013300083	0.001246883	8.31255e-4	0	0.033665835	0.033250208	0.002078138	0.022028263	4.15628e-4	0.086034913	0.029093932	0.005818786	0.049044057	4.15628e-4	0	0	0	0	0	0.014546966	0.007896924	0	0	0	0	4.15628e-4	8.31255e-4	0	0	0	0	0	0	0	0	0	0
CRC.118	1.83083e-4	0	5.49249e-4	0	0.217868912	0.064811425	3.66166e-4	0.012632735	0	0	0	0.004577078	0	0	0	0	0	0	0	0	3.66166e-4	0	0	0	0	0	0	0	1.83083e-4	0	0.004210912	1.83083e-4	0	0	0.013731234	0.007689491	0	0.001464665	0	0	0.002013914	0.004943244	0.011351153	5.49249e-4	0	0.058037349	0	0.412669352	0.006224826	0.010618821	0	0	1.83083e-4	0	0.069205419	0.018308312	0.02581472	0	7.32332e-4	0.011351153	0	0.034419627	0	3.66166e-4	0	3.66166e-4	0.001647748	0	0	0	0	0	0	0	0	7.32332e-4	1.83083e-4	0	0	0	0	0	0	0	0	0
CRC.149	4.81e-4	0.008177008	0	0	0.148148148	0.027898028	2.405e-4	0	0	0	0	0.02020202	0	0	0	0	0	9.62001e-4	0	2.405e-4	7.21501e-4	0	0	0	0	0	0	0	7.21501e-4	0	0	2.405e-4	0	0	0	0.001683502	2.405e-4	4.81e-4	0	0	0	0.009139009	0.028138528	2.405e-4	0	0.097643098	9.62001e-4	0.168109668	0.008898509	0.002164502	4.81e-4	0.001443001	7.21501e-4	0.007696008	0.085137085	0.007215007	0.316257816	0	0.002645503	0.009139009	7.21501e-4	0.031746032	0	0	0	0	0.001202501	0	4.81e-4	2.405e-4	0	0	0	0.001683502	0	0	0	0	0	2.405e-4	0	0	0	0	0	0
CRC.48	0	0.001929881	6.43294e-4	0.003216468	0.055966549	0	0	9.6494e-4	0	0	0	0.003538115	0	0	0	0	0	0	3.21647e-4	0	3.21647e-4	0	0	0	0	0	0	0	0	0	0.002573175	0.010614345	0	0.001608234	0	0.007719524	0	0	6.43294e-4	0	0	0.00707623	0.009327758	0	6.43294e-4	0.030878096	0	0.137664844	0.004181409	0.013830814	0	0.001608234	0	0.037632679	0.01222258	0.008684464	0.033451271	0	0.001286587	0.51978128	0.054036668	0.022836925	0	0	0	0	0.004181409	0	0	0	0.001286587	3.21647e-4	0	0	0	3.21647e-4	9.6494e-4	0	0	0.001608234	0	0.003216468	0	0	0	6.43294e-4
CRC.206	3.108e-4	0.010878011	0	0	0.06029526	0.002952603	3.108e-4	3.108e-4	4.662e-4	3.108e-4	4.662e-4	0.027972028	0	0	0	0	0	0	0	0.001087801	1.554e-4	0	3.108e-4	0.001243201	0	0	0	1.554e-4	0	1.554e-4	9.32401e-4	0.001554002	0	1.554e-4	1.554e-4	0.003263403	0	0.001709402	0	0	0	0.005905206	0.001087801	0	0	0.246620047	0.002020202	0.322455322	0.044289044	0.006682207	0	0.011033411	1.554e-4	0.038228437999999997	0.023931624	0.002020202	0.011344211	0	0.070862471	0.022688423	0.001398601	0.069153069	1.554e-4	0	0	0	9.32401e-4	0	0	0	1.554e-4	0	0	0	0	7.77001e-4	0	0	0	6.216e-4	0	0	0	0	0	0
CRC.5	6.57462e-4	0	3.28731e-4	3.28731e-4	0.102564103	0.001972387	6.57462e-4	6.57462e-4	0	0	0	0.016107824	0	0.001314924	0	0	0	0	0.001972387	0.002629849	3.28731e-4	0	3.28731e-4	0	0	0	0	0	0	0	3.28731e-4	0.010190664	0	0.015121631	0	0.017422748	9.86193e-4	0	0	0	0	0.047337278000000003	0.021367521	0	0	0.105193951	0.001314924	0.230769231	0.009861933	0.004273504	3.28731e-4	0.001314924	0	0.015450362	0.087442472	0.005588429	0.039447732	0	0.069362262	0.044378698	0.022682446	0.052925707	0	0	0	0	0.009533202	0	0	0.001314924	9.86193e-4	0	0	0	0	6.57462e-4	6.57462e-4	0.006903353	0.001314924	0.001314924	0.001643655	0.002629849	0.002629849	0	0	0
CRC.47	8.52333e-4	0.003409333	4.26167e-4	8.52333e-4	0.076070744	0.008310249	0	0.0012785	0	0	2.13083e-4	0.030470914	0	0	0	0	0	2.13083e-4	0	2.13083e-4	0.002130833	0	0	0	0	4.26167e-4	0	0	0	4.26167e-4	0.042829746	0	0	0	0	0.007670999	2.13083e-4	0.086298743	0	0	0	0.03409333	0.004900916	0	0.006179416	0.066055828	0	0.240144897	0.013424249	0.042190496	0	2.13083e-4	0	0.010654166	0.026635414	0.022373748	0.083315576	6.3925e-4	0.030897081	0.103345408	4.26167e-4	0.019603665	0.003409333	2.13083e-4	0	0	0.002983166	0	0	0	0.005327083	0	0	0	0	0	0	0	0	0.008097166	0	0	2.13083e-4	0	0.008310249	0
CRC.60	0	0.062818336	0	0	0.031409168	0.005093379	0	0	0	0	0.010186757	0.035653651	0	0.002546689	0	0	0	0.002546689	0	8.48896e-4	0.002546689	8.48896e-4	0	0	0	0	0	0	0	0	8.48896e-4	8.48896e-4	0	0	0	0.008488964	0	0	0	0	0	0.019524618	0.01188455	0	0	0.221561969	0.003395586	0.07385399	0.028013582	0.006791171	0	0.058573854	0	0.027164686	0.009337861	0.030560272	0.093378608	0	0.089134126	0.073005093	0.021222411	0.025466893	8.48896e-4	0	0	0	0.001697793	0	0.016129032	0.004244482	0.002546689	0	0	0	0	0	0	0	0	0.006791171	8.48896e-4	8.48896e-4	0.004244482	0	0.001697793	0
CRC.219	0	1.93498e-4	7.73994e-4	0	0.02999226	0.003482972	0	0	7.73994e-4	0.005417957	0.003676471	0.11010061900000001	0.001160991	0.059404025	0	3.86997e-4	3.86997e-4	0	0	9.67492e-4	0.008320433	5.80495e-4	0	0.001741486	1.93498e-4	0	0	1.93498e-4	1.93498e-4	0	1.93498e-4	0	0	0	3.86997e-4	7.73994e-4	0	0.002128483	0	0.002128483	0	0.002902477	0.021865325	0	0	0.208397833	3.86997e-4	0.064821981	0.009287926	0.005611455	1.93498e-4	0.05495356	1.93498e-4	0.013544892	0.02128483	0.034829721	0.029605263	0	0.041795666	0.033088235	5.80495e-4	0.023219814	0	0	0	0	0.001354489	0	0	0.003869969	0.003869969	0	3.86997e-4	0	1.93498e-4	0.002128483	0	0.012770898	0.034249226	0.119582043	0.00870743	0.001354489	0	0	0	0
CRC.27	0	7.70713e-4	7.70713e-4	0.001926782	0.031213873	0.017341041	0	3.85356e-4	0	3.85356e-4	0	0.085549133	0	0.024662813	0	0.001926782	0	3.85356e-4	0	0.003853565	0.001926782	0	0	0.001541426	0	0	0	0	0.002697495	0	0.018111753	0.001541426	0	0.002312139	0	0.031213873	7.70713e-4	7.70713e-4	0	0	0	0.067052023	0.004238921	0	0	0.105587669	0.002312139	0.094026975	0.028901734	0.006936416	0.001156069	0.02504817	0	0.010404624	0.020038536	0.01849711	0.060500963	0	0.136416185	0.05433526	0.026204239	0.031984586	0	0	0	0	0.014258189	0	0	0.001541426	0.004238921	0.002312139	0	0	0	0.003853565	0	0	0	0.045086705000000005	0	0.001541426	0	0	0	0
CRC.169	0	0.021691176	0	0	0.055882353	0.011029411999999999	3.67647e-4	3.67647e-4	0	0.001102941	0	0.202573529	0	3.67647e-4	3.67647e-4	0.001102941	3.67647e-4	0.001470588	0	7.35294e-4	0.024632353	0	0	7.35294e-4	0.001470588	0	0	0	0	0	0.001470588	0	0	0	0	0.001470588	0	0.001838235	0	0	0	0.002573529	7.35294e-4	0	7.35294e-4	0.075735294	0.001838235	0.177205882	0.001102941	0.004044118	3.67647e-4	0.031985294	0	0.008823529	0.014338235	0.013235294	0.025	7.35294e-4	0.177573529	0.029779412	0.001102941	0.072426471	0.005147059	0	0	0.008455882	0.005147059	0	3.67647e-4	0.008455882	0	0	0	0	0	0.001102941	0	0	0	0	0	0	0	0	0	0
CRC.231	2.14087e-4	2.14087e-4	0	0	0.057803468	0.006422608	2.14087e-4	0.001284522	0	0.001926782	0.001712695	0.12160137	2.14087e-4	0.004281738	0	0	0	0.001498608	0.040034254	0.0278313	0.057589381	2.14087e-4	0.001070435	6.42261e-4	0.002997217	0	2.14087e-4	0	0	0	0.001070435	0.002569043	0	0	0.002569043	0.007707129	0	0.007921216	0	0	0	0.032755299	0.014557911	0	0	0.053307643	0.001498608	0.072147292	0.004281738	0.005138086	2.14087e-4	4.28174e-4	0	0.002569043	0.065938771	0.016484693	0.043887818	0.001284522	0.012845215	0.056733034	0.003853565	0.036180689	0.129522586	0	0	0	0.007493042	0	0	0	0	0.001070435	0	4.28174e-4	0	0.003639478	0	4.28174e-4	2.14087e-4	0.047741383	6.42261e-4	0	0	0	0	8.56348e-4
CRC.119	0	0	8.84564e-4	0	0.067226891	1.47427e-4	0.002358838	0	0	0	0	0.024030665	0	0	0	1.47427e-4	0	2.94855e-4	0	0.001769129	1.47427e-4	0	0	0	2.94855e-4	0	0	1.47427e-4	0	0	0	4.42282e-4	0	7.37137e-4	0	0.011941618000000001	0	0.001031992	0	0	0	0.001769129	0.002358838	0	2.94855e-4	0.141530296	0	0.338788147	0.02034498	0.031696889	2.94855e-4	0.005012531	0	0.065900044	0.047766475	0.006339378	0.017249005	0	0.117352204	0.011794191	0.006634233	0.034203155	0	0	0	0.029485478	7.37137e-4	0	0	0.005159959	0.002063983	0	0	0	0	0	1.47427e-4	0	0	0	0	0	0	0	0	0
CRC.18	5.29101e-4	5.29101e-4	0	5.29101e-4	0.043915344	0	0	0	0	0	0.004761905	0.161904761	0.031216931	0.003174603	0	0.007936508	5.29101e-4	0.003174603	0	0.001587302	0.002116402	0	0	0	5.29101e-4	5.29101e-4	0	0.001058201	0	0	0.001058201	0	0	0.006349206	0	0.101058201	0	0.002116402	0	0	0	0.018518519	0.01005291	0	0	0.144973545	0.001587302	0.125925926	0.027513228	0.002116402	0	0.03015873	0	0.012169312	0.012698413	0.005820106	0.037566138	0	0.071957672	0.056613757	5.29101e-4	0.029100529	0.005291005	0	0	0	0.005291005	0	0	0.001058201	0.01005291	0	0	0.005820106	0	0.005291005	5.29101e-4	0	0	5.29101e-4	0	0.001587302	0	0	0	0
CRC.164	0	0	0	0	0.125318066	0.001590331	0	0	0	6.36132e-4	0	0.039122138	0	0	0	0	0	3.18066e-4	0	0.005089059	0.013676845	0	0	0	0	0	0	3.18066e-4	0	0	0	0	0	0	0	0.011768448	0	3.18066e-4	0	3.18066e-4	0	0.019083969	0.005725191	0	3.18066e-4	0.213740458	0.012086514	0.19370229	0.033715013	9.54198e-4	3.18066e-4	0.030852417	0	0.022900763	0.018447837	0.011768448	0.044211196	0	0.092239186	0.033396947	0.00413486	0.02735369	0.001590331	0	0	0	0	3.18066e-4	0.020356234	0.007633588	0	0	0	0	0	0	0	0	0	0	0	0	0	0	0	0
CRC.163	9.21376e-4	0.00460688	0	0	0.0497543	0.03470516	0	0	0.002149877	9.21376e-4	0	0.052825552	6.14251e-4	0.070945946	0.008906634	9.21376e-4	3.07125e-4	6.14251e-4	0	9.21376e-4	0.003992629	6.14251e-4	9.21376e-4	0	0	3.07125e-4	0	9.21376e-4	0	0	0.002149877	0.002149877	0	0	6.14251e-4	9.21376e-4	0	9.21376e-4	0	6.14251e-4	3.07125e-4	0.069103194	0.014127765	3.07125e-4	0	0.093673219	9.21376e-4	0.097665848	0.013820639	0.008292383	3.07125e-4	0.001535627	0	0.003071253	0.016584767	0.013513514	0.08046683	0	0.094287469	0.024570025	0.170761671	0.027948403	0	0	0	6.14251e-4	3.07125e-4	0	6.14251e-4	9.21376e-4	0	0	0	0	3.07125e-4	6.14251e-4	0	0.004299754	0.003992629	0.0024570020000000002	3.07125e-4	0.002149877	6.14251e-4	0	0	0.002457002
CRC.130	0	7.69428e-4	0	0	0.046678636	0.028212361999999998	0.001025904	2.56476e-4	0.003077712	7.69428e-4	0.003077712	0.09797384	0.013080277	0.123108489	0	2.56476e-4	2.56476e-4	2.56476e-4	0	0.004616568	0.016414465	0	0	0.002051808	0	2.56476e-4	0	0	0	2.56476e-4	0.001538856	0	0	0	0	0.0038471399999999998	0	0	0	0	0	5.12952e-4	5.12952e-4	0.001025904	0	0.069248525	2.56476e-4	0.183893306	0.019492177	0.017183893	0.010771993	0.034624263	7.69428e-4	0.071300333	0.018209797	0.004873044	0.007181329	0	0.141574763	0.008463709	0.001795332	0.032315978	0	0	0	0.00512952	0.007694281	0	0	0.002051808	7.69428e-4	0	0	0	5.12952e-4	0.010515517	0	0	0	0	0	0	0	0	0	0
CRC.100	4.42674e-4	0.008189464	2.21337e-4	0	0.123505976	0.025011066999999998	0.002213369	0	8.85347e-4	0	0	0.008189464	0	0	0.001106684	0	0	2.21337e-4	0	2.21337e-4	0	0	0	0	0	0	0	0	0.068835768	0	0.034307216	2.21337e-4	0	0	0	0.001106684	0	0.007304117	0	0	0	0.005533422	0.002656042	6.64011e-4	0	0.093625498	0.006861443	0.191677734	0.031208499	0.026339088	2.21337e-4	0.001328021	6.64011e-4	0.026339088	0.032979194	0.006640106	0.062416999	0	0.063966357	0.065958389	0	0.093404161	0	0	0	0	0.001328021	0	2.21337e-4	0.001106684	0	0	0	0	0	0	0	0	0	0	0	0	0	0	0	0
CRC.191	3.72995e-4	0.010443864	3.72995e-4	0	0.070123088	0.07459903100000001	0.003356956	3.72995e-4	0.004102947	0	0.002237971	0.031704588	0	0.002237971	0	0.001118985	0	0	0	0.008578888	0.004475942	0	0	3.72995e-4	0	3.72995e-4	0	0	0	0	0.014546811	0.007459903	0	0	0	0	0	0	0	0	0.003356956	0.027601641	0.030958597	0.003356956	0	0.089518836	0.002983961	0.132786274	0.032077583	0.01156285	3.72995e-4	0	0	0.014546811	0.034315554	0.019022753	0.241327863	0	0.025736665	0.03692652	0.014919806	0.030958598	0.002610966	0	0.002610966	0	3.72995e-4	0	3.72995e-4	7.4599e-4	0	0	0	0	0	0	0	0	0	0.002237971	0	0	0	0	0	0
CRC.173	0.002299812	8.36295e-4	8.36295e-4	0	0.029479406	4.18148e-4	0	0.009617395	0	0	0	0.026552373	0	0.001463517	0	0	0	0	0	4.18148e-4	0.003972402	0	0.001881664	0	8.36295e-4	0	0	0	0	0	0.005435919	0	0	2.09074e-4	0	0.026970521	0	0.041396613	0	0	0	0.002717959	2.09074e-4	0	0	0.094083211	2.09074e-4	0.29960276	0.00167259	2.09074e-4	0	0	0	0.002090738	0.314237926	0.003554255	0.007526657	0	0.004808697	0.028434037	0	0.037006063	0	0	0	4.18148e-4	0.047668827	0	0	2.09074e-4	0.001045369	0	0	0	0	0	0	0	0	0	0	0	0	6.27221e-4	0	0
CRC.109	0	0.037075827	0	0	0.095936322	4.18936e-4	6.28404e-4	0	0	0.003770423	2.09468e-4	0.257226644	0	0.001885212	2.09468e-4	0.0033514870000000002	6.28404e-4	8.37872e-4	0	0.030163385	0.014662757	0	0	0.001256808	0	0	0	0	0	0	2.09468e-4	0	0	0	0.001675744	0.00104734	0	0.010054462	0	0	0	0.022203603	0.006912442	2.09468e-4	0	0.080645161	0.00104734	0.193757855	0.037704231	0.006493506	0	0.007959782	6.28404e-4	0.012149141	0.014243821	0.003142019	0.062002514	0	0.038542103	0.0067029740000000004	2.09468e-4	0.025764558	0	0	0	0	2.09468e-4	0	0.009007122	0.002932551	0	0	0	2.09468e-4	0.001885212	6.28404e-4	0	0	0	0	0	0	0.00104734	2.09468e-4	0	0
CRC.205	0	0.004191115	0	0	0.082564962	0.001257334	0.001257334	0	0	0.003352892	4.19111e-4	0.114836546	0	0.002095557	0.004191115	0.00293378	0	0	0	0.041072925	0.003772003	0.001257334	0	4.19111e-4	0	4.19111e-4	0	0	0	4.19111e-4	0.002095557	0.002514669	0	0	0	0	0	0	0	0	0	0.035205365	0.003352892	0	0	0.102263202	0.002514669	0.200754401	0.01969824	0.01131601	8.38223e-4	0.019279128	0	0.006286672	0.031852473	0.00838223	0.0620285	0	0.04233026	0.013411567	0.018021794	0.122380553	0	0	0	0	0	0	0	4.19111e-4	0	0	0.001676446	4.19111e-4	4.19111e-4	0.005029338	0	0	0	0.012992456	0	0	0	0	0.007963118	4.19111e-4
CRC.55	0	0	0	0	0	0	0	0	0	0	0	0	0	0	0	0.047619048	0	0	0	0	0	0	0	0	0	0	0	0	0	0	0	0	0	0	0	0.142857143	0	0	0	0	0	0.095238095	0.095238095	0	0	0.19047619	0	0	0	0	0	0	0	0	0	0	0.047619048	0	0	0.047619048	0.238095238	0	0	0	0	0	0	0	0	0	0	0	0	0	0	0	0	0	0	0	0	0.095238095	0	0	0	0
CRC.183	0.001054482	0	0	0	0.008611599	0	0	3.51494e-4	0	0	0	0.067311072	0	0.002636204	0	0	0	0	0	0.006502636	8.78735e-4	1.75747e-4	0	0	0	0	0.001230228	0	0	0	0	3.51494e-4	8.78735e-4	0.003339192	0	0.00913884	0	0	0	0	0	0.001054482	3.51494e-4	0	0	0.129525483	0	0.130579965	0.002460457	0.016871705	0	1.75747e-4	0	0.002460457	0.174340949	0	0.001581722	0	0.005448155	8.78735e-4	0.017047452	0.011599297	0	0	0	0	0.002811951	0	1.75747e-4	0	1.75747e-4	0	0	0	0	0	0	0.008260105	0.001581722	0.367135325	0.01599297	0	0	0	0	1.75747e-4
CRC.116	0	0.001768034	0.00106082	0	0.04738331	0.055869872	0.00106082	0	0.002121641	0	0	0.021570014000000002	0	0	0	0	3.53607e-4	0	0	0.007425743	3.53607e-4	7.07214e-4	0	0	0	0	0	3.53607e-4	0.002475248	0	0	0	0	0	0	0.001768034	0	7.07214e-4	0	0	0.00106082	0.073550212	0.039603961	7.07214e-4	0	0.085572843	7.07214e-4	0.084865629	0.027934936	0.011669024	0	0.014851485	3.53607e-4	0.004950495	0.079207921	0.012022631	0.131188119	0	0.035714286	0.164780764	0.024045262	0.055162659	0	0	0	0	0.001414427	0	0	0	0	0	0	0	0	3.53607e-4	0	0	0	3.53607e-4	0	0	0	0	0	0
CRC.87	0	0.036663465	0	0	0.108389369	0.003522254	0	1.60102e-4	0.002881844	0	0	6.4041e-4	0	0	0	0	0	0	0	0	1.60102e-4	0	0	0	0	0	0	0	0	0	0	0.008965738	0	0	0	1.60102e-4	0	0.006564201	3.20205e-4	6.4041e-4	0	0.080691643	0.004963176	0	0	0.078130003	3.20205e-4	0.088536663	0.017931476	0.006884406	1.60102e-4	0	0	0.003522254	0.056676273	0.018892091	0.176272815	0	0.008805636	0.061959654	0.078930516	0.086295229	0	0	0	1.60102e-4	0	1.60102e-4	0.033461415	0.020653218	0	0	0	0	0	0	0	0	0	0.001761127	0	0	0.002401537	0	0	1.60102e-4
CRC.88	0	0	0	0	0.117647059	0	0	0	0	0	0	0	0	0	0	0	0	0	0	0	0	0	0	0	0	0	0	0	0	0	0.058823529	0	0	0	0	0	0	0	0	0	0	0.117647059	0.058823529	0	0	0.058823529	0	0.235294118	0.058823529	0	0	0	0	0	0.117647059	0	0.058823529	0	0	0	0	0	0	0	0	0	0	0	0	0	0	0	0	0	0	0	0	0.117647059	0	0	0	0	0	0	0	0
CRC.139	0	8.13008e-4	0	0	0.043902439	8.13008e-4	0	0	2.71003e-4	0	2.71003e-4	8.13008e-4	0	0.002710027	0	0	0	0	0	0.001897019	0	0	0	0	0	0	0	0	0	0	0	0.002439024	0	0.001897019	0.001084011	0.03495935	0	5.42005e-4	0	0	2.71003e-4	0.164769648	0.018428184	0	2.71003e-4	0.12195122	0.004336043	0.075067751	0.007317073	0.010298103	0	8.13008e-4	0	0.011382114	0.009756098	0.021409214	0.034146341	0	0.068292683	0.032249322	0.053658537	0.024119241	0	0	0.002168022	0	0.00298103	0	0.013279133	0.013821138	0.009485095	0	0	0	0	2.71003e-4	0	0.027100271	0.00704607	0.109485095	0.030894309	2.71003e-4	5.42005e-4	0	0.004336043	2.71003e-4
CRC.166	0	0	0	0	0.1264637	0.043618267	0.004098361	2.9274e-4	0	0	2.9274e-4	0.012880562	8.7822e-4	0	0	0	0	0	0	0.00263466	0	5.8548e-4	0	0	0	8.7822e-4	0	0	0	0	0.00234192	0	0	0	0.003220141	0.008782201	0.0014637	0.00204918	0	0	2.9274e-4	0.036007026	0.0014637	8.7822e-4	0	0.116217799	0.00175644	0.346604215	0.042740047	0.005269321	2.9274e-4	2.9274e-4	0	0.00204918	0.022248244	0.007318501	0.096311475	2.9274e-4	0.009953162	0.036007026	0.009367681	0.046838407	0	0	0	0	0	0	0	5.8548e-4	2.9274e-4	0	0	0	0	0.0014637	0	0	0	8.7822e-4	0	0	0	0	0	8.7822e-4
CRC.77	3.84517e-4	0.006536785	3.84517e-4	1.28172e-4	0.074980774	0.012817226	3.84517e-4	0.004101512	0	0.001409895	1.28172e-4	0.10151243300000001	0	0.001794412	0	0.007305819	0.001538067	0.001666239	0	0.010638298	0.008715714	0	0.002691618	2.56345e-4	1.28172e-4	0	1.28172e-4	0	0	3.84517e-4	0.001281723	8.97206e-4	0.002178928	0.001922584	0	0.063188925	1.28172e-4	0.00281979	0	0	0	0.00961292	0.019738529	0.002050756	1.28172e-4	0.140220456	3.84517e-4	0.078825942	0.031658549	0.001409895	0	0.049602666	0	0.001025378	0.037426301	0.004870546	0.065752371	1.28172e-4	0.061266342	0.08151756	0.010381953	0.023968213	1.28172e-4	0	0	0	0.019482184	0	1.28172e-4	3.84517e-4	0.002050756	0	3.84517e-4	0	3.84517e-4	8.97206e-4	0	0.00794668	0.002691618	0.014867983	0.007305819	8.97206e-4	0	0	5.12689e-4	1.28172e-4
CRC.86	0	0.046372068	0	0	0.084560829	0.045008183	0.002727769	2.72777e-4	0	0	0	0.010911075000000001	0	0.001363884	0	0	0	0	0	8.18331e-4	5.45554e-4	0	0.001909438	8.18331e-4	0	0	0	5.45554e-4	0.021003819	2.72777e-4	5.45554e-4	0.015002728	5.45554e-4	2.72777e-4	0	0.031096563	0	0.001909438	0	0	0	0.02264048	0.015002728	0.001636661	0	0.083469722	0.004909984	0.137752319	0.021003819	0.012547736	0	0.005182761	0	0.01827605	0.08101473	0.005455537	0.038188762	0	0.066557556	0.07228587	0.034915439	0.077195854	0.001091107	0	0	0	0.007637752	0.019639935	0	0	0	0	2.72777e-4	0	0	0	0	0	0	0	0	0	0	0	0	0
CRC.175	0	0.053030303	0	0	0.022727273	0.015151516	0	0	0	0	0	0.18181818100000002	0	0	0	0	0	0	0	0.007575758	0	0	0	0	0	0	0	0	0	0	0	0	0	0	0.007575758	0	0	0	0	0	0	0.015151515	0.053030303	0	0	0.053030303	0	0.03030303	0	0	0	0	0	0.03030303	0	0.143939394	0.053030303	0	0.068181818	0.113636364	0.053030303	0.03030303	0	0	0	0	0.03030303	0	0	0	0	0	0	0	0	0	0	0.022727273	0	0	0.015151515	0	0	0	0	0
CRC.23	2.85714e-4	0	0.001714286	0.020285714	0.052285714	0.014571429	0.002857143	0	0	0.030571429	0	0.025142857	0	0	0	0.002285714	2.85714e-4	0	0.003142857	0.002	0.004	0	0	0.001142857	0	5.71429e-4	0	0	0	0	0.005142857	2.85714e-4	0	2.85714e-4	0	0.022	0.004	0.008285714	0	0	8.57143e-4	0.056285714	0.022285714	0	0	0.108571429	8.57143e-4	0.183142857	0.018	8.57143e-4	0.003142857	0	2.85714e-4	0.038	0.05	0.006571429	0.091714286	0	0.003428571	0.106285714	2.85714e-4	0.089428571	0.007142857	0	0	0	5.71429e-4	0	0	8.57143e-4	0.001714286	0	0	2.85714e-4	0	0	0	0	0	0.002285714	0	0.002285714	0	0	0	0
CRC.105	0.00454622	0	0.003199192	0.001347028	8.41893e-4	5.05136e-4	3.36757e-4	0	1.68379e-4	0	5.05136e-4	0.002188921	0	0.002862435	0	0	0	0	0	0.002694056	0.001683785	0	1.68379e-4	0	1.68379e-4	0	3.36757e-4	0	0	0	0	0.033507324	0.003704327	0.001010271	0	0.634955379	0	0	0	3.36757e-4	0	0.001010271	0.001683786	0	0	0.004377841	0	0.00336757	3.36757e-4	0	0	0	0	3.36757e-4	0.001852164	3.36757e-4	0.001347028	0	0.002357299	0.002020542	0.006061627	0.001347028	1.68379e-4	0	0	0	0.001515407	0	0	0	0.011786496	1.68379e-4	0	0	0	0.005388112	0	1.68379e-4	0	0.249873716	0	0.001010271	0	0	0	0
CRC.10	3.50508e-4	0	0	0	0.07360673	0.0031545740000000003	0	3.50508e-4	7.01016e-4	0	0	0.0070101650000000005	7.01016e-4	0.030494217	0	0	0	0	3.50508e-4	3.50508e-4	0	0	0	0	0	0	0	0	0	0	0.010164739	0	0	3.50508e-4	0	0.010865755000000001	7.01016e-4	0.004556607	0	0	0	0.026989134	0.009814231	0	0	0.155976165	0.003505082	0.233087978	0.009463722	0.02383456	0.001752541	0.005257624	0	0.02383456	0.018226428	0.010865755	0.076060287	7.01016e-4	0.120925342	0.022082019	0.055380301	0.036803365	0.001402033	7.01016e-4	0	0	0.00595864	0	0	3.50508e-4	0.001402033	0	0	0	0.001752541	0	0.001752541	0	0	0.004206099	0	7.01016e-4	3.50508e-4	0	0	0
CRC.141	0	0.001037075	0	2.59269e-4	0.061705989	0.0051853770000000006	0.001555613	0	0	0.032149339	2.59269e-4	0.046149858	0	0	0	5.18538e-4	5.18538e-4	0	0	0.002074151	0.006222453	0	0	0	2.59269e-4	0.005185377	0	0	0	5.18538e-4	0.001296344	0	0	0	0	2.59269e-4	0	0.007259528	0.001037075	0	0	0.115374644	0.008815141	0	0	0.230749287	2.59269e-4	0.119522945	0.054187192	0.004407571	0	0.057557687	0	0.007000259	0.02514908	0.009852217	0.068187711	0	0.015556132	0.050298159	0.005444646	0.028519575	0.015556132	0	0	0	5.18538e-4	0	0	0.002851957	0	0	0	0	0	0.003889033	0	0	0	0	0	0	0	5.18538e-4	0	0
CRC.52	6.84697e-4	6.84697e-4	0	0	0.144128723	0.005477576	0.005477576	0.001027046	0	0	6.84697e-4	0.055802806999999996	0	0.00239644	0	0	0	6.84697e-4	0	0.01609038	0.005819925	0	0	0	0	0	0	0	0	0	0.015063334	3.42349e-4	0	0.001027046	0	0.005819924999999999	0	0.036631291	0.001027046	0	0	0.014720986	0.006504622	0	0	0.066073263	3.42349e-4	0.174597741	0.028757275	0.006504622	3.42349e-4	6.84697e-4	0	0.019856214	0.05751455	0.007874016	0.042793564	0	0.078740157	0.085929476	0.013009243	0.067100308	0	0	0	0	0	0	0.015748031	0.010270455	6.84697e-4	0	0	0	3.42349e-4	6.84697e-4	0	0	0	0	0	0	3.42349e-4	0	0	0
CRC.215	0	0.011603376	0	0	0.07621308	0.035601265	0.005274262	0.001054852	0	0	0	0.013713079999999999	0	0	0	0	0	0	0	0	0	2.63713e-4	5.27426e-4	0	0	0	0	0	0	0	0	0	0	2.63713e-4	0	0.002900844	0	0	0	0	0	0.070938819	0.017405063	5.27426e-4	0	0.090189873	0.003955696	0.200685654	0.023734177	0.009229958	0	0.001318565	0	0.005801688	0.0625	0.003691983	0.044303797	0	0.011075949	0.138976793	0.108649789	0.049314346	2.63713e-4	0	0	0	0	2.63713e-4	0	0	0	0	0	0	0	0	0	2.63713e-4	2.63713e-4	0.001845991	0	0	0	0	0	0
CRC.198	2.55428e-4	0	0	0	0.143295019	0	0	0.001787995	0	0	0	0.002809707	0	2.55428e-4	0	2.55428e-4	0	0	0	0.001277139	0	0	7.66284e-4	0.001787995	0	0	7.66284e-4	0	0	0	0	0	2.55428e-4	2.55428e-4	0	5.10856e-4	0	0.001787995	0	0	0	0.003320562	0.0015325669999999999	0	0	0.079948914	0.001532567	0.347126437	0.00357599	0.048275862	0	0.032183908	0	0.004342273	0.060536398	0.002298851	0.021200511	0	0.023499361	0.006130268	7.66284e-4	0.032694764	0	0	0	0	0.001787995	0	0	2.55428e-4	0	0	0	0	0	0	0	0.004597701	2.55428e-4	0.143805875	0.001532567	0	0	0	0	0
CRC.12	0.002219756	0.008879023	0.001664817	0	0.079356271	0.012208657000000001	5.54939e-4	0	0.003329634	0	0	0.008879023	0	0.002219756	5.54939e-4	0	0	0	0	0	0	0.001664817	0	0	0	0	0	0	0	0	0	0.002774695	0	5.54939e-4	0	0.0055493899999999995	0	0	5.54939e-4	0	0	0.041065483	0.017203108	0	0	0.158157603	0.001664817	0.150388457	0.017758047	0.00554939	0	0.006104329	0	0.01609323	0.028856826	0.038290788	0.199778024	0	0.01054384	0.064372919	0.034961154	0.043285239	0.016648169	0.001109878	0	0	0.008324084	0	0	0	0.002219756	0	0	0	0	0	0	0.001664817	0	0.0016648169999999999	0	0.001109878	0	0	0	0
CRC.42	0	0	0	0	0.08988764	0.003210273	0	0	0	0.040930979	0.087479936	0.071428572	0	0.052166934	0	0	0	0	8.02568e-4	0	8.02568e-4	0	0	0	0	0.001605136	0	0	0.003210273	0	0.006420546	0	0	0	0	0.004012841	0	0.002407705	0	0	8.02568e-4	0.018459069	0.006420546	0	0	0.05858748	0.002407705	0.105136437	0.019261637	8.02568e-4	0	0.004012841	0	0.001605136	0.020064205	0.073836276	0.132423756	0	0.059390048	0.032905297	0.002407705	0.051364366	0	0	8.02568e-4	0	8.02568e-4	0	0	0	8.02568e-4	0	0	0	0	0	8.02568e-4	8.02568e-4	0.016853933	0.007223114	0.001605136	8.02568e-4	0.002407705	0	0	8.02568e-4
CRC.240	0.004561183	0.129600503	7.86411e-4	0	0.085404215	7.86411e-4	0.001730104	0.003774772	0	0	0	0.016357345	3.14564e-4	3.14564e-4	0	0	0	4.71846e-4	0	0.004875747	0.00361749	0	0	3.14564e-4	0	0	1.57282e-4	0	0	0	0.003774772	0	0	0	0	0.029569046	1.57282e-4	0.0246933	0	0	0	0.004246618	0.030355458	0	1.57282e-4	0.084775087	0	0.302453602	0.05017301	0.011009751	1.57282e-4	0	0	0.001572822	0.108367411	9.43693e-4	0.019817553	0	0.001730104	0.01887386	0.006134004	0.023435042	0	0	0	0.001887386	7.86411e-4	0	0.006291287	0.001730104	0.001258257	0	0	0	7.86411e-4	3.14564e-4	0	0	0	0.001887386	0	0	0	0.001730104	0.002516515	0
CRC.58	6.0036e-4	2.0012e-4	0	0	0.047428457	0.004002401	0.0010006	4.0024e-4	0	0	0	0.130078047	0	0.002201321	0	0	0.002001201	2.0012e-4	0	0.02761657	0.008805283	0	0.001801081	0	4.0024e-4	0.0010006	0	0	0	0	2.0012e-4	0	0	4.0024e-4	0	0.0010006	0	0.002801681	0	0	0	0.022213328	0.003201921	0	0	0.060236142	0.003201921	0.207124275	0.014408645	0.007804683	4.0024e-4	0.015209125	0	0.014408645	0.011406844	0.013207925	0.090054032	0	0.079647789	0.146287773	0.002801681	0.034220532	6.0036e-4	0	0	0	0.025415249	0	0	8.0048e-4	0	0	2.0012e-4	0	6.0036e-4	0.012407444	0	0	0	6.0036e-4	0	0	0	0	0	0
CRC.233	0	2.14638e-4	4.29277e-4	0	0.056235244	6.43915e-4	4.29277e-4	0	0	0.00257566	0	0.265722258	0	6.43915e-4	0	0.00257566	0	2.14638e-4	0	0.005365958	0.008156257	0	4.29277e-4	0	0	6.43915e-4	0	0	0	0	0.001502468	0.001073192	0	2.14638e-4	0	0.00515132	0	0.003004937	0	2.14638e-4	2.14638e-4	0.030693282	0.00901481	0	0	0.066752522	0.003004937	0.108821636	0.01159047	0.005365958	0	0.004078128	0	0.016956428	0.0128783	0.147671174	0.0386349	2.14638e-4	0.036488517	0.091865207	0.011805108	0.031337197	0.002361022	0	0	0	0.004722043	0	0.002146383	8.58553e-4	0.00257566	0	2.14638e-4	2.14638e-4	2.14638e-4	0	0	0	0	4.29277e-4	0	0	0	0	0	0
CRC.171	0	0	0	0	0.041758242	0.001373626	2.74725e-4	0.002197802	0	0.003571429	0.001373626	0.029945054999999998	0	0.003021978	0	0	0	0	2.74725e-4	0.001373626	0	0	2.74725e-4	0	0	0	0	0	0	0	0.005769231	8.24176e-4	0	0	0	0.001648352	0	0.001373626	2.74725e-4	0	0	0.020604396	0.018131869	0	0.001923077	0.056868132	0	0.172527473	0.009065934	0.006868132	5.49451e-4	8.24176e-4	0	0.006318681	0.077197802	0.042857143	0.099175824	0	0.007142857	0.273076923	0.022252747	0.062087912	0	0	8.24176e-4	0	0	0	8.24176e-4	0	0	0	0	0	0	0	0	0	0	0	0	0	0	0	0	2.74725e-4
CRC.53	5.35977e-4	0.001473938	0	0	0.072758944	0.013399437	1.33994e-4	1.33994e-4	0	0	0	0.061637410999999996	0	0.001071955	0	0	2.67989e-4	5.35977e-4	0	0.006565724	0.005091786	4.01983e-4	0.002813882	4.01983e-4	1.33994e-4	0	0	0	0	2.67989e-4	0.009647595	0	0	4.01983e-4	0	0.006565724	0	0.004421814	6.69972e-4	0	0	0.001875921	8.03966e-4	0	0	0.041806244	6.69972e-4	0.153959534	0.010451561	0.01286346	0	0.001339944	0	0.002009916	0.047434008	0.008039662	0.016481308	0	0.109339408	0.041538255	4.01983e-4	0.028406807	0	1.33994e-4	0	0	0.037518424	0	0	0	0	0	0	0	0.001071955	6.69972e-4	0	0	0	5.35977e-4	0	0	0	0	0.003617848	0
CRC.44	3.01432e-4	0	9.04295e-4	0.001959307	0.0720422	0.006330068	0.002110023	0	0	0.00844009	1.50716e-4	0.015373022	0	0.001507159	0	0	0	0	0	1.50716e-4	7.5358e-4	0	0	0	0	0	0	1.50716e-4	1.50716e-4	0	0.008892238	0.004822909	0	0.001507159	0	0.010097966	7.5358e-4	0.012057272	0	0	0	0.028033157	0.02170309	0	0	0.078372268	0.001055011	0.140768651	0.029238885	0.005275057	1.50716e-4	0.003918613	1.50716e-4	0.011002261	0.026073851	0.024415976	0.13639789	0	0.16066315	0.086209495	0.006330068	0.054107008	1.50716e-4	0	0.004220045	0	0.022456669	0.001657875	0.003617182	1.50716e-4	1.50716e-4	1.50716e-4	0	0	0	7.5358e-4	0	1.50716e-4	0	0	0	0	9.04295e-4	0	1.50716e-4	4.52148e-4
CRC.93	0	0	0	0	0.068060498	0.002224199	0.002669039	0.001779359	0	0.003558719	0	0.041370106000000004	0	4.4484e-4	0	0.011565836	0	0	0	4.4484e-4	0.005338078	0	0	4.4484e-4	0	0	0	0	0	4.4484e-4	0.06183274	4.4484e-4	0	0	4.4484e-4	0.002224199	0	0.001779359	0	0	0	0.018683274	0.00133452	0	0	0.068950178	8.8968e-4	0.106761566	0.019572954	0.015569395	0	0.009786477	0	0.016903915	0.03247331	0.052935943	0.18816726	0	0.059608541	0.119217082	0.020017794	0.055160142	0	0	0.003113879	0	0	0	4.4484e-4	0.00133452	0	0	0	0	0	0	0	0	4.4484e-4	0.001779359	0	0	0	0	0	0
CRC.35	9.7371e-4	0.022395326	0.006329114	0.005355404	0.243914314	0.012171373	0.00194742	0	9.7371e-4	0	4.86855e-4	0.00194742	0	0.003894839	0.001460565	4.86855e-4	0	0	0.003894839	0	0	0	4.86855e-4	0	0	0	0	0	0.037000974	0	0.09104187	0.005355404	0	0.010710808	0	0.034079844	0	0.001460565	0	0	0	0.001460565	0.003407984	4.86855e-4	0	0.038948393	0	0.205452775	0.022395326	0.016553067	0	0	0	0.066212269	0.021908471	0.00194742	0.010710808	0	0.010223953	0.018987342	0.001460565	0.085686465	0	0	4.86855e-4	0	0	0	0	4.86855e-4	0	0	0	0	0	0	0	0	0	4.86855e-4	0	0.001460565	0	0	0	0
CRC.39	0	0.115322725	4.46987e-4	0.00107277	0.083497229	8.93975e-4	4.46987e-4	0.002503129	0	0	8.94e-5	0.050777758	0	8.93975e-4	0	9.83372e-4	0	0	0	0.006168425	0.002056142	0	3.5759e-4	4.46987e-4	0	0	0	0	0	4.46987e-4	2.68192e-4	8.94e-5	0	2.68192e-4	0.003754693	0.016985517000000002	8.94e-5	8.04577e-4	0	0	0	0.047023065	0.005810835	0	2.68192e-4	0.087788307	1.78795e-4	0.271231897	0.012783837	0.004469873	4.46987e-4	5.36385e-4	8.94e-5	0.008224566	0.063472197	0.005810835	0.032630073	0	0.043178974	0.017074915	0.011889862	0.072143751	8.04577e-4	0	0	0	0.012158055	0.004380476	2.68192e-4	6.25782e-4	6.25782e-4	0	0	0	1.78795e-4	0	9.83372e-4	8.94e-5	1.78795e-4	0	8.94e-5	6.25782e-4	8.94e-5	7.1518e-4	0	0.001251564
CRC.80	0	0	0	0	0.04515692	0.013998645	0.002257846	0	9.03138e-4	0.002257846	0	0.193723188	0	9.03138e-4	0	0	0	0	0	0.001806277	0.004741477	0	2.25785e-4	0	2.25785e-4	4.51569e-4	0	0	0	2.25785e-4	4.51569e-4	0	0	0	0	4.51569e-4	4.51569e-4	0.032738767	0	0	0	0.006321969	4.51569e-4	2.25785e-4	0	0.120343193	4.51569e-4	0.22081734	0.032287198	0.008805599	0	0	2.25785e-4	0.046285843	0.017385414	0.007902461	0.109053963	0	0.035899752	0.038609167	0	0.039512305	0	0	0	0	0.007225107	0.00541883	0	4.51569e-4	0	0	0	0	0	0	0	0	0	0	0	0	0	0	0	0
CRC.224	0	0.131570356	0	0	0.044727391	0.013222331	0	0	4.89716e-4	0	0	0.012079661	3.26477e-4	1.63239e-4	0	4.89716e-4	0	1.63239e-4	0	9.79432e-4	0.001305909	0	0	8.16193e-4	0	0	0	0	0	0	0	0	0	0	0	0	0	0	0	0	0	0.002938296	4.89716e-4	0.002775057	0	0.060235064	0	0.326803787	0.017629775	0.018119491	0	0.002611818	0	1.63239e-4	0.050440744	0.003754489	0.023343128	0	0.235716618	0.015344434	1.63239e-4	0.02546523	0	0	0	3.26477e-4	0.001142671	0	0	0	1.63239e-4	0	0	0	0	4.89716e-4	0	0	0	0.002611818	0	0	0	0.002285341	0	0
CRC.140	6.03865e-4	0.028985507	0.003321256	0	0.082125604	0.055555556000000006	3.01932e-4	0.005736715	0.005736715	0	0	0.153985508	0.001811594	6.03865e-4	0	0	3.01932e-4	0	0	0.001509662	0.003925121	0	0.002717391	6.03865e-4	0	0	0	0	0	0	0.007548309	0	0	0	0	0.009661836	0	0.004528986	0.002415459	0	0	0.002717391	0.002415459	0	3.01932e-4	0.106582126	0.006642512	0.129528986	0.021135266	0.036231884	0	0.01660628	0	0.004830918	0.082125604	0.01781401	0.013285024	0	0.064311594	0.054649758	0	0.036231884	0	0	0	0	0.014190821	0	0	3.01932e-4	0	0	0	0	0	0.002717391	0	0	0	0.002113527	3.01932e-4	0	0	0	0.01147343	0
CRC.36	0.0012171	0.042750647	0.001369238	0.001673513	0.195496729	0.011866727	4.56413e-4	1.52138e-4	0	1.52138e-4	3.04275e-4	0.066027689	0.001977788	7.60688e-4	0	3.04275e-4	6.0855e-4	1.52138e-4	6.0855e-4	6.0855e-4	0.003347026	0	0	3.04275e-4	3.04275e-4	0	0	1.52138e-4	0	0	0.00182565	6.0855e-4	0	0.039403621	0	0.175262437	0.0012171	0.002129925	0	0	0	0.004868401	0.002738476	0	0	0.020386429	0	0.088544044	1.52138e-4	0.014605203	0	3.04275e-4	0	6.0855e-4	0.084132055	0.001673513	0.006085501	0	0.099802221	0.008367564	0.019321467	0.018560779	0	0	0	0.002282063	1.52138e-4	1.52138e-4	0.011866728	0.002282063	0.014453066	6.0855e-4	1.52138e-4	0	0	0.00182565	3.04275e-4	0.004564126	1.52138e-4	7.60688e-4	9.12825e-4	3.04275e-4	0	0	0	0
CRC.65	1.14639e-4	0	0	0	0.053880546	0.014788490000000001	0	0	1.14639e-4	0.006993007	0.077152356	0.09927777099999999	0.005273415	0.027398831	0	3.43918e-4	1.14639e-4	0	0	0.003095265	0.001834231	6.87837e-4	0	2.29279e-4	1.14639e-4	8.02476e-4	1.14639e-4	2.29279e-4	0.003783102	0	0.001261034	0	0.001146395	4.58558e-4	0	0.014444572000000001	0	6.87837e-4	0	0.004929497	6.87837e-4	0.061102832	0.004585578	0	0	0.053536627	0.001146395	0.165768658	0.013871375	0.003324544	2.29279e-4	0.009515075	2.29279e-4	0.038977416	0.015590966	0.028201307	0.076120601	0	0.036569987	0.105124384	0.001490313	0.049065688	0	0	0	0	0.003209905	1.14639e-4	2.29279e-4	1.14639e-4	0.001719592	0	0	0	1.14639e-4	3.43918e-4	0	0	1.14639e-4	0	0	3.43918e-4	2.29279e-4	1.14639e-4	0	0
CRC.22	2.30574e-4	0.002536315	6.91722e-4	0.004150334	0.093382522	4.61148e-4	0.011759281	0.006225501	0	0	0	0.017754208	2.30574e-4	0.001383445	4.61148e-4	0	0	0	0	0.001614019	0.001614019	0	4.61148e-4	0	0	0	0	0	0	9.22297e-4	6.91722e-4	4.61148e-4	0	2.30574e-4	0	0.013834447	9.22297e-4	4.61148e-4	2.30574e-4	0	0	0.015217893	0.006917224	0	0.002075167	0.12727692	0.001614019	0.234263316	0.012681577	0.026516025	0.002075167	0.005764353	0	0.009222965	0.037122435	0.014987318	0.115287065	0	0.02513258	0.026516025	0.077011759	0.082545538	2.30574e-4	0	0	0	0.005994927	0	2.30574e-4	0	4.61148e-4	2.30574e-4	0	0	0	0	0.003228038	0	0	4.61148e-4	0	2.30574e-4	0	0	0	0
CRC.43	2.48344e-4	0.107698675	4.13907e-4	2.48344e-4	0.036837748	0.004801324	0.001241722	8.28e-5	0	0	0	0.015231788	0	5.7947e-4	0	0.001572848	0	0	9.93377e-4	0.005298013	4.13907e-4	0	8.28e-5	0	0	0	0	0	0	8.28e-5	8.28e-5	0	0	0.002152318	9.10596e-4	0.081539735	0	0.004801325	0	0	0	0.004304636	0.002235099	0	0	0.051738411	0.002317881	0.306456954	0.04031457	0.03352649	0	1.65563e-4	0	0.012168874	0.01763245	0.005711921	0.047847682	2.48344e-4	0.040811258	0.068460265	7.45033e-4	0.084850993	0	0	0	0	0.00115894	0	8.28e-5	3.31126e-4	9.10596e-4	8.28e-5	0	0	0	6.62252e-4	8.27815e-4	0	0	3.31126e-4	0	9.10596e-4	0	0.005960265	2.48344e-4	0
CRC.192	5.12689e-4	0.067162266	0	0	0.087926173	2.56345e-4	0.001281723	0.004614201	0	0	0	0.00281979	0	0.00281979	0	0	0	0	0	2.56345e-4	0.002050756	0	0	0	0	0	0.003845168	0	0	0	0.009997437	0.011279159	0	0.001794412	0	0.005383235	0	0.001281723	0	2.56345e-4	0	0.025121764	0.019482184	0	0	0.061779031	0	0.244552679	0.016918739	0.008459369	0	0.001025378	0	7.69034e-4	0.023071007	0.009484748	0.013842604	0	0.006408613	0.129966675	0.139964112	0.010253781	5.12689e-4	0	0	0	0	5.12689e-4	0.052037939	0.019738529	0	0	0	0	0	0	0	0.004870546	5.12689e-4	0.002563445	0.001794412	0	0	5.12689e-4	0	0.001281723
CRC.216	0	0	0	0	0.089337176	0.008645533	0.011527378	0	0	0	0	0.011527378	0	0	0	0	0	0	0	0	0	0	0	0	0	0	0	0	0	0	0.011527378	0	0	0	0	0.002881844	0	0.005763689	0	0	0	0.008645533	0	0	0	0.083573487	0	0.590778098	0.008645533	0	0	0	0	0	0.083573487	0.005763689	0.002881844	0	0.002881844	0.002881844	0	0.066282421	0	0	0	0	0.002881844	0	0	0	0	0	0	0	0	0	0	0	0	0	0	0	0	0	0	0
CRC.229	0	0.06361829	0	0	0.080516899	0.013419483	0	0	0.002485089	0	0	0.036282306	0	0	0	0	0	0	0	0	0.001491054	0	4.97018e-4	0	0	0	0	0	0	0	0.002485089	0.001491054	0	0	0	0.013916501	0	9.94036e-4	0	0	0	0.006461233	0.001988072	0	0	0.093936382	0.001988072	0.154075547	0.021371769	0.02584493	0	0.007952286	0	0.013419483	0.036779324	0.005964215	0.01888668	0	0.320079523	0.020377734	0.004970179	0.041252485	0	4.97018e-4	0	0.001988072	0.002982107	0	0	4.97018e-4	0	0	0	0	0	0	0	0	0	0	0	0	0	0	0	0
CRC.232	0	0.476190476	0	0	0	0	0	0	0	0	0	0.015873016	0	0	0	0	0	0	0	0	0	0	0	0	0	0	0	0	0	0	0.031746032	0	0	0	0	0	0	0	0	0	0	0.015873016	0	0	0	0.111111111	0	0.126984127	0.015873016	0	0	0	0	0	0.063492063	0	0.015873016	0	0	0	0.047619048	0	0	0.015873016	0	0	0	0	0	0	0	0	0	0	0	0	0	0	0	0.031746032	0	0	0	0.031746032	0	0
CRC.189	4.3554e-4	0.015679443	2.1777e-4	0	0.145688153	2.1777e-4	0	8.7108e-4	0	8.7108e-4	0	0.003919861	0	0.006315331	0	0	0	0	0	0.00195993	0.00152439	0	0	4.3554e-4	0	0	0	0	0	0	6.5331e-4	0	0	0	0	0.019381533	4.3554e-4	0.034625436	0	0	0	0.010888502	0.005226481	0	0	0.097996516	0.00195993	0.234538328	0.020252613	0.028092334	0	0.00261324	0	0.028310105	0.047691638	0.007839721	0.021994774	0	0.055749129	0.038980836	4.3554e-4	0.152221254	2.1777e-4	0	2.1777e-4	0	0.00152439	4.3554e-4	0	0	0	0	0	0	0	0	0	0	0	4.3554e-4	0	0	0	0.007839721	0	2.1777e-4
CRC.135	0	0	0	0	0.044649022	0.016800921	0	2.3015e-4	0	0	2.3015e-4	0.10310702	0	0	0	0	0	0	0	0.002071346	0	0.002531646	0	0	0	0	0	2.3015e-4	0	0	0.017491369	6.90449e-4	0	0	0	4.60299e-4	0	0.001380898	0	0	0	0.029459148	0.0018411970000000001	0	0	0.181818182	0.001841197	0.183659379	0.024395857	0.003682394	0.002301496	0.001150748	0	0.037284235	0.044418872	0.013348677	0.065132336	0	0.061680092	0.032681243	0.009896433	0.106789413	0	6.90449e-4	0	0	0.002991945	2.3015e-4	0	0	0.001150748	0	0	0	0	0	0	0	0	2.3015e-4	0	6.90449e-4	0	0	0	0
CRC.7	0	0	0	0	0	0.013157895	0	0	0	0	0	0.105263158	0	0	0	0	0	0	0	0	0.026315789	0	0	0	0	0	0	0	0	0	0	0	0	0	0	0.026315789	0	0	0	0	0	0.013157895	0	0	0	0.092105263	0	0.263157895	0.026315789	0	0	0	0	0.013157895	0.026315789	0.039473684	0.105263158	0	0.013157895	0.131578947	0.013157895	0.092105263	0	0	0	0	0	0	0	0	0	0	0	0	0	0	0	0	0	0	0	0	0	0	0	0
CRC.146	0	0.012316305	0	0.001679496	0.079776067	0.001259622	0	0.002939118	0	0.003358992	0	0.005738278	0	0	1.39958e-4	0	0	4.19874e-4	0	2.79916e-4	0	0	0	0	0	0	0	0	0	0	1.39958e-4	0.00139958	0	0	0.014835549	0.009377187	2.79916e-4	0	0	0	0	0.001539538	0.0019594120000000002	0	0	0.120223933	0	0.371448565	0.02253324	0.039888034	9.79706e-4	0.00139958	0	0.001959412	0.040727782	0.003638908	0.075157453	0	0.04156753	0.007417775	0.001119664	0.131280616	0	0	0	0	4.19874e-4	0	0	4.19874e-4	0	0	0	0	0	0	0	0	0	0	0	0	0	0	0	2.79916e-4
CRC.156	0	0.095410005	0	0	0.062403301	0.001289324	5.1573e-4	0	0	0.003352243	0	0.0077359460000000005	0	0.005157298	0	0.001289324	0	0	0	2.57865e-4	0.269468798	0	7.73595e-4	0	0	0	0	0	0	0	0.008767406	0	0	0	0.001547189	0.001547189	0	0	0	0	0	7.73595e-4	5.1573e-4	0	0	0.334450748	0	0.108818979	0.003094379	0.001547189	0	0	0	2.57865e-4	0.033264569	0.004125838	0.009283136	0	0.006704487	0.004899433	0.00103146	0.027333677	0	0	0	0.00103146	5.1573e-4	0	0	0	0	0	0	0	0	0.001547189	0	0	0	0	0	0	0	0	0	0
CRC.178	0	0.002521273	6.30318e-4	0	0.051055783	0.001260636	0	0	3.15159e-4	6.30318e-4	0	0.078789789	0	0.180271037	0	0	0	0	0	0.002521273	0.00378191	0	0	0	0	0	0	0	0.001575796	0	0.001260637	6.30318e-4	0	0.012291207	0	0.06775921800000001	0	6.30318e-4	0	0	6.30318e-4	0.020485345	3.15159e-4	0	0	0.065237945	0.002206114	0.17554365	0.020800504	0.009769934	0.014182162	0.017333754	0	0.009454775	0.017018594	0.01859439	0.047273873	0	0.068389537	0.034037189	0.001260637	0.047589032	0	0	0.004412228	0	0.003151592	0	0	0.004412228	3.15159e-4	0	0	0	0	0.004097069	0	0	0	3.15159e-4	0	0	0	0	0	0
CRC.25	7.85958e-4	0	7.85958e-4	0.001309929	0.034582133	0.014409222	0	0	2.61986e-4	0	0	0.03091433	0	0.002357873	0	0.001833901	0	5.23972e-4	0.002095887	2.61986e-4	7.85958e-4	0	0	7.85958e-4	5.23972e-4	0	0	0	0	0	2.61986e-4	0.010479434	0	0	0	0.106890228	0.002095887	0.018077024	0	0	0	0.023316741	0.005239717	2.61986e-4	0	0.053183128	2.61986e-4	0.193607545	0.02462667	0.025674614	0	0.002357873	0	0.003929788	0.022006812	0.003929788	0.057374902	0	0.25988996599999997	0.012313335	0.014671208	0.051873199	0	0	0	0.001047943	0.002095887	0	0	0	2.61986e-4	0	0	0	0	0	0.001309929	0	0	0.002357873	0	0.001833901	2.61986e-4	0	0	0.001309929
CRC.227	0	0.011769172	0	0	0.11047836	0.004176158	1.89825e-4	0	0	5.69476e-4	0	0.089787396	0	0.002088079	0	0.003986333	1.89825e-4	7.59301e-4	0	0.001708428	0.007213364	0	0	0.001898254	0	0	0	0	0	0	0	0	0	0	0	0.001898254	0	9.49127e-4	0	0	0	0.013287775	0.001518603	3.79651e-4	0	0.170463174	0.001898254	0.145216401	0.02657555	0.008542141	1.89825e-4	0.016514806	0	0.09984814	0.030561883	0.016324981	0.038534548	0	0.057137434	0.044798785	1.89825e-4	0.072892938	3.79651e-4	0	0	0	0.007213364	0	9.49127e-4	7.59301e-4	3.79651e-4	0	0	0	3.79651e-4	0.001138952	0	0	0	0.003606681	0	1.89825e-4	0	0	0	0
CRC.213	2.75457e-4	0.074281517	0	0	0.036543935	9.18e-5	0	6.42733e-4	0	0.001285465	9.18e-5	0.174915068	0	6.42733e-4	0	0.0019281980000000001	3.67276e-4	9.18e-5	0	0.006519144	0.005325498	0	9.18e-5	2.75457e-4	2.75457e-4	0	0.001285465	2.75457e-4	0	0	6.42733e-4	0.002387292	9.18189e-4	0	0	1.83638e-4	0	9.18189e-4	0	1.83638e-4	0	0.047562207	0.018180149	0	0	0.118813699	3.67276e-4	0.149389404	0.014415572	0.00771279	6.42733e-4	0.005233679	9.18e-5	0.028831145	0.025709301	0.001652741	0.026076577	2.75457e-4	0.072445138	0.077127904	0.062895969	0.019924708	0	0	0	0	0.00257093	0	0.002938206	9.18189e-4	2.75457e-4	0	9.18e-5	0	3.67276e-4	1.83638e-4	0	4.59095e-4	0.001193646	0.001652741	0	0	0	0	0	5.50914e-4
CRC.195	3.80989e-4	0.007810268	9.52e-5	0	0.047623583	1.90494e-4	2.85741e-4	8.57224e-4	9.52e-5	5.71483e-4	0	0.382417373	0	0.004762358	9.52e-5	0	0.001047719	0.006191066	0	0.023907039	0.031050576	0	1.90494e-4	2.85741e-4	1.90494e-4	0.004190875	0	0	0	0	0.001142966	0	0	1.90494e-4	2.85741e-4	0.022287837	0	0.008476998	0	0	0	0.0050481	0.010477188	0	0	0.057243547	0.001142966	0.061243928	0.041813506	0.00638156	0	0.019716163	0	0.008762739	0.064768073	0.023621297	0.031717306	0	0.02790742	0.035050957	0.0050481	0.040480046	0	0	0	0	0	0	0	0.001619202	0	0	0.006000571	0	6.6673e-4	0.001428707	0	9.52e-5	0	9.52e-5	0	0	0	0	4.76236e-4	9.52e-5
CRC.237	0	2.8397e-4	1.41985e-4	0	0.228311799	0.006389321999999999	5.6794e-4	0.003123669	0	0	0	9.93895e-4	0	4.25955e-4	0	0	0	0	0	1.41985e-4	0	0	0	0	0	2.8397e-4	0	0	0	0	4.25955e-4	0	0	0	0	5.6794e-4	0	0.025273321	0	0	0	0.002271759	0.0021297739999999996	0	0.001703819	0.123242936	8.5191e-4	0.159449098	0.016328269	0.002413744	0	0.001703819	0	0.017748119	0.222348431	0.001561834	0.009796962	0	0.012636661	0.005253443	0.004685503	0.065029107	0	2.8397e-4	0	0	0	0	0	1.41985e-4	0	0	0	0	0	0	0	0	0	0.082493256	0	0	0	2.8397e-4	0	0
CRC.214	0	0.039057525	0	0	0.067289323	0.037147102	8.49077e-4	2.12269e-4	0	0	0	0.00997665	0	0	0	0	0	0	0	0	0	0	4.24538e-4	2.12269e-4	0	0	0	0	0	0	0	8.49077e-4	0	0	0	2.12269e-4	0	0	0	0	4.24538e-4	0.005306729	0.002122692	6.36807e-4	0	0.109955423	0	0.31224793	0.017830609	0.024623222	6.36807e-4	0.026533645	0	0.005306729	0.02759499	0.004245383	0.011674804	0	0.064529824	0.019316493	0.010825727	0.032052643	0	0	0	0	0	0.151984717	0	0	0	0	0	0	0	0	0	0.008915305	2.12269e-4	0	0	0	0	0	0	0
CRC.234	0	0.005059022	0	0	0.077571669	0.018549747	0.003372681	0	0	0	0	0.016863407	0	0.011804384	0	0.003372681	0	0	0	0	0.001686341	0	0	0	0	0	0	0.001686341	0	0	0	0	0	0	0	0	0	0	0	0	0	0.018549747	0.015177066	0	0	0.166947723	0	0.220910624	0.074198988	0.005059022	0	0.011804384	0	0.010118044	0.020236088	0.059021922	0.015177066	0	0.053962901	0.032040472	0.015177066	0.087689713	0	0	0	0	0	0.005059022	0.028667791	0.018549747	0	0	0	0	0	0	0	0	0	0	0	0	0	0	0	0
CRC.186	0	0.002525253	0	0	0.179292929	0	0	0.003787879	0	0	0.001262626	0.018939394	0	0.001262626	0	0	0	0	0	0.001262626	0.002525253	0	0	0	0	0	0	0	0.170454545	0	0.023989899	0	0	0	0	0.012626263	0	0.01010101	0	0	0	0.015151515	0	0	0	0.056818182	0.003787879	0.224747475	0.03030303	0.016414141	0	0.011363636	0	0.02020202	0.017676768	0.001262626	0.023989899	0	0.012626263	0.012626263	0.032828283	0.065656566	0	0	0	0	0	0	0	0	0	0	0	0	0	0	0	0	0.001262626	0.022727272	0	0.001262626	0	0	0	0
CRC.197	3.43584e-4	0.001202543	0	0	0.020615015	8.589590000000001e-4	0.001202543	0	8.58959e-4	6.87167e-4	3.43584e-4	0.25442363900000003	0	0.05480158	0.001374334	1.71792e-4	0.001202543	0.001546126	0	0.037622402	0.02405085	0	0.001202543	0.003779419	0	0	0	0	0	0	0.005497337	5.15375e-4	0	0	0	0.001374334	0	0.011681842	0	0	1.71792e-4	0.016148428	0.003779419	0	0	0.065624463	8.58959e-4	0.051365745	0.004981962	0.008589589	0	0.009963924	0	0.018553513	0.015289469	0.026627727	0.178319876	0	0.035217317	0.023535475	0.005497337	0.047242742	0	1.71792e-4	0	0	0.019412472	0.011166466	3.43584e-4	0	8.58959e-4	0	1.71792e-4	0	0.001030751	0.017179179	0	0	0	1.71792e-4	3.43584e-4	0	0.010135716	0	1.71792e-4	5.15375e-4
CRC.188	0	0	4.81464e-4	4.81464e-4	0.084256139	0.002888782	4.81464e-4	4.81464e-4	0	0	0	0.021665864	0	0	0	0	0	0	0	4.81464e-4	0	0	0	4.81464e-4	0	0	0	0	0	0	0.003370246	0.002888782	0	0	0	9.62927e-4	0	0.004333173	0	0	0	0.066441984	0.051035147	0	0	0.10688493	9.62927e-4	0.201733269	0.009147809	0.037554165	0	0.001444391	0	0.021665864	0.044294656	0.003370246	0.035146846	0	0.103033221	0.059220029	0.031776601	0.100625903	0	0	0	0	0	0	0	4.81464e-4	0	0	0	0	0	0	0	0	0	0	0	0	0	0	4.81464e-4	0.001444391
CRC.172	7.92707e-4	0.134760206	3.96354e-4	0	0.084026952	0.021403092	0	0.004359889	0.01783591	0	3.96354e-4	0.024970273	3.96354e-4	0	0	0	0	0	0	0.001189061	3.96354e-4	0	3.96354e-4	0	0	0	0	0	0	0.003170828	0	0	0	0	0	0.020214031	0	0.005945303	0	0	0.001189061	7.92707e-4	0.003963535	7.92707e-4	0	0.138723742	0	0.250891795	0.045184304	0.007530717	0	0.005945303	0	0.044391597	0.078874356	0.003170828	0.007927071	0	0.046769719	0.011097899	0	0.017439556	0	0	0	0.005945303	0.007530717	0	0	0	0	0	0	0	0	0	0	0	7.92707e-4	0	0	0	0	0	0	0
CRC.210	4.4484e-4	0.011788256	0	0	0.096307829	0.029804271	0	8.8968e-4	0.002446619	0	0	0.12455516	2.2242e-4	0.002001779	0	0	0	4.4484e-4	0	0.002446619	0.004225979	0	2.2242e-4	2.2242e-4	0.002446619	0.002224199	0	0.00133452	0	0	2.2242e-4	0	8.8968e-4	0	0	0.006450178	0	4.4484e-4	0	0	0	0.035587189	2.2242e-4	0.00133452	0	0.140569395	0	0.137010676	0.012900356	0.008229537	0.0011121	0.03002669	0	0.020462633	0.049822064	0.005782918	0.009564057	2.2242e-4	0.18772242	0.018905694	4.4484e-4	0.021352313	0	0	0	0	0.011343416	0	0	2.2242e-4	0	0	4.4484e-4	0	4.4484e-4	4.4484e-4	0	0	0	0.010898577000000001	0	0	0	0	0	0
CRC.182	0	8.81446e-4	4.40723e-4	0	0.026002644	0.001983253	0	0	0	2.20361e-4	0	0.092551785	0.004186866	0.103569855	2.20361e-4	0.004627589	0	0.002864698	0.005288673	0.005509035	0.003746144	0	0	0.001101807	0.001322168	0.001322168	0	4.40723e-4	0.001101807	0	6.61084e-4	2.20361e-4	0	0	0	0.00484795	0	0.00154253	0	0	0	0.008594094	0.00154253	0	0	0.117452622	2.20361e-4	0.046496254	0.005068312	0.004847951	0	0.001101807	0	0.003085059	0.025121199	0.032613486	0.024900837	0	0.15976201	0.048699868	0.003966505	0.028206258	0.001983253	6.61084e-4	0	0	0.017628911	0	0	0.005288673	0.004407228	4.40723e-4	0	0	8.81446e-4	0.053547818	0	0	0	8.81446e-4	0	0.016967827	0	0	0	0
CRC.89	6.77048e-4	6.77048e-4	0	0	0.053035432	0.039494470000000004	0	0	0	0.057549086	0.006544798	0.047167682	0.001128413	0.003610923	0	0	6.77048e-4	2.25683e-4	0	0.001805462	0.002933875	0	9.02731e-4	0	0	0.001579779	0	2.25683e-4	0	0	0.013540961	0.018505981	0	0	0	0	0	0.004287971	4.51365e-4	0	2.25683e-4	0.038366057	0.012186865	4.51365e-4	6.77048e-4	0.080343038	0.00248251	0.175806816	0.020762807	0.006544798	0	0.001354096	0	0.018054615	0.022793952	0.026179192	0.071767095	0	0.068156172	0.064770932	0.007221846	0.122997066	0	0	0	6.77048e-4	6.77048e-4	0	0	4.51365e-4	0	0	0	0	0	4.51365e-4	0	0	0	0	0	0	2.25683e-4	0	2.25683e-4	2.25683e-4
CRC.24	0	0	0	0	0.087412587	0.017482517	0	0.001748252	0.003496503	0	0	0.06468531400000001	0	0	0	0	0	0	0	0.006993007	0	0	0.003496503	0	0	0	0	0	0	0	0.017482517	0	0	0	0	0.001748252	0	0.008741259	0	0	0	0.001748252	0.003496503	0	0	0.054195804	0	0.431818182	0.001748252	0.01048951	0	0.001748252	0	0.085664336	0.019230769	0.022727273	0.022727273	0	0.033216783	0.036713287	0	0.047202797	0	0	0	0	0.003496503	0.008741259	0	0	0	0	0	0	0	0	0	0	0	0	0	0	0	0	0	0
CRC.174	0	0.069666183	0	0	0.069666183	0.01161103	0	0	0	0	0	0.07402032	0	0.001451379	0	0	0	0	0	0	0.001451379	0	0	0	0	0	0	0	0.002902758	0	0.008708273	0	0	0	0	0.11320754699999999	0	0.004354136	0	0	0	0.056603774	0.015965167	0	0	0.094339623	0.005805515	0.108853411	0.018867925	0.018867925	0	0.005805515	0	0.010159652	0.017416546	0.010159652	0.050798258	0	0.063860668	0.029027576	0.075471698	0.053701016	0	0	0	0	0	0.001451379	0	0	0	0	0	0	0	0	0	0	0	0.001451379	0	0	0	0	0	0.002902758
CRC.113	0	2.23264e-4	0	0	0.036392052	0.001339585	0.003348962	0.004018754	0	0	0	0.09131502500000001	0	0.001116321	0	0	6.69792e-4	6.69792e-4	0	0.10939942	0	0	0	0.002902434	0	0	0.005358339	0	0	0	0.010493414	0	0.146238	0	8.93056e-4	0.004242019	0	4.46528e-4	0	0	0	0.008707301	0.013395847	0	0.071667783	0.022996205	0	0.038401429	4.46528e-4	0.023889261	0	0	0	8.93056e-4	0.167894619	0.01518196	0.027908015	0	6.69792e-4	0.04822505	0	0.045769145	0.001562849	6.69792e-4	0	0	0.010493414	0	0	0	0	0	0	0	0	0.001339585	0	0	0	0.066979236	0	0	0	0	0.002679169	0
CRC.211	0	0.185897436	1.7325e-4	0	0.045911296	0.039501038999999995	5.19751e-4	0	0	0	3.465e-4	0.072591823	0	0.001559252	1.7325e-4	1.7325e-4	3.465e-4	0	0	5.19751e-4	6.93001e-4	0	0.001386001	0	0	0	0	3.465e-4	0	0	1.7325e-4	0.004158004	0	0	0	0.002079002	1.7325e-4	1.7325e-4	0	0	0	0.00987526	0.006237006	1.7325e-4	0	0.045045045	3.465e-4	0.124220374	0.014033264	0.012820513	0	0.013167013	0	0.005890506	0.011261261	0.048856549	0.037768538	0	0.031185031	0.199237699	0.042099792	0.022002772	0	0	0	0	0.01004851	0	0	0	5.19751e-4	0	0	0	0	0	0	0	0	0.001212751	0	0	0	0.005544006	0	0
CRC.239	0	0.014180025	0	0	0.039149199	0.004623921	0	0	0	0.002466091	0	0.036374846	3.08261e-4	0.024660912	3.08261e-4	0.001541307	0	3.08261e-4	0.065351418	0.00431566	0.004623921	3.08261e-4	0	0.001233046	0	0.00215783	0	3.08261e-4	9.24784e-4	0	3.08261e-4	0.001233046	0	0.001849568	0	0.002774352	0	0	6.16523e-4	0	0.001541307	0.047163995	0.008323058	0	0	0.069050555	9.24784e-4	0.053020962	0.005548705	0.005548705	0	0.005548705	0	0.004623921	0.021578298	0.138717633	0.099260173	0	0.057644883	0.21054254	0.02188656	0.01972873	0.003390875	0	9.24784e-4	0	3.08261e-4	0	0	0	0	3.08261e-4	0	0	0	0	0	0	0	0.009556104000000001	0	0	0	0	0	9.24784e-4
CRC.40	0	0	0	0	0.022222222	0	0	0	0	0	0	0	0	0	0	0	0	0	0	0	0	0	0	0	0	0	0	0	0	0	0.022222222	0	0	0	0	0.088888889	0	0	0	0	0	0.088888889	0	0	0	0.088888889	0	0.222222222	0.044444444	0	0	0	0	0	0.044444444	0	0.022222222	0	0.111111111	0.044444444	0.177777778	0	0	0	0	0	0	0	0	0.022222222	0	0	0	0	0	0	0	0	0	0	0	0	0	0	0	0
CRC.161	0	0	0.001724138	0	0.119655172	0.135862069	0.00137931	0.00137931	0.001034483	6.89655e-4	0.010344828	0.014137931	0	0	3.44828e-4	0.006206897	0	0	0	0.008965517	0.002068966	0	0	3.44828e-4	0	0	3.44828e-4	0	0	0	0.002413793	0	0.006896552	0	0	0.013448276	0	3.44828e-4	0	0	0	0.020344828	0.032068966000000004	0.001724138	0.00137931	0.055172414	0	0.236206897	0.025862069	0.047241379	0.001034483	0	0	0.026551724	0.060344828	0.007586207	0.018275862	0	0.009655172	0.023103448	0	0.079310345	0	0	0.009310345	0	0.002068966	0	0	0.001724138	0	0	0	0	6.89655e-4	0	0	0	0	0.00862069	0	0	3.44828e-4	0	0	0
CRC.202	6.55451e-4	0.001310902	0	0	0.069914791	0.003714223	4.36967e-4	0	2.18484e-4	8.73935e-4	0	0.25759231	0	0.015293861	0	0.001092419	0	0.001310902	0	0.00349574	0.005680577	0	0	0	2.18484e-4	0.005243609	0	0	0	0.004369674	0	0	0	6.55451e-4	6.55451e-4	0.01463841	0	0	0	0	0	0	0.003058772	0	0	0.09919161	8.73935e-4	0.178719685	0.015293861	0.00349574	0.001092419	0.025344112	0	0.008083898	0.015512344	0.006554512	0.010924186	0	0.176316364	0.017697182	0.002840288	0.038016168	0	0	0	0	0.002184837	0	0	6.55451e-4	0	0	0.001966354	0	0.002184837	0.001310902	0	0	2.18484e-4	0	0	0	0	0	0	4.36967e-4
CRC.230	3.17813e-4	1.58907e-4	0	0	0.104560623	0.006991895	0.003019228	0	0	6.35627e-4	0	0.013348164	1.58907e-4	0.004131575	0	0	0	0	0	3.17813e-4	0.003972668	1.58907e-4	1.58907e-4	3.17813e-4	0	0	1.58907e-4	0	0	0	0	0	0	0	3.17813e-4	7.94534e-4	0	4.7672e-4	0	0	0	0.013665978	0.003972668	1.58907e-4	0	0.121563642	3.17813e-4	0.341808358	0.023359288	0.007150802	3.17813e-4	0.005561735	1.58907e-4	0.122834896	0.033052598	0.004926108	0.026219609	0	0.025901796	0.046400763	0.005561735	0.065469569	1.58907e-4	0	0	0	0.003019228	0	7.94534e-4	1.58907e-4	0	0	0	0	3.17813e-4	0.001112347	0	0	0	3.17813e-4	0	7.94534e-4	0	0	0	3.17813e-4
CRC.201	2.37643e-4	0.19581749	0	0	0.06891635	0.023288972999999998	4.75285e-4	0	0	4.75285e-4	0	0.092205323	0	2.37643e-4	0	2.37643e-4	0	7.12928e-4	0	0.012119772	0.003326996	0	0	4.75285e-4	0	0	0	0.001425856	0	0	2.37643e-4	0	2.37643e-4	2.37643e-4	0	0.001901141	0	2.37643e-4	0	0	0	0.004752852	0.001425855	9.5057e-4	0	0.073193916	9.5057e-4	0.104562738	0.026140684	0.005465779	2.37643e-4	0.001425856	0	0.019486692	0.011644487	0.003564639	0.038260456	0	0.212927757	0.023288973	0.012357414	0.04134981	0	0	0	2.37643e-4	7.12928e-4	0	0	0.001425856	0	0	0.001663498	0	4.75285e-4	0.002376426	0	0	0	0.0016634990000000001	0	0	0	0	0	0
CRC.170	0	0.027345999	0	0	0.10218768	0.032527346	8.63558e-4	0	0	2.87853e-4	5.75705e-4	0.118595279	0	8.63558e-4	0.0054692	0	0	2.87853e-4	0.018998273	0.003454231	0.00115141	0	0	2.87853e-4	0	8.63558e-4	0	0	0	0	0	0.002014968	0	0	0	0.001727116	0	2.87853e-4	0	0	0	0.014968336	0.005181347	5.75705e-4	0	0.034830167	0	0.15169833	0.0109384	0.002302821	5.75705e-4	0.001439263	0	0.00662061	0.0109384	0.039147956	0.107944732	0	0.032239493	0.151986183	0.011226252	0.026482441	0	0	0	0	8.63558e-4	0.006908463	0.041450777	0.022164652	0	0	0	0	2.87853e-4	0	0	0	0	0	0	0	0	0	0	0
CRC.196	0	4.57352e-4	0	0	0.29819346	0.001372056	0	0.011662474	0	0	0	0.0029727879999999996	0	0	0	0	0	0	0	0.038646238	0	0	0	0	0	2.28676e-4	0	0	0	0	6.86028e-4	0	0	6.86028e-4	0	4.57352e-4	0	4.57352e-4	0	0	0	0.00114338	0.002058084	0	0	0.061056483	0	0.248113423	0.002058084	0.004802195	0	9.14704e-4	0	0.001600732	0.032929339	9.14704e-4	0.005945575	0	0.001600732	0.013263206	0	0.014863938	0	0	0	6.86028e-4	0.007774983	0	0	0	0	0	0	0	6.86028e-4	4.57352e-4	0	0.012805854	0.102218157	0.045963869	0.011433798	0	0	0	0	0
CRC.19	0	3.36814e-4	0	0.006399461	0.077130347	0.0020208830000000002	6.73627e-4	6.73627e-4	0	0	0	0.047153924	0	0.006736275	0.001010441	6.73627e-4	0	0	0	3.36814e-4	0.003704951	0	3.36814e-4	3.36814e-4	0	0	0	0	0	0	0	0	0	0	6.73627e-4	0.020208824	6.73627e-4	0.006399461	0	0	0	0.006399461	0.001347255	0	0	0.10980128	0	0.282249916	0.013809363	0.040080835	0	0.01077804	0	0.044459414	0.053553385	0.009430785	0.011451667	0	0.084203436	0.047153924	0.001347255	0.051532503	0	0	0	3.36814e-4	0.00269451	0	0	0	0.004378579	0	0	0	0	3.36814e-4	0	0.022566521	0.001347255	0.011788481	0.004715392	0.001010441	0	0	0.003368137	0
CRC.194	0	0.026406998	0	0	0.025746823	0.0026407	1.65044e-4	0	0	0.001650437	0.003135831	0.195576828	0	0.001815481	9.90262e-4	0.006766793	0	0.002310612	0	0.162237993	0.010232712	0	0	1.65044e-4	0	0	0	6.60175e-4	6.60175e-4	0	1.65044e-4	0	0	0	0	6.60175e-4	0	1.65044e-4	0	0	0	0.014688893	0.002475656	0	0	0.093249711	0	0.054794521	0.008582274	0.003465918	0	1.65044e-4	0	0.012213237	0.005776531	0.044231721	0.055949827	0	0.183363591	0.044231721	0.001980525	0.017164549	0	0	0	3.30087e-4	0.001155306	0	0	4.95131e-4	0	3.30087e-4	8.25219e-4	0.001815481	3.30087e-4	0.0052814	0	0	1.65044e-4	0	0	1.65044e-4	0	0.001650437	0	0
CRC.177	0	0.006105006	0	0	0.028998779	0.001221001	0	0	0	0.019230769	0	0.427350428	0	6.10501e-4	0	0.001831502	3.0525e-4	0	0	0.002442002	0.003357753	0	0	0	0.001221001	9.15751e-4	0	0	0	0	0.005799756	0	0	0	0	3.0525e-4	0	0.002442002	0	0	0	0.017704518	0.001221001	6.10501e-4	0	0.065018315	0.001526252	0.073260073	0.003357753	0.003663004	0.007326007	0.002136752	0	0.015567766	0.01984127	0.072344322	0.031746032	0	0.057692308	0.077838828	0.001221001	0.031746032	0.001831502	0	0	0	0.006105006	0	0	3.0525e-4	0	0	0	3.0525e-4	3.0525e-4	0.001526252	0	0	0	0	0	0	0	0	0	0
CRC.193	3.64498e-4	0.014762165	0	0	0.070712593	0	3.64498e-4	1.82249e-4	0	1.82249e-4	0.003098232	0.149079643	0	0.005102971	0.0043739750000000004	0	0	5.46747e-4	0.060324403	0.030253326	0.009476946	0	0	0.008018954	0.001640241	0.002186987	0	0	0	0	1.82249e-4	5.46747e-4	0	5.46747e-4	0	0.0038272280000000002	0.004556224	1.82249e-4	0	0	0	0.026790596	0.007654456	0	0	0.06779661	0.00182249	0.067249862999999993	0.004738473	0.0087479500000000009	3.64498e-4	0.01038819	0	0.069072353	0.016220157	0.1738655	0.029706579	0.001640241	0.024056862	0.077820303	9.11245e-4	0.023510115	5.46747e-4	0	0	0	0	0	0.003280481	9.11245e-4	0	9.11245e-4	0	0.001275743	0.004738473	0.002186987	0	0	0	0	0	0	0	0	0	0
